<?xml version="1.0" encoding="UTF-8"?>
<kml xmlns="http://www.opengis.net/kml/2.2" xmlns:gx="http://www.google.com/kml/ext/2.2" xmlns:kml="http://www.opengis.net/kml/2.2" xmlns:atom="http://www.w3.org/2005/Atom">
<Document>
	<name>talud_200m.kml</name>
	<Schema name="Batimetry" id="Batimetry">
		<SimpleField type="float" name="ID"></SimpleField>
		<SimpleField type="float" name="CONTOUR"></SimpleField>
		<SimpleField type="float" name="Shape_Leng"></SimpleField>
	</Schema>
	<Placemark>
		<name>200m</name>
		<Style>
			<LineStyle>
				<color>ff0000ff</color>
			</LineStyle>
			<PolyStyle>
				<fill>0</fill>
			</PolyStyle>
		</Style>
		<ExtendedData>
			<SchemaData schemaUrl="#Batimetry">
				<SimpleData name="ID">76534</SimpleData>
				<SimpleData name="CONTOUR">-200.00000000000</SimpleData>
				<SimpleData name="Shape_Leng">65.04313752200</SimpleData>
			</SchemaData>
		</ExtendedData>
		<MultiGeometry>
			<LineString>
				<coordinates>
					-47.12234198369549,-27.2230068463888,0 -47.1224433669678,-27.2233329999179,0 -47.1231489336763,-27.2268522872033,0 -47.1238886800185,-27.2305546800544,0 -47.12444531989551,-27.2333329997181,0 -47.12543164865159,-27.2345677410084,0 -47.12666699968221,-27.2361113202812,0 -47.1304340897614,-27.2395652996988,0 -47.1345454178367,-27.2433330004176,0 -47.1356513753107,-27.244348014849,0 -47.1366670003817,-27.2452775801961,0 -47.1392597737195,-27.2459263834958,0 -47.14311231288289,-27.2468889080966,0 -47.1466670001819,-27.247777580371,0 -47.14969678557819,-27.2503032148215,0 -47.1505878986126,-27.2533330002178,0 -47.1501753004497,-27.2568413004856,0 -47.1494111402119,-27.26333300001791,0 -47.1518623125956,-27.268138298044,0 -47.1522651441211,-27.2689317545967,0 -47.1545087970433,-27.273332999818,0 -47.1555439526912,-27.2744560471089,0 -47.156666999982,-27.2759526287108,0 -47.159999519662,-27.2799998701978,0 -47.16274610135141,-27.2833329996182,0 -47.16462598480129,-27.2853740154983,0 -47.16666699978219,-27.2880955735519,0 -47.1699262777755,-27.2900737223244,0 -47.1740009845577,-27.2933330003177,0 -47.17533399207,-27.29466661846959,0 -47.1766669995823,-27.2971428144892,0 -47.1785517654516,-27.3014494546286,0 -47.17937451921859,-27.3033330001178,0 -47.1823457110856,-27.307654289314,0 -47.1853315511102,-27.3119987711264,0 -47.1862495196995,-27.313332999918,0 -47.1863764724962,-27.3136229170639,0 -47.1866670002818,-27.315557121364,0 -47.1875312577613,-27.3224687422386,0 -47.187638679981,-27.3233329997181,0 -47.1877778401752,-27.3244438396115,0 -47.1886420976546,-27.3313579021454,0 -47.1888886800685,-27.3333330004176,0 -47.1894257893687,-27.3360911788648,0 -47.19036573019419,-27.33963304902599,0 -47.19096875800179,-27.3433330002177,0 -47.1911518635676,-27.3478178635036,0 -47.19122754691369,-27.348773673766,0 -47.1913984450821,-27.3533330000179,0 -47.1913984450821,-27.3633329998181,0 -47.1930512775943,-27.3669493329453,0 -47.1951704175806,-27.3718364180162,0 -47.19583203891741,-27.3733329996182,0 -47.1961543046773,-27.3738463056624,0 -47.196667000082,-27.3747374186969,0 -47.2003510818369,-27.3796489176634,0 -47.2031147542424,-27.3833330003177,0 -47.20463574974,-27.3853636398201,0 -47.2066669998821,-27.3880705488168,0 -47.20916700005699,-27.3908336105826,0 -47.2114277418967,-27.3933330001178,0 -47.2138227615112,-27.3961784586689,0 -47.2166669996823,-27.3995604167798,0 -47.2183906331212,-27.4016093673783,0 -47.219840827692,-27.403332999918,0 -47.22268506676241,-27.4073149335373,0 -47.2266670003817,-27.4128898848602,0 -47.2268696365244,-27.4131315839554,0 -47.22703565227351,-27.4133329997181,0 -47.2288837968497,-27.4155504068258,0 -47.2314130933395,-27.4185856852811,0 -47.2353706130633,-27.4233330004176,0 -47.23596631679199,-27.4240330731677,0 -47.23666700018191,-27.4251286542639,0 -47.24034375785809,-27.4296550212622,0 -47.24259229319969,-27.4333330002177,0 -47.2441938553621,-27.4358049235583,0 -47.24666699998199,-27.4400004803379,0 -47.24793164822691,-27.4420689615133,0 -47.2487031325435,-27.4433330000179,0 -47.25183545684079,-27.4481645429593,0 -47.25231885503111,-27.4489842453266,0 -47.2549433672426,-27.453332999818,0 -47.25562451915621,-27.4543748698043,0 -47.2566669997822,-27.4560362467753,0 -47.2595698323818,-27.4604301679179,0 -47.26132276213571,-27.4633329996182,0 -47.2631025465453,-27.4668962322752,0 -47.2654536207879,-27.4721202312636,0 -47.2660224689617,-27.4733330003177,0 -47.26620557452761,-27.4737956466518,0 -47.26666699958231,-27.4750004800881,0 -47.2693525469824,-27.4806486739971,0 -47.27058789801299,-27.4833330001178,0 -47.27253369907089,-27.4874663004294,0 -47.274074226944,-27.4907396159405,0 -47.27529492981711,-27.493332999918,0 -47.2757197344781,-27.4942790453416,0 -47.2766670002818,-27.4963768228321,0 -47.2788300856399,-27.50117113474,0 -47.2798042069985,-27.5033329997181,0 -47.2818061599263,-27.5081944505134,0 -47.2819990312303,-27.5086656413063,0 -47.2839228591526,-27.5133330004176,0 -47.28459180456811,-27.51540697465211,0 -47.2862080157873,-27.5228727946437,0 -47.2863325269245,-27.5233330002177,0 -47.2863886796937,-27.5236107099662,0 -47.28666700008189,-27.5250004808875,0 -47.2880561603635,-27.531944450376,0 -47.28833448075159,-27.5333330000179,0 -47.2908320392672,-27.5374986498427,0 -47.29145948007091,-27.53854174020911,0 -47.2943330154562,-27.5433329998181,0 -47.2952094803332,-27.5447917406462,0 -47.2966669998821,-27.5472227709141,0 -47.29922559358621,-27.5507750165537,0 -47.3010664140837,-27.5533329996182,0 -47.3033540114784,-27.5566472091014,0 -47.30666699968219,-27.5618187173599,0 -47.307262703411,-27.5627385178682,0 -47.30759229324971,-27.5633330003176,0 -47.30809522291621,-27.5647606120126,0 -47.3099531332305,-27.5700456461896,0 -47.31111035925559,-27.5733330001178,0 -47.3123188556306,-27.5776811448689,0 -47.3128193436378,-27.5794859538137,0 -47.3138886798187,-27.583332999918,0 -47.314445320595,-27.5855559000847,0 -47.3159760818307,-27.5926426927061,0 -47.3161396559203,-27.5933329997181,0 -47.31622510590389,-27.593774894196,0 -47.3166670003817,-27.5960631022303,0 -47.317843757883,-27.6021568526566,0 -47.31807080882071,-27.6033330004176,0 -47.3183320393921,-27.6049992598079,0 -47.3192426839027,-27.6107579264371,0 -47.3196479570875,-27.6133330002177,0 -47.3202070386239,-27.61687425973919,0 -47.32060498862929,-27.6193937913903,0 -47.3212275470136,-27.6233330000179,0 -47.3219697341159,-27.6280302651845,0 -47.32208203875511,-27.6287492596705,0 -47.3228071369398,-27.633332999818,0 -47.3226289137933,-27.637370475567,0 -47.3224799878611,-27.6391465988364,0 -47.322311531352,-27.6433329996182,0 -47.32152783963811,-27.6481938397739,0 -47.3215058674018,-27.6484947430379,0 -47.3208320386676,-27.6533330003177,0 -47.3201142654609,-27.6567808760366,0 -47.3192988357726,-27.6607017744673,0 -47.3187495199743,-27.6633330001178,0 -47.3184321366338,-27.66509752662949,0 -47.3170063550592,-27.6729942549808,0 -47.3169453198706,-27.673332999918,0 -47.31688916800071,-27.6735551675369,0 -47.3166670003817,-27.6749974282886,0 -47.3154755938236,-27.6821422037996,0 -47.31527784010021,-27.6833329997181,0 -47.3148139724868,-27.6851854169734,0 -47.3133344807017,-27.6899992594582,0 -47.3126191482551,-27.6933330004176,0 -47.3116181722408,-27.6982829507975,0 -47.3115913166858,-27.6984080734738,0 -47.310595223091,-27.7033330002178,0 -47.31045850365701,-27.7071257245725,0 -47.3103706129134,-27.7096299974264,0 -47.3102387776974,-27.7133330000179,0 -47.3101557693732,-27.7168211590692,0 -47.3100410230747,-27.7199583657859,0 -47.3099604573092,-27.7233329998181,0 -47.3099384841736,-27.7266050949492,0 -47.3098969804612,-27.7301036294789,0 -47.309877448985,-27.7333329996182,0 -47.30999951936229,-27.7366661299379,0 -47.3101191480802,-27.7398808519197,0 -47.3102461017762,-27.7433330003176,0 -47.3105073323475,-27.7471733320835,0 -47.31059278143171,-27.7494072183684,0 -47.3108759842393,-27.7533330001178,0 -47.3117231519019,-27.758277458338,0 -47.3117597731949,-27.7584263833709,0 -47.3127265704748,-27.763332999918,0 -47.3129511797531,-27.7670475992672,0 -47.31311719550209,-27.7697838054782,0 -47.31333203904229,-27.7733329997181,0 -47.313173347372,-27.7768254314485,0 -47.31304395291609,-27.7797093432116,0 -47.312877937167,-27.7833330004176,0 -47.3135224686869,-27.7864781418527,0 -47.3166670003817,-27.7916673505677,0 -47.3174604569345,-27.7925395427657,0 -47.3181806718005,-27.7933330002177,0 -47.3216669998321,-27.7983336103078,0 -47.3251508871037,-27.8033330000179,0 -47.3255293047336,-27.8044700848265,0 -47.3266670001819,-27.8071806558625,0 -47.3284443438313,-27.8115556561685,0 -47.32924756612231,-27.813332999818,0 -47.3316669996323,-27.81833360990809,0 -47.33408643404161,-27.8233329996182,0 -47.33492627762559,-27.8250725015946,0 -47.336666999982,-27.8286680828657,0 -47.33796338710059,-27.8320372238388,0 -47.3384614334483,-27.8333330003177,0 -47.33812451953091,-27.8347911296069,0 -47.336666999982,-27.8411082689314,0 -47.3361665119749,-27.8428325121107,0 -47.33602002770211,-27.84333300011779,0 -47.3357563554714,-27.8442430339888,0 -47.3339155349739,-27.8505827561892,0 -47.3331171951024,-27.853332999918,0 -47.332265144121,-27.8577336344996,0 -47.33201612094721,-27.8586815109429,0 -47.3312617264475,-27.8633329997181,0 -47.33120069125891,-27.8678654704151,0 -47.3313276449548,-27.8686735760247,0 -47.33128125792361,-27.8733330004176,0 -47.33102979309039,-27.8776957933262,0 -47.330951668085,-27.879047721675,0 -47.3307050856711,-27.8833330002178,0 -47.3304853597115,-27.8871507491077,0 -47.3303388754387,-27.8896599043811,0 -47.33012891431791,-27.8933330000179,0 -47.3303388754387,-27.8970060956548,0 -47.3304853597115,-27.8995152509281,0 -47.3307050856711,-27.903332999818,0 -47.3320405348427,-27.907960075597,0 -47.3323408283665,-27.9090080483827,0 -47.3335883867946,-27.9133329996182,0 -47.33427930444629,-27.9157213057936,0 -47.3363960036726,-27.9230620040082,0 -47.33647412867799,-27.9233330003177,0 -47.3365180740498,-27.9234825359902,0 -47.336666999982,-27.9241044846342,0 -47.3385127028989,-27.931487297201,0 -47.3388886797687,-27.93333300011779,0 -47.3399995196621,-27.9366655197979,0 -47.34083203916731,-27.9391667403527,0 -47.3422211994488,-27.943332999918,0 -47.3433320393421,-27.946666739978,0 -47.3449995191125,-27.9516655199478,0 -47.34583448027699,-27.9541667405026,0 -47.34666699978209,-27.9566679610575,0 -47.34833203879249,-27.9616667401279,0 -47.3488886795689,-27.9633330004176,0 -47.3489741286531,-27.9656401292885,0 -47.34916699995701,-27.9708336106825,0 -47.34925977312,-27.9733330002177,0 -47.349000984208,-27.9756663740039,0 -47.3483344804519,-27.9816667406275,0 -47.3481489332266,-27.9833330000179,0 -47.3480000081938,-27.9846660075302,0 -47.3470844803645,-27.9929167405151,0 -47.3470380933333,-27.9933329998181,0 -47.346979499804,-27.9936454998399,0 -47.34666699978209,-27.9953312907065,0 -47.3454169996947,-28.0020830004301,0 -47.3451850663377,-28.0033329996182,0 -47.3441279375542,-28.0058732831255,0 -47.34281446061879,-28.0094810708946,0 -47.3408881910372,-28.0133330003177,0 -47.33930616035099,-28.015971550047,0 -47.336666999982,-28.0203691332289,0 -47.335614753618,-28.0222801431141,0 -47.33503369894601,-28.0233330001178,0 -47.3330293043589,-28.026970695741,0 -47.3320625079783,-28.0287272875343,0 -47.3295234457504,-28.0333329999179,0 -47.3282661206849,-28.0349327310606,0 -47.3266670001819,-28.0360777505877,0 -47.3228730545478,-28.039537833704,0 -47.31785596528059,-28.0433329997181,0 -47.3172627032111,-28.0439280928072,0 -47.3166670003817,-28.0443132247755,0 -47.31195020283959,-28.0486149824954,0 -47.3096308674705,-28.050369743269,0 -47.30666699968219,-28.0526664957621,0 -47.3058662190507,-28.0533330004176,0 -47.3010273511313,-28.0576933516668,0 -47.2966669998821,-28.0610002361719,0 -47.2953144608936,-28.0619804612293,0 -47.2930781329495,-28.0633330002178,0 -47.2903169022032,-28.066982902339,0 -47.28666700008189,-28.0709092938288,0 -47.2846162184637,-28.0733330000179,0 -47.28375684340359,-28.0762419354169,0 -47.2829878007464,-28.0796550217618,0 -47.2816669997322,-28.083332999818,0 -47.28151563304,-28.0881816325763,0 -47.2813715895272,-28.0886271890935,0 -47.2811103589559,-28.0933329996182,0 -47.281903816408,-28.0980949629122,0 -47.2819990312303,-28.098666251846,0 -47.2827778396256,-28.1033330003177,0 -47.2816669997322,-28.1083329997681,0 -47.2804169996448,-28.1133330001178,0 -47.2792768634365,-28.1159416428924,0 -47.2766670002818,-28.1199998704976,0 -47.2752387770479,-28.1219041669437,0 -47.2741670001069,-28.123332999918,0 -47.2709516683847,-28.1276188891004,0 -47.26666699958231,-28.1333329997181,0 -47.2743134843798,-28.13568590498051,0 -47.2766670002818,-28.1364097818859,0 -47.28111280061519,-28.1377775796715,0 -47.28195996917721,-28.1380388102428,0 -47.28666700008189,-28.1394871746933,0 -47.2892085039692,-28.1407908858906,0 -47.292023444926,-28.1433330004176,0 -47.2939008867165,-28.1460991135832,0 -47.2966669998821,-28.1520006024458,0 -47.2970918045431,-28.152907584917,0 -47.2972919999258,-28.1533330002177,0 -47.2978413166234,-28.1545085373391,0 -47.30028272236971,-28.1597166668906,0 -47.3019795002537,-28.1633330000179,0 -47.3033320392422,-28.166666740078,0 -47.3056123125581,-28.1722795330739,0 -47.30604199963851,-28.1733329998181,0 -47.30621289870631,-28.173787712333,0 -47.30666699968219,-28.1750010911274,0 -47.3090473711392,-28.1809526290605,0 -47.30999951936229,-28.1833329996182,0 -47.3105878981129,-28.1872538980489,0 -47.31111035925559,-28.1888890301046,0 -47.3115546953928,-28.1933330003177,0 -47.3113471759314,-28.1980131756675,0 -47.3113178787171,-28.198682121083,0 -47.31111035925559,-28.2033330001178,0 -47.3113178787171,-28.2079838791527,0 -47.311371589827,-28.2086278000329,0 -47.311564461131,-28.2133329999179,0 -47.3120380935831,-28.2179631270966,0 -47.3121015704311,-28.2187675706668,0 -47.3125483473283,-28.2233329997181,0 -47.3129829177274,-28.2270176921128,0 -47.31333203904229,-28.2299992594582,0 -47.313725105729,-28.2333330004176,0 -47.31466748821401,-28.2353331223257,0 -47.3166670003817,-28.2395842203355,0 -47.3178510819618,-28.2421489177383,0 -47.3183637773664,-28.2433330002177,0 -47.3193940505949,-28.2460588300509,0 -47.32069287847349,-28.2493071210268,0 -47.3221040118906,-28.2533330000179,0 -47.32320020272709,-28.2567997965733,0 -47.3246137769042,-28.2612809978198,0 -47.32526319174291,-28.263332999818,0 -47.3253559649058,-28.2646452554741,0 -47.3259126056822,-28.2725773847385,0 -47.3259638751327,-28.2733329996182,0 -47.3259248121803,-28.2740739672398,0 -47.3255000075193,-28.2821660076551,0 -47.3254389723307,-28.2833330003177,0 -47.32540479269699,-28.2845952069032,0 -47.3250410232246,-28.2917070231605,0 -47.3249995195122,-28.2933330001178,0 -47.3248798907943,-28.2951188882261,0 -47.3244795000289,-28.301145499765,0 -47.32433301575611,-28.303332999918,0 -47.3233320388425,-28.306666739978,0 -47.3224433674674,-28.309110588283,0 -47.3213886794439,-28.3133329997181,0 -47.3201020589628,-28.3167668379192,0 -47.31862744959709,-28.3213725512022,0 -47.3179487384435,-28.3233330004176,0 -47.3175922930499,-28.3242582930857,0 -47.3166670003817,-28.3266655191983,0 -47.3147627030362,-28.3314274824923,0 -47.31410352335891,-28.3333330002177,0 -47.314999519712,-28.3350004808875,0 -47.3166670003817,-28.3380961838917,0 -47.318554207011,-28.3414445721093,0 -47.3197651441461,-28.3433330000179,0 -47.3228071369398,-28.34719164288,0 -47.3266670001819,-28.3511113200313,0 -47.3278339919451,-28.3521672284348,0 -47.329123054985,-28.3533329998181,0 -47.3330830154687,-28.3569169843313,0 -47.336666999982,-28.3601591716084,0 -47.3383320389923,-28.3616667402279,0 -47.3401753011492,-28.3633329996182,0 -47.34377637458001,-28.3662236248204,0 -47.34666699978209,-28.3686967694403,0 -47.34920606290941,-28.3707939371904,0 -47.3522797927782,-28.3733330003176,0 -47.35475782071681,-28.3752421800825,0 -47.3566669995823,-28.3768059005718,0 -47.3603095785242,-28.3796904220753,0 -47.36491162886849,-28.3833330001178,0 -47.365902840044,-28.3840971603556,0 -47.3666670002818,-28.3847221603993,0 -47.3693354569657,-28.3860002364218,0 -47.37256299608541,-28.387435782835,0 -47.376667000082,-28.3896830977967,0 -47.3787397539364,-28.3912614664435,0 -47.3807026448111,-28.393332999918,0 -47.3827583088488,-28.3972416918506,0 -47.3851850664376,-28.4018510662737,0 -47.3859638748329,-28.4033329997181,0 -47.3859638748329,-28.41333300041761,0 -47.3859834063091,-28.4140165939906,0 -47.3864765702375,-28.42314257057309,0 -47.38648145355619,-28.4233330002177,0 -47.3866669998821,-28.4266704023171,0 -47.3870185628563,-28.432982658323,0 -47.3870380934332,-28.4333330000179,0 -47.386823249893,-28.43349047040889,0 -47.3866669998821,-28.4335991130086,0 -47.385714851659,-28.434285148241,0 -47.38100782075429,-28.4376738206902,0 -47.376667000082,-28.4408000412888,0 -47.37519483237559,-28.4418596117317,0 -47.3731489331767,-28.443332999818,0 -47.3693794023375,-28.4460466231531,0 -47.3666670002818,-28.4479997482897,0 -47.36400098435791,-28.4506669845936,0 -47.361334968434,-28.4533329996182,0 -47.359081550673,-28.4557463303289,0 -47.3566669995823,-28.4587175212965,0 -47.3546992262882,-28.4613664474036,0 -47.35333448080161,-28.4633330003177,0 -47.35128125752401,-28.4679484784395,0 -47.3506660232184,-28.4693327563016,0 -47.3488886795689,-28.4733330001178,0 -47.348280769342,-28.4749455483983,0 -47.34666699978209,-28.4799992598579,0 -47.34583448027699,-28.4824992600328,0 -47.3455561598888,-28.483332999918,0 -47.3448798903946,-28.4851188889255,0 -47.3430293050583,-28.4896965253743,0 -47.34176953923279,-28.4933329997181,0 -47.3413837966249,-28.4980497972603,0 -47.3413471753319,-28.4986528241685,0 -47.34098096509939,-28.50333300041761,0 -47.3427607504083,-28.5072392497915,0 -47.3456782302661,-28.5123442307016,0 -47.3462055738281,-28.5133330002178,0 -47.3463496173409,-28.513650382659,0 -47.34666699978209,-28.5143596114069,0 -47.3492890703343,-28.5207121507451,0 -47.3506904371139,-28.5233330000179,0 -47.3525385816902,-28.52746019753,0 -47.3539570391859,-28.5306242598017,0 -47.3551728596397,-28.533332999818,0 -47.3558784254489,-28.5341215739514,0 -47.3566669995823,-28.5350004804877,0 -47.3610444415477,-28.5389555585521,0 -47.3639521565667,-28.5406169355231,0 -47.3666670002818,-28.5423417893421,0 -47.3672724688493,-28.5427275310507,0 -47.3683344800522,-28.5433329996182,0 -47.3735590896802,-28.54644091002,0 -47.376667000082,-28.5482878342161,0 -47.37975293734809,-28.5502482834315,0 -47.385150886804,-28.5533330003176,0 -47.3861005933676,-28.5538981855528,0 -47.3866669998821,-28.5542338790902,0 -47.3891377028427,-28.5558037032782,0 -47.392204109532,-28.5577958904679,0 -47.3966669996822,-28.56041674064,0 -47.39873242945799,-28.5612687907221,0 -47.4036640705404,-28.5633330001178,0 -47.4057856521861,-28.5642131270341,0 -47.4066670003817,-28.5644963298417,0 -47.40833448015211,-28.5650004807875,0 -47.4134516675604,-28.56654833184,0 -47.41666700018191,-28.5675200115393,0 -47.4211298903321,-28.5688688884884,0 -47.4226679765458,-28.5693339764818,0 -47.42666699998199,-28.5705436932368,0 -47.42913282052321,-28.5708684006561,0 -47.4349702227975,-28.5716374433133,0 -47.4366669997822,-28.5718608322116,0 -47.4385297934152,-28.5714714275643,0 -47.4437177808509,-28.5703850015665,0 -47.44666699958231,-28.5697673265009,0 -47.45117627766301,-28.5688237227366,0 -47.4519868240326,-28.5686540449482,0 -47.4566670002818,-28.5676750411702,0 -47.4601899496064,-28.5668559494425,0 -47.4639936600793,-28.5660075605005,0 -47.4666670000819,-28.5653947678542,0 -47.4681586992645,-28.5648246993004,0 -47.4713227615362,-28.5633330001178,0 -47.4747895589909,-28.5614543379473,0 -47.4766669998821,-28.5603239665778,0 -47.4811958085397,-28.5578618089752,0 -47.48341016424761,-28.55658983575229,0 -47.48666699968229,-28.5547477948748,0 -47.48758252751159,-28.5542485272477,0 -47.4892597730201,-28.5533330003176,0 -47.49408643354201,-28.5507524334779,0 -47.4966670003817,-28.5492924722697,0 -47.5016254961197,-28.5482914962555,0 -47.5017304766801,-28.5482695231199,0 -47.5066670001819,-28.5472722091451,0 -47.5103461995175,-28.54701219895381,0 -47.513334480302,-28.5466667405776,0 -47.516666999982,-28.5464103924256,0 -47.5193598714608,-28.546025871097,0 -47.5249091876089,-28.5450895914115,0 -47.5266669997822,-28.5448271404601,0 -47.5281977619171,-28.5448625413732,0 -47.53497998833569,-28.5450187913841,0 -47.5366669995823,-28.5450578534371,0 -47.539608894235,-28.5462748942709,0 -47.5425214925728,-28.5474797286066,0 -47.5466670002818,-28.5491960370674,0 -47.549523444951,-28.5504765547491,0 -47.555236336088,-28.5533330003176,0 -47.5561787185729,-28.5538212809273,0 -47.556667000082,-28.5540739670399,0 -47.5582075270557,-28.5548723069114,0 -47.5627631912682,-28.5572355876522,0 -47.5666669998821,-28.5592595137155,0 -47.568910651905,-28.5610881268155,0 -47.57166700023181,-28.5633330001178,0 -47.5746894606501,-28.56530931877,0 -47.5766669996822,-28.5666008225698,0 -47.5807392657045,-28.569261955175,0 -47.5860981522079,-28.5727641526435,0 -47.5866670003817,-28.5731352461946,0 -47.5867841874402,-28.5732158128594,0 -47.5869404374512,-28.573332999918,0 -47.5924897535992,-28.5775102465007,0 -47.59666700018191,-28.5812224041906,0 -47.59776563267771,-28.5822355876023,0 -47.5989545975766,-28.5833329997181,0 -47.6029682691702,-28.5870329509099,0 -47.60666699998199,-28.5904448159754,0 -47.6081879963789,-28.5918132244008,0 -47.6098750076255,-28.5933330004176,0 -47.61297559394851,-28.5970244062513,0 -47.6166669997822,-28.6014225991736,0 -47.6175385822397,-28.6024614177602,0 -47.6182710036039,-28.6033330002177,0 -47.61894727309809,-28.6056132735337,0 -47.6201899491068,-28.60981005069319,0 -47.6212348713922,-28.6133330000179,0 -47.62280713634019,-28.61719286326,0 -47.623634773426,-28.6203019940418,0 -47.6246455151783,-28.623332999818,0 -47.6252924883576,-28.6247075119421,0 -47.62666699958229,-28.628096183492,0 -47.6284126052575,-28.6315873948424,0 -47.6291377034422,-28.6333329996182,0 -47.6323432694263,-28.6376555100937,0 -47.6362299882234,-28.64289598825919,0 -47.6365546956426,-28.6433330003177,0 -47.63660108177449,-28.6433976975457,0 -47.6366670002818,-28.6434855882893,0 -47.6373359456973,-28.6440031661132,0 -47.6422211988492,-28.6477775802711,0 -47.6466670000819,-28.6512126388521,0 -47.6477778399753,-28.6522221602245,0 -47.64869580856471,-28.6533330001178,0 -47.6519648513967,-28.6580339273239,0 -47.653332039442,-28.6599980394779,0 -47.65565137481099,-28.6633329999179,0 -47.6561762776131,-28.663822501807,0 -47.6566669998821,-28.6642790453416,0 -47.6613520585506,-28.6686479410496,0 -47.66637647279591,-28.6733329997181,0 -47.6666669996823,-28.6735637126951,0 -47.66703809413271,-28.6737040941686,0 -47.6737495196246,-28.6762504804752,0 -47.6766670003817,-28.6773564379492,0 -47.6808100664314,-28.6791899334686,0 -47.68453565189879,-28.6812004317545,0 -47.6866670001819,-28.6822807540535,0 -47.6872773511688,-28.6827226485314,0 -47.68787793731691,-28.6833330004176,0 -47.6918330153813,-28.688166984119,0 -47.6933295978826,-28.6899968184983,0 -47.6960590897551,-28.6933330002178,0 -47.6963544999601,-28.6936455002396,0 -47.696666999982,-28.6939787521177,0 -47.7010761799217,-28.6989225996982,0 -47.7043989338637,-28.7033330000179,0 -47.7054292070922,-28.7045695723278,0 -47.7066669997822,-28.706215079862,0 -47.70992139445671,-28.7100773847634,0 -47.7121211020072,-28.713332999818,0 -47.7141572345687,-28.715842765731,0 -47.7166669995823,-28.7192656169146,0 -47.71852735155599,-28.7214726485439,0 -47.7197822340628,-28.7233329996182,0 -47.7228681722283,-28.727133048951,0 -47.7266670002818,-28.7323173752466,0 -47.7271137771791,-28.7328874438005,0 -47.7274262772009,-28.7333330003177,0 -47.7288081134037,-28.7354741134395,0 -47.7310517654266,-28.7389482340737,0 -47.7338813554401,-28.7433330001178,0 -47.7349751055166,-28.7450261150631,0 -47.73666700008191,-28.7476481856152,0 -47.73908399193271,-28.7509172284473,0 -47.74086866056021,-28.753332999918,0 -47.74337354315449,-28.7566252362656,0 -47.7466669998821,-28.7607414476597,0 -47.74783399254459,-28.7621672283349,0 -47.7487885824271,-28.7633329997181,0 -47.7531538160957,-28.766847404584,0 -47.7566669996822,-28.76967577331819,0 -47.7585786211064,-28.7714225993734,0 -47.7602387776974,-28.7733330004176,0 -47.76323926587929,-28.7767619552999,0 -47.7666670003817,-28.7811601482222,0 -47.76777051529699,-28.7822307047832,0 -47.76874951997431,-28.7833330002177,0 -47.77666700018191,-28.7915947184215,0 -47.7775483474782,-28.7924504314422,0 -47.77833203919221,-28.7933330000179,0 -47.7821894607749,-28.7978105392249,0 -47.786666999982,-28.8030107340581,0 -47.78682080833359,-28.8031779710864,0 -47.7869453203702,-28.8033329998181,0 -47.7874995194872,-28.8041655193232,0 -47.79083448082659,-28.8091667400529,0 -47.7936103597303,-28.8133329996182,0 -47.7948017653891,-28.8151982340112,0 -47.7966669997822,-28.817916740665,0 -47.799555183325,-28.8204448167749,0 -47.80285596503071,-28.8233330003177,0 -47.8047382892406,-28.8252604902793,0 -47.80666699958229,-28.8275444256347,0 -47.809506355334,-28.8304948656455,0 -47.8119038166078,-28.8333330001178,0 -47.8136811602573,-28.8363188401423,0 -47.8166670002818,-28.8416679609076,0 -47.8172724688493,-28.8427275313504,0 -47.8176191485048,-28.8433329999179,0 -47.8190180745245,-28.8456840741607,0 -47.82101514413349,-28.8489860762464,0 -47.8234834063341,-28.8533329997181,0 -47.8247211990241,-28.855277580396,0 -47.826667000082,-28.8587187417764,0 -47.82811231223341,-28.8618876873668,0 -47.828734871517,-28.8633330004176,0 -47.8328657301693,-28.8671354905104,0 -47.8366669998821,-28.8715483315902,0 -47.8376142656858,-28.8723857344141,0 -47.8385175861177,-28.8733330002178,0 -47.8427021558797,-28.8772978440202,0 -47.8466669996823,-28.8825004805127,0 -47.8470771561858,-28.8829228435144,0 -47.8474067460245,-28.8833330000179,0 -47.8521626056197,-28.8878373947799,0 -47.85533155121009,-28.8919963302664,0 -47.85638867999349,-28.893332999818,0 -47.8565424883451,-28.8934575118546,0 -47.85666700038171,-28.8935576090963,0 -47.8575581134161,-28.8942241128525,0 -47.8623750082,-28.8976249917999,0 -47.8666670001818,-28.9020830004301,0 -47.8672236409582,-28.9027751384618,0 -47.8675752030331,-28.9033329996182,0 -47.87268750802199,-28.9073137128575,0 -47.876666999982,-28.9104765547492,0 -47.8782710038037,-28.9117289964959,0 -47.88030225394581,-28.9133330003177,0 -47.8838813551404,-28.9161186449595,0 -47.8866669997822,-28.9183329997681,0 -47.88947461755949,-28.9205266036198,0 -47.89302930485849,-28.9233330001178,0 -47.8950752031581,-28.9249247965421,0 -47.8966669995824,-28.9261906660664,0 -47.90071729336841,-28.9292827070312,0 -47.9048310622037,-28.933332999918,0 -47.90570996873999,-28.9342912518397,0 -47.9066670002818,-28.9357341232312,0 -47.90980664865791,-28.940193351342,0 -47.9118012775069,-28.9433329997181,0 -47.913898445257,-28.9461027758224,0 -47.91666700008191,-28.9505339279983,0 -47.9178242270064,-28.9521769938731,0 -47.9185590900299,-28.9533330004176,0 -47.9220503004809,-28.9579484785394,0 -47.92333203944201,-28.9599968184983,0 -47.9255024488789,-28.9633330002177,0 -47.92590772296299,-28.9640910567568,0 -47.9266669998821,-28.9655082929733,0 -47.9296821371209,-28.9703166423991,0 -47.9313203205763,-28.9733330000179,0 -47.9330830160683,-28.9769169845312,0 -47.9358173903602,-28.9824846117754,0 -47.93623487094249,-28.9833329998181,0 -47.9363764727959,-28.9836223063243,0 -47.9366669996822,-28.9842119063543,0 -47.9401093832414,-28.9898893965783,0 -47.9419721759751,-28.9933329996182,0 -47.9438447344469,-28.996155265553,0 -47.9466670003817,-29.0006352464194,0 -47.9476972736102,-29.0023027261898,0 -47.9483320393921,-29.0033330003176,0 -47.9524165119125,-29.0075834885871,0 -47.95666700018189,-29.0120964278079,0 -47.95725782059191,-29.0127421797078,0 -47.9577778400752,-29.0133330001178,0 -47.9618916098099,-29.0181096115693,0 -47.9646650470542,-29.0213322673702,0 -47.9663886795938,-29.023332999918,0 -47.96651807404981,-29.0234819258501,0 -47.966666999982,-29.0236552656779,0 -47.97135450030989,-29.0286455002895,0 -47.9757587969309,-29.0333329997181,0 -47.9762153395662,-29.033784659934,0 -47.97666699978221,-29.0342704997837,0 -47.9811274491724,-29.038871329748,0 -47.985453620788,-29.0433330004176,0 -47.9860664143335,-29.0439348069457,0 -47.98666699958229,-29.0445829996057,0 -47.990973640621,-29.0490251387991,0 -47.99515088630429,-29.0533330002177,0 -47.9959150465421,-29.0540849530581,0 -47.9966670002818,-29.0548967207071,0 -48.0009174885512,-29.0590812913684,0 -48.00510449997271,-29.0633330000179,0 -48.0055756916648,-29.064424308435,0 -48.006667000082,-29.0673893966033,0 -48.00828321130111,-29.0717155682188,0 -48.0088886798686,-29.073332999818,0 -48.00928662897471,-29.0759514083308,0 -48.009999519762,-29.0800004808375,0 -48.0104755938735,-29.0833329996182,0 -48.0112641680069,-29.0879301675432,0 -48.0113813550655,-29.0886174240549,0 -48.012189460675,-29.0933330003177,0 -48.0127509847701,-29.097250236709,0 -48.01310987092371,-29.0997770915395,0 -48.0136176839089,-29.1033330001178,0 -48.0138593830041,-29.1061406169958,0 -48.0142695395076,-29.1109367599235,0 -48.0144770589691,-29.113332999918,0 -48.01476514419599,-29.1152348556041,0 -48.0166669998821,-29.1233342209974,0 -48.0192988361723,-29.1307023845074,0 -48.02023877699791,-29.1333330004176,0 -48.0212812576239,-29.1379472581594,0 -48.0214179761587,-29.1385808026619,0 -48.0225190512132,-29.1433330002178,0 -48.0233979568502,-29.1466032634298,0 -48.0248798902946,-29.1515458906303,0 -48.0253852616205,-29.1533330000179,0 -48.02568555424491,-29.1543144454553,0 -48.0266669996822,-29.1575017012425,0 -48.0280537183044,-29.1619475015759,0 -48.0284834062841,-29.1633329998181,0 -48.0306098712485,-29.167274650105,0 -48.0313520583508,-29.168647941849,0 -48.03384473444689,-29.1733329996182,0 -48.0348774493348,-29.1751225506652,0 -48.0366670003817,-29.1782231369882,0 -48.038683601467,-29.1813163983331,0 -48.04015088675401,-29.1833330003176,0 -48.042792487883,-29.1872075117172,0 -48.0466670001819,-29.1928898843606,0 -48.04684278166901,-29.1931584390107,0 -48.0469697344656,-29.1933330001178,0 -48.0474336011797,-29.194100822395,0 -48.05062940232499,-29.1993705977748,0 -48.05302930435889,-29.203332999918,0 -48.0541792072046,-29.2058207926954,0 -48.056666999982,-29.2110759199177,0 -48.0574043046649,-29.2125969163146,0 -48.05777783987541,-29.21333299971811,0 -48.0590009844079,-29.2156657637639,0 -48.0608344808266,-29.219166739953,0 -48.0630170976609,-29.2233330004176,0 -48.0642719801677,-29.2257292404121,0 -48.0666669997822,-29.2303032148214,0 -48.0680000081938,-29.2319999918061,0 -48.0690473712392,-29.2333330002177,0 -48.0718183668241,-29.2381816329759,0 -48.0722211992489,-29.2388884200645,0 -48.0747627031362,-29.2433330000179,0 -48.0754536207879,-29.2445451584323,0 -48.0766669995823,-29.246666740078,0 -48.07957471460129,-29.250424064419,0 -48.08466504645471,-29.253332999818,0 -48.0861079178461,-29.2538933026337,0 -48.0866670002818,-29.2540349044872,0 -48.08750196054699,-29.2541667406026,0 -48.0946967851285,-29.2553032147715,0 -48.09666700008191,-29.2556144944133,0 -48.0994941484362,-29.2561601481722,0 -48.1031367264787,-29.2568632732214,0 -48.1066669998821,-29.2575444260344,0 -48.1114497150323,-29.2585502853673,0 -48.1120014724899,-29.2586674724259,0 -48.11666699968231,-29.2596489178632,0 -48.1194306720878,-29.260570548492,0 -48.124936042864,-29.2616032633799,0 -48.1266670003817,-29.2620659097139,0 -48.12756299583549,-29.2624382245444,0 -48.1301264728584,-29.2633329996182,0 -48.13368360181679,-29.2663163988827,0 -48.13666700018189,-29.2733342206977,0 -48.13666700018189,-29.2733464280951,0 -48.1371284261359,-29.2828715741638,0 -48.1371211011578,-29.2833330001178,0 -48.1371430742934,-29.2838090742293,0 -48.1375361409801,-29.2924638591198,0 -48.1375752030332,-29.293332999918,0 -48.1375361409801,-29.2942021407162,0 -48.1371430742934,-29.3028569256066,0 -48.1371211011578,-29.3033329997181,0 -48.137038093733,-29.3037028728892,0 -48.13666700018189,-29.3053300702265,0 -48.1349262769261,-29.3115934984411,0 -48.13444532039519,-29.3133330004176,0 -48.1335883869944,-29.3164103923257,0 -48.1327534258299,-29.3194194258658,0 -48.13166699983209,-29.3233330002178,0 -48.1305805738344,-29.3272453532904,0 -48.1292475663221,-29.3307536544576,0 -48.1284052810788,-29.3333330000179,0 -48.1283003005184,-29.3349650797746,0 -48.12782910972561,-29.3421708904742,0 -48.12775342548009,-29.343332999818,0 -48.1276875078722,-29.3443535082078,0 -48.1271308670958,-29.3528679125241,0 -48.12710156988151,-29.3533329996182,0 -48.1270673902478,-29.3537321700036,0 -48.1266670003817,-29.357328361015,0 -48.1259687577519,-29.3626347576879,0 -48.1258320392172,-29.3633330003177,0 -48.12333203904231,-29.3666667403777,0 -48.1219038167077,-29.36857103682379,0 -48.118334480352,-29.3733330001178,0 -48.1174995191874,-29.37416674000301,0 -48.11666699968231,-29.3749992595082,0 -48.11321973460301,-29.3798845135594,0 -48.1121211012078,-29.383332999918,0 -48.1112128983565,-29.3933329997181,0 -48.11095166778519,-29.3976188889006,0 -48.1108588946223,-29.3991398843981,0 -48.1106049881296,-29.4033330004176,0 -48.1114814530066,-29.4081474535421,0 -48.11156934375011,-29.4084318767297,0 -48.1122211993488,-29.4133330002177,0 -48.11333448090149,-29.4166667402778,0 -48.1144428791355,-29.4211100998512,0 -48.11509717549419,-29.4233330000179,0 -48.1155073319977,-29.4244926677024,0 -48.11666699968231,-29.4277788003513,0 -48.11818067200041,-29.43181810711989,0 -48.1186274488976,-29.433332999818,0 -48.12058789811289,-29.4372538982487,0 -48.121308112979,-29.4386931076008,0 -48.12362744924741,-29.4433329996182,0 -48.124640632659,-29.4453593673409,0 -48.1266670003817,-29.449413322267,0 -48.12792432454789,-29.4520756761515,0 -48.128517585718,-29.4533330003177,0 -48.1301753006496,-29.4568400802055,0 -48.13113233219131,-29.4588676683082,0 -48.1332392656795,-29.4633330001178,0 -48.1343671953897,-29.4656315836306,0 -48.13666700018189,-29.4703166422992,0 -48.13759229285,-29.4724089276299,0 -48.1380000076941,-29.4733329999179,0 -48.1390888753513,-29.4757560954674,0 -48.1406904375136,-29.4793107827664,0 -48.1424995191375,-29.4833329997181,0 -48.1437763747798,-29.4862236249203,0 -48.146666999982,-29.492949699469,0 -48.1467817462805,-29.4932182541191,0 -48.1468281324123,-29.4933330004176,0 -48.1469355546321,-29.4936027754477,0 -48.149630866871,-29.5003679120495,0 -48.1508125076911,-29.5033330002178,0 -48.1523798902197,-29.5076188885009,0 -48.1532050856462,-29.5098710858819,0 -48.1544721755504,-29.5133330000179,0 -48.15490186353009,-29.51509813627001,0 -48.1566669997821,-29.5193339763819,0 -48.1577387776225,-29.5222612228771,0 -48.1581294026498,-29.523332999818,0 -48.1586030351019,-29.5252678147578,0 -48.1593501055229,-29.5306498947768,0 -48.16021436300241,-29.5333329996182,0 -48.1615546954928,-29.5382219157088,0 -48.1615791093884,-29.5384208907115,0 -48.1636665114003,-29.5433330003177,0 -48.1649018633303,-29.5450981365697,0 -48.1666669995823,-29.5476188886008,0 -48.1690913164111,-29.55090868328899,0 -48.1708759841393,-29.5533330001178,0 -48.1733344806017,-29.5566667401779,0 -48.1766670002818,-29.5611906664161,0 -48.1775752031331,-29.5624247970667,0 -48.1782465902079,-29.563332999918,0 -48.1809516681849,-29.5676176678211,0 -48.1815058673019,-29.568494132698,0 -48.1845600665937,-29.5733329997181,0 -48.1853266675916,-29.5746745525885,0 -48.186667000082,-29.5770842203605,0 -48.1888642659731,-29.5811357345265,0 -48.189999519762,-29.5833330004176,0 -48.1922211995487,-29.587777580371,0 -48.193332039442,-29.5899992601577,0 -48.1949995192124,-29.5933330002177,0 -48.195446297009,-29.5945524827109,0 -48.1966669998821,-29.5978801190722,0 -48.1982465898082,-29.6017546304718,0 -48.1988886796688,-29.6033330000179,0 -48.19916700005691,-29.6058330001928,0 -48.19966748806411,-29.61033373201611,0 -48.1999995195621,-29.61333299981809,0 -48.2004170001444,-29.6170830000804,0 -48.2006660233183,-29.619332755802,0 -48.2011103594555,-29.6233329996182,0 -48.2014668048491,-29.6281328045852,0 -48.20149366040409,-29.6285063397957,0 -48.20185254655771,-29.6333330003177,0 -48.2031049883045,-29.6368950116954,0 -48.20422803559531,-29.6408928147516,0 -48.2049995199119,-29.6433330001178,0 -48.2054755940234,-29.644524406676,0 -48.2066669996822,-29.6475004800631,0 -48.20829541829891,-29.6517058025807,0 -48.2087885822273,-29.6533329999179,0 -48.2099995193623,-29.656665519598,0 -48.2108881916367,-29.659111808663,0 -48.212423836191,-29.6633329997181,0 -48.2127778399253,-29.6672221601745,0 -48.2130000075443,-29.6696660075801,0 -48.2133320390423,-29.6733330004176,0 -48.2133320390423,-29.6766667404776,0 -48.2131953205076,-29.6798600999636,0 -48.2131953205076,-29.6833330002177,0 -48.2133320390423,-29.6866667402778,0 -48.2134785233151,-29.6901445238507,0 -48.21361035943049,-29.6933330000179,0 -48.2138471761062,-29.6961540446734,0 -48.214242683553,-29.7009086838886,0 -48.214445320595,-29.703332999818,0 -48.21456006599419,-29.7054387129262,0 -48.2158979568252,-29.712562736581,0 -48.21595166793511,-29.7133329996182,0 -48.21583203921719,-29.7141667404027,0 -48.2152387771478,-29.7219035567038,0 -48.214999519712,-29.7233330003177,0 -48.214445320595,-29.7255559004844,0 -48.2133344807017,-29.7299992600578,0 -48.21249951953719,-29.7333330001178,0 -48.21460401136599,-29.7353947678542,0 -48.2166670003817,-29.737500480063,0 -48.21958448023949,-29.7404167404402,0 -48.2224995193373,-29.743332999918,0 -48.2246040120655,-29.7453947676544,0 -48.2266670001819,-29.7475004807625,0 -48.2299604569095,-29.7500395429905,0 -48.2342329183145,-29.7533329997181,0 -48.2356196369366,-29.7543803636628,0 -48.23666699998201,-29.7552092211286,0 -48.24066846507749,-29.7573344648136,0 -48.2420942457528,-29.7579045333675,0 -48.2466669997822,-29.7622233809043,0 -48.2471430738937,-29.7628569254068,0 -48.2474995192873,-29.7633330004176,0 -48.25174024181869,-29.7682585369019,0 -48.25266065206739,-29.7693278730828,0 -48.2561103597053,-29.7733330002177,0 -48.25634473472169,-29.7736564863577,0 -48.2566669995823,-29.7743864669619,0 -48.2590107497463,-29.7809880294739,0 -48.25965039884679,-29.7833330000179,0 -48.2604438553996,-29.7871110762151,0 -48.26086866006061,-29.7891301189598,0 -48.2617548906756,-29.7933329998181,0 -48.2632514722776,-29.7967473065429,0 -48.2657295002162,-29.8023954995526,0 -48.2661396558204,-29.8033329996182,0 -48.2663886798936,-29.8036113200064,0 -48.2666670002818,-29.8039213792682,0 -48.2683344800521,-29.8050004802879,0 -48.2723798905195,-29.8076188888006,0 -48.27666700008191,-29.810392326045,0 -48.2784516678102,-29.8115471113101,0 -48.2812128985564,-29.8133330003176,0 -48.28387647282089,-29.8161235273789,0 -48.28518506643761,-29.8218510666733,0 -48.2858344803769,-29.8233330001178,0 -48.2859516683348,-29.8240471112851,0 -48.2866669998821,-29.8283342208476,0 -48.28737989066941,-29.8326188887507,0 -48.2874995193873,-29.833332999918,0 -48.2880000073944,-29.8346660074303,0 -48.2899995195621,-29.8400004800381,0 -48.2912495196496,-29.8433329997181,0 -48.2927265706746,-29.847272209245,0 -48.2939985429983,-29.8506657641137,0 -48.2949995199119,-29.8533330004176,0 -48.2956147542175,-29.8543864671617,0 -48.29666699968231,-29.857778800751,0 -48.2982710035039,-29.861728996396,0 -48.2988398516778,-29.8633330002177,0 -48.3022041093321,-29.867795890368,0 -48.3036347733261,-29.8703007738616,0 -48.305490241981,-29.8733330000179,0 -48.3060297929405,-29.8739702074591,0 -48.3066670003817,-29.8747233806794,0 -48.3107197340285,-29.8792814865513,0 -48.3137934647965,-29.88333299981799,0 -48.3150947343345,-29.8849052656655,0 -48.31666700018189,-29.8868059000722,0 -48.31973828929059,-29.8902617105095,0 -48.32206739039771,-29.8933329996182,0 -48.3240522535086,-29.8959477460916,0 -48.326666999982,-29.8993950120701,0 -48.3285371167945,-29.9014628826059,0 -48.3299165113379,-29.9033330003177,0 -48.33263623837169,-29.9073637617282,0 -48.3366669997821,-29.9133342204979,0 -48.3411103593556,-29.9188884199646,0 -48.3444917068268,-29.923332999918,0 -48.3453852615206,-29.9246159592591,0 -48.3466669995823,-29.926666739978,0 -48.3491669997572,-29.9308330004426,0 -48.3506660230185,-29.9333329997181,0 -48.3502387775974,-29.9369035564539,0 -48.3498481525701,-29.9401518474298,0 -48.3494672932809,-29.9433330004176,0 -48.3493598710611,-29.9460246506171,0 -48.3486665117501,-29.95133348805,0 -48.34857129692781,-29.9533330002178,0 -48.3486665117501,-29.9553325114862,0 -48.3489399488195,-29.9610600507807,0 -48.3490473710393,-29.9633330000179,0 -48.3481977617173,-29.9648637621528,0 -48.3466669995823,-29.967618888301,0 -48.3446259846015,-29.9712919839379,0 -48.3434931715726,-29.9733329998181,0 -48.3403413166984,-29.9770085371143,0 -48.3366669997821,-29.9812956466767,0 -48.33569287932291,-29.9823588791589,0 -48.3348017653891,-29.9833329996182,0 -48.3309150465921,-29.9875810471276,0 -48.326666999982,-29.9922221604243,0 -48.3261103592056,-29.9927775799213,0 -48.3254902424807,-29.9933330003176,0 -48.3209931717974,-29.9976603923132,0 -48.31666700018189,-30.0018229898391,0 -48.3158979566253,-30.0025639574606,0 -48.3150971759939,-30.0033330001178,0 -48.31144483221319,-30.0081108319493,0 -48.3099995191624,-30.0100004802379,0 -48.30745069119641,-30.013332999918,0 -48.3071381911745,-30.0138029703307,0 -48.3066670003817,-30.0143583907271,0 -48.302450691746,-30.0191154707024,0 -48.2987128988811,-30.0233329997181,0 -48.2978291090261,-30.0244938886819,0 -48.29666699968231,-30.0257011637776,0 -48.2925239336326,-30.0291899334686,0 -48.2878779379164,-30.0333330004176,0 -48.2899995195621,-30.0366655191983,0 -48.29129590668071,-30.0387040934191,0 -48.2942426837528,-30.0433330002177,0 -48.2951850662378,-30.0448149336622,0 -48.29666699968231,-30.0471428143893,0 -48.29898877761,-30.0510124433695,0 -48.3003803786515,-30.0533330000179,0 -48.3028071371396,-30.05719286326,0 -48.3066670003817,-30.0628996506983,0 -48.3068476642882,-30.0631511155315,0 -48.3069990309805,-30.063332999818,0 -48.31308545732791,-30.066913322292,0 -48.31666700018189,-30.0690202557801,0 -48.31938184389701,-30.0706169355231,0 -48.3239985432981,-30.0733329996182,0 -48.32579297676439,-30.0742082441151,0 -48.326666999982,-30.0746672284098,0 -48.3366669997821,-30.0796672287596,0 -48.3392866286749,-30.0807145918049,0 -48.34583203931711,-30.0833330003177,0 -48.3464277421465,-30.0835710373734,0 -48.3466669995823,-30.0836674725758,0 -48.3472236403587,-30.0838896401947,0 -48.3535712972775,-30.0864287033219,0 -48.3566670002818,-30.0876664960119,0 -48.36071485150919,-30.0892851479911,0 -48.3638911211783,-30.0905559008341,0 -48.3666670000819,-30.0916667398282,0 -48.36814893352641,-30.0918522870534,0 -48.37646436284,-30.0931315843551,0 -48.3766669998821,-30.0931584390107,0 -48.37681104339489,-30.093188956605,0 -48.37733106287821,-30.0933330001178,0 -48.3844453198956,-30.0955559002845,0 -48.3866669996822,-30.096250480875,0 -48.3909101638729,-30.0975761643085,0 -48.39206250747871,-30.0979362717415,0 -48.39666700038169,-30.0993754801942,0 -48.3997553793073,-30.1002434006124,0 -48.40565137511081,-30.1023161544669,0 -48.4066670001819,-30.10263597856749,0 -48.40724317153509,-30.1027568285647,0 -48.4099995198619,-30.103332999918,0 -48.4151655350614,-30.1048332444586,0 -48.41666699998201,-30.1055559000846,0 -48.4200019613214,-30.106666739978,0 -48.4224995198369,-30.1075004807626,0 -48.4266669997822,-30.1088884197647,0 -48.42945752774269,-30.110542472657,0 -48.4341645586474,-30.1133329997181,0 -48.4357368244948,-30.1142631757049,0 -48.43666699958231,-30.1148149331626,0 -48.44059766375111,-30.1194011149694,0 -48.4436372148855,-30.1233330004176,0 -48.4448139723869,-30.1251848070332,0 -48.4466670002818,-30.1288896406443,0 -48.4480708087208,-30.1319291917787,0 -48.4487177810008,-30.1333330002178,0 -48.4481489337263,-30.1348137132822,0 -48.4466670002818,-30.13866503116621,0 -48.4454389724306,-30.142104973066,0 -48.44511182425119,-30.1433330000179,0 -48.44479932422939,-30.1451994547909,0 -48.4437836991584,-30.1504496995939,0 -48.44333203894241,-30.153332999818,0 -48.4428559648309,-30.157142814889,0 -48.4425922926002,-30.1592582928359,0 -48.4420820388549,-30.1633329996182,0 -48.44166699993211,-30.1683329999679,0 -48.4412495193498,-30.1733330003177,0 -48.4409809646997,-30.1776457441557,0 -48.4408881915368,-30.1791118081634,0 -48.44062451930609,-30.1833330001178,0 -48.44039258594901,-30.1870585855852,0 -48.4402216877806,-30.189778312619,0 -48.43999951926241,-30.193332999918,0 -48.4392890701345,-30.1959550704701,0 -48.4375239338824,-30.2024760663174,0 -48.43729199962599,-30.2033329997181,0 -48.4370673903477,-30.2037321701035,0 -48.43666699958231,-30.2047600016727,0 -48.4343134845796,-30.2109794845156,0 -48.4334516678601,-30.2133330004176,0 -48.4316010816246,-30.21826708226,0 -48.43152295661909,-30.2184770433808,0 -48.4297016675978,-30.2233330002177,0 -48.42887403141139,-30.2255400309476,0 -48.4266669997822,-30.2314262619124,0 -48.4261323321414,-30.2327995527571,0 -48.4259248126799,-30.2333330000179,0 -48.42606153121459,-30.2339396898648,0 -48.4266669997822,-30.235557121464,0 -48.4292109453288,-30.2407878338914,0 -48.4344428790356,-30.2433329998181,0 -48.4360004958262,-30.2439995035742,0 -48.43666699958231,-30.2442863693204,0 -48.4390205154843,-30.2456877361001,0 -48.44222119904911,-30.2477775797714,0 -48.4466670002818,-30.2497624437817,0 -48.44862744949721,-30.2513725504028,0 -48.4529169998196,-30.2533329996182,0 -48.4551850666374,-30.254814933962,0 -48.45666700008189,-30.2554765543994,0 -48.4609809651993,-30.2590190352003,0 -48.46351026168919,-30.2601762621247,0 -48.4666669998821,-30.2619047770838,0 -48.4678901444146,-30.2621086345058,0 -48.4741645587474,-30.2633330003177,0 -48.4763618246384,-30.2636381753615,0 -48.47666699968229,-30.2636845623926,0 -48.4770844802645,-30.2637504808999,0 -48.484999519712,-30.265000480088,0 -48.4866670003817,-30.2652629319387,0 -48.48892285980211,-30.265590080118,0 -48.4936713944193,-30.2663298264603,0 -48.49666700018179,-30.266752189462,0 -48.5008125078909,-30.2674785080267,0 -48.5023750080002,-30.2676249922995,0 -48.506666999982,-30.2685417405089,0 -48.51117627716339,-30.2688237229364,0 -48.51222364020879,-30.2688896405444,0 -48.5166669997822,-30.2691667405526,0 -48.5205878982129,-30.2694121016871,0 -48.5228901446644,-30.2695561443006,0 -48.5266669995823,-30.2697917405963,0 -48.53026319149309,-30.2697355878271,0 -48.5334003982098,-30.2700663980458,0 -48.5366670002818,-30.2700004804378,0 -48.5450019610716,-30.2716667398282,0 -48.5466670000819,-30.2719999926055,0 -48.5477778399753,-30.2722221602245,0 -48.5533295977827,-30.2733330001178,0 -48.5561762776131,-30.2738237223868,0 -48.5566669998821,-30.2740580974032,0 -48.5616279372795,-30.2783720625206,0 -48.5659419023968,-30.2833329999179,0 -48.5662495191,-30.2837504805002,0 -48.5666669996822,-30.2843144453553,0 -48.5708100666312,-30.2891887132885,0 -48.5743330159559,-30.2933329997181,0 -48.575294929917,-30.2947062914621,0 -48.57666700038169,-30.2966667406775,0 -48.58133252757399,-30.3033330004176,0 -48.58285840639031,-30.3071428145892,0 -48.5844453203952,-30.3111101000511,0 -48.5853339917703,-30.3133330002178,0 -48.58571485195881,-30.3142851484408,0 -48.5866670001819,-30.3166667402778,0 -48.588571296628,-30.3214287035718,0 -48.5893330152064,-30.3233330000179,0 -48.5911103597552,-30.3277775799713,0 -48.59142774219649,-30.3285710374234,0 -48.59333448030199,-30.333332999818,0 -48.5904755939735,-30.337142814889,0 -48.5866670001819,-30.3422221597248,0 -48.5861909260703,-30.3428569255067,0 -48.5858344806767,-30.3433329996182,0 -48.5814277423963,-30.3480949629122,0 -48.57666700038169,-30.351666740028,0 -48.57384717610631,-30.3533330003177,0 -48.5693330156062,-30.3560002366216,0 -48.5666669996822,-30.3575761645083,0 -48.5646577226757,-30.361322501832,0 -48.5635786207567,-30.36333300011781,0 -48.5611640705654,-30.3678300699017,0 -48.56000196122151,-30.3699992598579,0 -48.5582124101746,-30.373332999918,0 -48.557672859215,-30.3743388592509,0 -48.5566669998821,-30.3762114177227,0 -48.5541474691303,-30.3808134689664,0 -48.5526850662628,-30.3833329997181,0 -48.55032666794131,-30.38699266757749,0 -48.5466670000819,-30.39209886886769,0 -48.5461372148605,-30.3928044355762,0 -48.5457417074138,-30.3933330004176,0 -48.5449726638573,-30.3950285570223,0 -48.54290967574089,-30.3995744554967,0 -48.5412031330181,-30.4033330002177,0 -48.5418696367743,-30.4081303635254,0 -48.5419355543823,-30.4086015543182,0 -48.5425922932997,-30.4133330000179,0 -48.54321485168401,-30.4167839280358,0 -48.5441499100903,-30.4208171311057,0 -48.544645515678,-30.4233329998181,0 -48.54515088700381,-30.4248478925162,0 -48.5466670000819,-30.428096183492,0 -48.54845655112891,-30.4315446698506,0 -48.549381843797,-30.4333329996182,0 -48.55321729314349,-30.4367839276361,0 -48.5566669998821,-30.4398893963785,0 -48.5585444416726,-30.4414543381471,0 -48.5611591872466,-30.4433330003177,0 -48.5644453198956,-30.4455559004843,0 -48.5666669996822,-30.447058585785,0 -48.5711909259205,-30.4478569256565,0 -48.57199903153,-30.44799974789,0 -48.57666700038169,-30.4488237229364,0 -48.5800361404555,-30.4499638591448,0 -48.5838813555401,-30.450547355476,0 -48.5866670001819,-30.451259024984,0 -48.5881709058626,-30.4518278731578,0 -48.59215528114131,-30.45333300011781,0 -48.5953095785741,-30.4546904215257,0 -48.59666699998201,-30.4550371011812,0 -48.5985078204795,-30.4551738206153,0 -48.6045087968434,-30.4554912030565,0 -48.6066669997822,-30.4556584391856,0 -48.6089399490194,-30.4556059493551,0 -48.61482373832481,-30.4551750409953,0 -48.61666699958231,-30.4551286539641,0 -48.61851026173909,-30.4551750409953,0 -48.624667488114,-30.4553337326656,0 -48.6266670002818,-30.4553850021161,0 -48.6291669995574,-30.4558342206727,0 -48.6334052813286,-30.4565947188711,0 -48.63666700008199,-30.4571794355824,0 -48.6408051837122,-30.4591960366677,0 -48.6441694413666,-30.4608342210224,0 -48.6466669998821,-30.4620512618562,0 -48.64757520273339,-30.4624247970667,0 -48.64929639451289,-30.463332999918,0 -48.6539741291027,-30.4660258713968,0 -48.65666699968229,-30.4675761641087,0 -48.6604169999446,-30.4695830003552,0 -48.6651728595398,-30.4733329997181,0 -48.6659736410707,-30.4740251386492,0 -48.6666670003817,-30.4746672285098,0 -48.6698212969153,-30.4801774826047,0 -48.671591316486,-30.4833330004176,0 -48.6734296953242,-30.486570304376,0 -48.6766670001818,-30.4922673260762,0 -48.6770551835498,-30.4929448168498,0 -48.6772724687494,-30.4933330002177,0 -48.6776191484049,-30.4942851484408,0 -48.67977735134371,-30.5002214275768,0 -48.6809101643726,-30.5033330000179,0 -48.68072461714731,-30.5073906169833,0 -48.68063428474439,-30.5093644939762,0 -48.6804536208379,-30.513332999818,0 -48.68099561345671,-30.5176616130929,0 -48.6809174884513,-30.5190825113488,0 -48.6817231524015,-30.5233329996182,0 -48.6832539136371,-30.5267460859631,0 -48.6858344804768,-30.5324992595332,0 -48.6862080156873,-30.5333330003177,0 -48.6863837971745,-30.5336174235052,0 -48.686666999982,-30.5340739670399,0 -48.6902119215429,-30.5397868572776,0 -48.6924140707527,-30.5433330001178,0 -48.69404248846999,-30.5459575114299,0 -48.6966669997822,-30.5501860274632,0 -48.6977778396755,-30.5522221600246,0 -48.698383308243,-30.553332999918,0 -48.70113965656991,-30.5578056558063,0 -48.7015302815972,-30.5584709391824,0 -48.7050190503888,-30.5633329997181,0 -48.7061372152602,-30.5638640062189,0 -48.7066669995823,-30.5641118090127,0 -48.70786328945919,-30.564530509975,0 -48.71349805469151,-30.5665019453085,0 -48.7166670002818,-30.5676115648218,0 -48.7209052811538,-30.5690947186463,0 -48.7266670000819,-30.5711113206309,0 -48.72831250761611,-30.5716874919841,0 -48.73301465610141,-30.5733330004176,0 -48.7358588942725,-30.5741411051279,0 -48.7366669998821,-30.5743693773449,0 -48.7381147536929,-30.5747807542284,0 -48.7436494216834,-30.5763505784164,0 -48.7466669996822,-30.5772075118172,0 -48.75145459725181,-30.5785441813688,0 -48.75203809358311,-30.57870409341909,0 -48.75666700038169,-30.5799858323802,0 -48.7593037190913,-30.5806975018881,0 -48.7657563556712,-30.5824223557071,0 -48.7666670001819,-30.5826664964616,0 -48.7673237381999,-30.5826750409204,0 -48.776010261964,-30.5826750409204,0 -48.77666699998199,-30.5826835862784,0 -48.777284675947,-30.5827165446328,0 -48.7862788164142,-30.5829435955704,0 -48.7866669997822,-30.5829631270466,0 -48.7870112386777,-30.5829887613222,0 -48.7916596760531,-30.5833330002177,0 -48.796312995848,-30.583687003952,0 -48.79666699958231,-30.5837040937689,0 -48.797030769954,-30.5836979900702,0 -48.806457039161,-30.5835429613385,0 -48.8066670002818,-30.5835392983998,0 -48.80686963642461,-30.5835368576398,0 -48.81000684404061,-30.5833330002177,0 -48.816278816714,-30.5829460372298,0 -48.816667000082,-30.5829216233342,0 -48.8170820390048,-30.5829167400155,0 -48.8266230545103,-30.583289054846,0 -48.8266669998821,-30.5832878335666,0 -48.8269672934058,-30.5833330002177,0 -48.83539746901791,-30.5846037521614,0 -48.83666699968219,-30.584795402186,0 -48.8389863359506,-30.5856523355868,0 -48.8428999103025,-30.5871000893975,0 -48.8466670003817,-30.5884929117184,0 -48.8506220784461,-30.5893779219535,0 -48.8543086018605,-30.5909758220765,0 -48.8566670001819,-30.5917204508381,0 -48.8582685623442,-30.5917314378555,0 -48.866012702724,-30.5926774823799,0 -48.866666999982,-30.5926835860786,0 -48.86733594539751,-30.59266405460239,0 -48.8723798902197,-30.5933330000179,0 -48.8757441487734,-30.594255851926,0 -48.8766669997822,-30.5970842206602,0 -48.8776679766957,-30.6023332441839,0 -48.8778584063404,-30.6033329998181,0 -48.87805616006369,-30.6047221600996,0 -48.8789594804956,-30.6110417401841,0 -48.8792866286749,-30.6133329996182,0 -48.87827832768259,-30.614944328418,0 -48.8787861406678,-30.621215079812,0 -48.8782636795252,-30.6233330003176,0 -48.8776972730107,-30.6243632735462,0 -48.8766669997822,-30.6262382736774,0 -48.8735395588035,-30.6302067795192,0 -48.87277051524709,-30.6333330001178,0 -48.8734858476937,-30.6365129318263,0 -48.87454541813649,-30.6412114182723,0 -48.8750239339074,-30.643332999918,0 -48.87532666819111,-30.6446745527883,0 -48.8766669997822,-30.6506254800818,0 -48.8771235433168,-30.6528752367028,0 -48.8771699294487,-30.6533329997181,0 -48.8771503988718,-30.6538176191877,0 -48.87721631647981,-30.66278246334,0 -48.87719922666291,-30.6633330004176,0 -48.879296394413,-30.6659636154284,0 -48.8814008871412,-30.6685991128587,0 -48.8851777420591,-30.6733330002177,0 -48.8859956134068,-30.6740043863933,0 -48.8866669995823,-30.6745732345671,0 -48.8913154378571,-30.6786857830224,0 -48.8962788160145,-30.6833330000179,0 -48.8964765706372,-30.6835234296625,0 -48.8966670002818,-30.6837077556084,0 -48.8976850661128,-30.6843522871283,0 -48.90256299608541,-30.6874370040145,0 -48.9066670000819,-30.6900309977323,0 -48.9089179761836,-30.6910832440964,0 -48.9137324293081,-30.693332999818,0 -48.9158930739062,-30.694106925794,0 -48.9166669998821,-30.6943840258021,0 -48.9183027425774,-30.6949699628934,0 -48.9232563558961,-30.6967424241236,0 -48.9266669996823,-30.6979631269967,0 -48.9308247147887,-30.6991740641317,0 -48.9337080159121,-30.7003740160479,0 -48.9366670003817,-30.701420157814,0 -48.938295418099,-30.7017033615209,0 -48.9462299881234,-30.7033329996182,0 -48.94661817149139,-30.7033818283087,0 -48.9466670001819,-30.7033928144268,0 -48.94673535944919,-30.7034013597849,0 -48.9554169998946,-30.7045829997056,0 -48.95666699998199,-30.7047538987734,0 -48.9583100667562,-30.7049772867723,0 -48.9642182699571,-30.7057817303426,0 -48.9666669997821,-30.7061137618406,0 -48.969821297215,-30.7064872970511,0 -48.9731220780214,-30.7068779220784,0 -48.97666699958229,-30.7072978434207,0 -48.98116407026559,-30.7078300703014,0 -48.9820625073788,-30.7079362712419,0 -48.9866670002818,-30.7084807055201,0 -48.9905170977858,-30.7094829019143,0 -48.99485059348009,-30.7115153733358,0 -48.996667000082,-30.7121757733932,0 -48.9974726640322,-30.7125261150881,0 -48.9989497150573,-30.7133330003177,0 -49.0040717848849,-30.7159294356949,0 -49.0066669998821,-30.7172453533903,0 -49.010995613157,-30.7190043868429,0 -49.01377637537939,-30.7204411545356,0 -49.01666699968219,-30.7218168870397,0 -49.0179096756909,-30.7220903241091,0 -49.0205512777192,-30.7233330001178,0 -49.0250483475032,-30.72495043171701,0 -49.0266670003817,-30.7257206956535,0 -49.02981641449589,-30.726482414232,0 -49.0335029379102,-30.72649828276951,0 -49.0366670001819,-30.72796312729639,0 -49.0406391680631,-30.7293608320367,0 -49.04545362118759,-30.733332999918,0 -49.0461933675298,-30.7338078536495,0 -49.046666999982,-30.7345097574193,0 -49.05114453918911,-30.738855460511,0 -49.0557563552715,-30.7433329997181,0 -49.0563105543885,-30.7436894451118,0 -49.0566669997822,-30.7442155682938,0 -49.0612934649214,-30.7487065352784,0 -49.0660615310148,-30.7533330004176,0 -49.0664301838059,-30.753569816194,0 -49.0666669995823,-30.7539213791683,0 -49.0683833089425,-30.7550480875991,0 -49.07268506666251,-30.757316154417,0 -49.0766670002818,-30.7631157150182,0 -49.07673047623049,-30.7632683029897,0 -49.0767475660473,-30.76333300021779,0 -49.07678907065911,-30.763456290975,0 -49.0792719801178,-30.7707267989026,0 -49.08016309405151,-30.7733330000179,0 -49.082819343338,-30.7771794354825,0 -49.08406690266539,-30.7807329024015,0 -49.0852607499836,-30.783332999818,0 -49.0858442463149,-30.7841545332051,0 -49.0866670000819,-30.7855754314609,0 -49.089999519762,-30.7900004808375,0 -49.0915302809976,-30.7933329996182,0 -49.0939643635645,-30.7960356368351,0 -49.0966669998821,-30.7996257250471,0 -49.0990546954178,-30.8009453047819,0 -49.1017573317354,-30.8033330003177,0 -49.1051753004997,-30.8048246995002,0 -49.1066669996823,-30.8054765550989,0 -49.1094355545072,-30.8061027755226,0 -49.1130732501304,-30.8069255292897,0 -49.1166670003817,-30.8077385173187,0 -49.1208027423526,-30.80919847852689,0 -49.1246479574372,-30.8113139573732,0 -49.1266670001819,-30.8122697676356,0 -49.12731885578049,-30.8126823648992,0 -49.128146491967,-30.8133330001178,0 -49.132714363577,-30.8172856365229,0 -49.13666699998199,-30.8207048265664,0 -49.13827344546311,-30.8217253340569,0 -49.14080762527161,-30.823332999918,0 -49.1443916097849,-30.8256071695352,0 -49.1466669997822,-30.8270512613066,0 -49.1505097732074,-30.8294902262929,0 -49.1565669023406,-30.8333329997181,0 -49.15666699958229,-30.8333732830506,0 -49.15673291808961,-30.8334001386054,0 -49.1637934648965,-30.8362065351035,0 -49.1666670002818,-30.8373491129711,0 -49.1713960043221,-30.838602775098,0 -49.1721308673456,-30.8387980880613,0 -49.1766670000819,-30.8399992594582,0 -49.1793012771322,-30.840698722468,0 -49.1857392655546,-30.8424040448108,0 -49.1866669998821,-30.8426506272246,0 -49.1871430739936,-30.8428569254067,0 -49.187799812911,-30.8433330004176,0 -49.1921430743434,-30.8478569257565,0 -49.1945820393296,-30.8512480389658,0 -49.1961445394389,-30.8533330002177,0 -49.196349617241,-30.853650382659,0 -49.19666699968219,-30.8541472086267,0 -49.201278816664,-30.8587211839355,0 -49.2059272540395,-30.8633330000179,0 -49.2066670003817,-30.8638249435663,0 -49.2076045004473,-30.8642717204635,0 -49.2131098712235,-30.8668889085962,0 -49.2166670001819,-30.8685795818822,0 -49.2198896559828,-30.8701115643971,0 -49.226666999982,-30.8733354414774,0 -49.2293403399847,-30.8806596605149,0 -49.23031690210329,-30.8833329996182,0 -49.2320161207473,-30.8879850999324,0 -49.23241651151281,-30.8890825120483,0 -49.2339668051239,-30.8933330003177,0 -49.2349946366931,-30.8950053634068,0 -49.2366669997822,-30.8977299728599,0 -49.23960889443491,-30.9003923258451,0 -49.2428559650307,-30.9033330001178,0 -49.2466669995823,-30.9052385178433,0 -49.2511616286062,-30.9078288495218,0 -49.2518183675236,-30.9081828532561,0 -49.2566670002818,-30.9114799729224,0 -49.2576167068455,-30.9123820720749,0 -49.25830762539649,-30.9133329999179,0 -49.2604585042565,-30.9171257242727,0 -49.2613325274741,-30.9186662521458,0 -49.2639814526818,-30.9233329997181,0 -49.26495313238109,-30.9250468674189,0 -49.26666700008201,-30.9280693278372,0 -49.2703706133131,-30.9296293862871,0 -49.2748481525202,-30.9315153734357,0 -49.2774067462243,-30.93259203279599,0 -49.279167000057,-30.9333330004176,0 -49.27848584724399,-30.9351506273995,0 -49.2766669998821,-30.9399992601577,0 -49.2762373128017,-30.942903312238,0 -49.2763593831789,-30.9433330002178,0 -49.2764814535562,-30.9435185465437,0 -49.2766669998821,-30.9437980882112,0 -49.28157666782889,-30.9484233320711,0 -49.2829755938486,-30.9533330000179,0 -49.28444531989561,-30.9555559001846,0 -49.28666699968231,-30.9589152754196,0 -49.2889423905788,-30.9610576098208,0 -49.2895893628587,-30.963332999818,0 -49.2929170001194,-30.9670830000803,0 -49.2966670003817,-30.9713102948342,0 -49.2980830153189,-30.9719169846811,0 -49.3000629960104,-30.9733329996182,0 -49.3043842852065,-30.97561571459349,0 -49.3066670001818,-30.9768205489291,0 -49.3115961996049,-30.9782609786612,0 -49.31170606258469,-30.9782939379149,0 -49.316666999982,-30.9797441324857,0 -49.3186103593806,-30.9813884196398,0 -49.3192304770048,-30.9833330003177,0 -49.319047371439,-30.9857133708753,0 -49.3186103593806,-30.9913896407193,0 -49.31846143344841,-30.9933330001178,0 -49.3217963947877,-30.9982036051122,0 -49.3223628004029,-30.9990275801587,0 -49.3253095783743,-31.003332999918,0 -49.32619092567061,-31.0038090740295,0 -49.3266669997822,-31.00424242404859,0 -49.3310932695387,-31.0089079512409,0 -49.3344062577426,-31.0133329997181,0 -49.335294930017,-31.0147050701828,0 -49.33666699958229,-31.0168290934878,0 -49.33996778128801,-31.0200322187119,0 -49.3433662185761,-31.0233330004176,0 -49.3450410233245,-31.0249589764755,0 -49.3466670002818,-31.0265373460217,0 -49.350114265361,-31.0298845138592,0 -49.3536665119,-31.0333330002177,0 -49.3551899490569,-31.0348112716229,0 -49.3566670000819,-31.0362455976561,0 -49.35974073085,-31.04025926924979,0 -49.36098584761869,-31.0433330000179,0 -49.3619379958418,-31.0480620040582,0 -49.3620747152759,-31.0487407152118,0 -49.3629975662846,-31.0533329998181,0 -49.36361280059031,-31.0563871991099,0 -49.3645918043682,-31.0612590253837,0 -49.36500928495051,-31.0633329996182,0 -49.3655024488789,-31.0644987719007,0 -49.3666669998821,-31.0672587813676,0 -49.37081983166981,-31.0691801676306,0 -49.3739716874434,-31.0706389084588,0 -49.3766669996822,-31.0718852465069,0 -49.3776557691983,-31.0723430095222,0 -49.3797968832196,-31.0733330003177,0 -49.3846552808165,-31.0753459393636,0 -49.38666700038171,-31.0766032635298,0 -49.38991407007819,-31.0800847091419,0 -49.3915791090886,-31.0833330001178,0 -49.3927363360131,-31.0872624430073,0 -49.3936323323662,-31.0902971117223,0 -49.39452588706,-31.0933329999179,0 -49.3951069417319,-31.0948930583679,0 -49.3966670001819,-31.09908861514741,0 -49.3990473707395,-31.1009526291605,0 -49.4020869218739,-31.1033329997181,0 -49.4050361406054,-31.1049638590948,0 -49.406666999982,-31.1058659591466,0 -49.4089301834811,-31.1055949628372,0 -49.415150886704,-31.1048478924163,0 -49.4166669997822,-31.1046660081298,0 -49.41826612118451,-31.1049333415004,0 -49.426442390304,-31.1035576089964,0 -49.4266669995823,-31.10364549974,0 -49.4290229571437,-31.1056901776595,0 -49.4319599684777,-31.1080388102429,0 -49.43231885553071,-31.1089848556665,0 -49.43471875756461,-31.1133330004176,0 -49.4366670002818,-31.1204765546493,0 -49.4433320387425,-31.1233330002178,0 -49.4456660231684,-31.124332755852,0 -49.44666700008201,-31.1247624429324,0 -49.4491670002568,-31.1258330003926,0 -49.45266797644591,-31.1273332440339,0 -49.4566669998821,-31.1290471117348,0 -49.45906690191589,-31.13093309798399,0 -49.46666699968231,-31.1333330000179,0 -49.4609516677852,-31.137618888301,0 -49.4566669998821,-31.1408329996432,0 -49.45523877754751,-31.1419047774834,0 -49.453334480202,-31.143332999818,0 -49.44952344565049,-31.1461906657665,0 -49.4438105545134,-31.1504753336696,0 -49.4399995199618,-31.1533329996182,0 -49.4380952226164,-31.1547612228521,0 -49.4366670002818,-31.1558329997931,0 -49.4363203206262,-31.16298509938281,0 -49.43630323080939,-31.1633330003177,0 -49.43649121879471,-31.1635100021848,0 -49.4366670002818,-31.1644182050361,0 -49.441286140443,-31.1679521404789,0 -49.4418647543549,-31.1681352460447,0 -49.4417500080564,-31.1684160080923,0 -49.4429365312959,-31.1733330001178,0 -49.44521436295251,-31.174785636348,0 -49.44666700008201,-31.179124015361,0 -49.4489594807953,-31.1810405192045,0 -49.4493769613776,-31.183332999918,0 -49.4538276441305,-31.1861711343903,0 -49.4560029377853,-31.1926689376213,0 -49.4563691480177,-31.1933329997181,0 -49.45651807394991,-31.1934819256503,0 -49.4566669998821,-31.1936284099231,0 -49.4575605545759,-31.1942277756913,0 -49.4629878003466,-31.1970109786737,0 -49.4660053792448,-31.2026713790808,0 -49.46645948022081,-31.2033330004176,0 -49.4665742265193,-31.2034245523012,0 -49.46666699968231,-31.2034965745073,0 -49.4668476644881,-31.2035124430448,0 -49.475683113285,-31.2043156662349,0 -49.4766670003817,-31.2044059977385,0 -49.4778461995425,-31.2045134199583,0 -49.48485059358,-31.2051494061201,0 -49.4866670001819,-31.2053142014892,0 -49.48998243004511,-31.2066472090015,0 -49.4929585043315,-31.2070402756881,0 -49.496666999982,-31.2109880296738,0 -49.49797803525809,-31.2120231853217,0 -49.49988721502291,-31.2133330002177,0 -49.50381055511301,-31.21619066616629,0 -49.5066669997822,-31.2182719644795,0 -49.5108515704436,-31.2191496506358,0 -49.51274854281101,-31.2194145432466,0 -49.5166669995823,-31.2201469646107,0 -49.5190253988031,-31.2209758220765,0 -49.52578076966681,-31.2224467694028,0 -49.5266670002818,-31.2227031175548,0 -49.5271040114409,-31.2228972092388,0 -49.52808057445889,-31.2233330000179,0 -49.53403028137231,-31.2259684983475,0 -49.5366670000819,-31.2265410076614,0 -49.54049512534969,-31.2271623456657,0 -49.5423261801091,-31.2276725994109,0 -49.5466669998821,-31.2282048262916,0 -49.56666700038171,-31.2282048262916,0 -49.5702607497338,-31.229740470846,0 -49.57517530099931,-31.2318400802554,0 -49.5766670001819,-31.2324785080767,0 -49.5772651446707,-31.2327336349492,0 -49.57866651145029,-31.2333329998181,0 -49.58406934332551,-31.2359306564746,0 -49.58666699998201,-31.2371794352827,0 -49.5909614336232,-31.239037345597,0 -49.5931879958293,-31.2398552169446,0 -49.5966669997821,-31.2412285077893,0 -49.5981464924666,-31.2418535078331,0 -49.6006001056103,-31.2433329996182,0 -49.60461133554459,-31.2453886636558,0 -49.6066669995823,-31.2464433516793,0 -49.6112812582235,-31.2487175212965,0 -49.61397168714359,-31.2506389084588,0 -49.6166670002818,-31.2524284586065,0 -49.6173115309024,-31.2526884687978,0 -49.6185102615393,-31.2533330003176,0 -49.6242622147294,-31.2557365643909,0 -49.62666700008199,-31.2573332441339,0 -49.63135694116989,-31.2586430590299,0 -49.6323920977171,-31.2590580979528,0 -49.6366669998821,-31.2605021897242,0 -49.6388422926377,-31.2611577073623,0 -49.6408833085179,-31.2633330001178,0 -49.64485791805841,-31.2651420817417,0 -49.64666699968221,-31.2659648355087,0 -49.6514985426236,-31.2681633226791,0 -49.6517304768799,-31.2682695236196,0 -49.6566670003817,-31.2705168376819,0 -49.6582783282822,-31.2717228923975,0 -49.65936719504,-31.273332999918,0 -49.662238288766,-31.2777617113339,0 -49.66315381659529,-31.2798198161316,0 -49.6649311602448,-31.2833329997181,0 -49.6654218825138,-31.2845768961068,0 -49.6666670001819,-31.2877189861422,0 -49.66902051518461,-31.2909807048956,0 -49.6707172930686,-31.2933330004176,0 -49.6728095783993,-31.2971904220003,0 -49.6744599683528,-31.3011259685885,0 -49.67548047674261,-31.3033330002177,0 -49.67570264436149,-31.3042985762183,0 -49.6763300860646,-31.3129948648211,0 -49.6763886795938,-31.3133330000179,0 -49.6764521564418,-31.3135478435581,0 -49.676666999982,-31.3142863695203,0 -49.6789082112449,-31.3210930098345,0 -49.679306160351,-31.323332999818,0 -49.6803925863487,-31.3270585861848,0 -49.680968757702,-31.3290324631776,0 -49.6822211994487,-31.3333329996182,0 -49.6825947346592,-31.3374040452604,0 -49.6827827226445,-31.3394487222807,0 -49.68313916803811,-31.3433330003177,0 -49.6836762773383,-31.3463249431416,0 -49.68404493012941,-31.3507109295657,0 -49.6844453199955,-31.3533330001178,0 -49.684855476499,-31.355144523401,0 -49.6866669997822,-31.3631267008365,0 -49.6867085034946,-31.3632927165855,0 -49.68671338681331,-31.363332999918,0 -49.68675489052571,-31.36341967028149,0 -49.68984815277,-31.3701518476296,0 -49.6913227621357,-31.3733329997181,0 -49.6932978595086,-31.3767021406912,0 -49.6966669995823,-31.3823698651771,0 -49.6970722736664,-31.3829265059534,0 -49.6973701246315,-31.3833330004176,0 -49.6992719803176,-31.3859392015329,0 -49.70129346472161,-31.3887065350785,0 -49.7046723714328,-31.3933330002178,0 -49.7056342853939,-31.3943657151056,0 -49.7066670002818,-31.3954716716802,0 -49.7106928792729,-31.3993071210268,0 -49.7149165119874,-31.4033330000179,0 -49.7159687574522,-31.4040312417484,0 -49.7166670000819,-31.4044963297418,0 -49.7207148513093,-31.4073808512453,0 -49.7218354569408,-31.4081633225792,0 -49.7266669998821,-31.4119743571308,0 -49.7274165119624,-31.412583488637,0 -49.7282856527606,-31.4133329998181,0 -49.7327265706746,-31.417273429725,0 -49.7366669996823,-31.4207695234946,0 -49.7381147534931,-31.4218840254274,0 -49.7399995193623,-31.4233329996182,0 -49.7437690511008,-31.4262321701785,0 -49.74666700038171,-31.4284611740439,0 -49.7494209061499,-31.43057909365019,0 -49.7530000082438,-31.4333330003176,0 -49.7552558667648,-31.4347429124554,0 -49.7566670001819,-31.4356242597518,0 -49.76116895328451,-31.4388322673952,0 -49.7663032305097,-31.4433330001178,0 -49.7664863360755,-31.4435124436443,0 -49.76666699998201,-31.4436870038521,0 -49.7678632889596,-31.4445305094754,0 -49.7723261800091,-31.4476738198908,0 -49.7766669997822,-31.4507329025014,0 -49.7783588943474,-31.4516423257327,0 -49.7803584065152,-31.453332999918,0 -49.784059578087,-31.4559404223126,0 -49.78666699958231,-31.4577775798714,0 -49.7902802813099,-31.4597209392699,0 -49.79455030105551,-31.4633329997181,0 -49.79574659003299,-31.4642534099668,0 -49.7966670002818,-31.4649638590948,0 -49.7991572347186,-31.4658232341549,0 -49.8031733479716,-31.4668266527278,0 -49.80666700008199,-31.468445304707,0 -49.81007764476739,-31.46992235573209,0 -49.81568799610411,-31.4723539957403,0 -49.8166669998821,-31.4727788004013,0 -49.81705274249,-31.4729460374297,0 -49.8179462971838,-31.4733330004176,0 -49.82397901152211,-31.4760209885777,0 -49.82666699968221,-31.4790007249035,0 -49.8285053785203,-31.4814934001003,0 -49.82986280082749,-31.4833330002177,0 -49.8327509843704,-31.4872490153297,0 -49.8366670003817,-31.4925566323826,0 -49.8370698319072,-31.4929313888725,0 -49.8374995198869,-31.4933330000179,0 -49.84179395352809,-31.498207267951,0 -49.8436616286812,-31.5003276292167,0 -49.84630811312891,-31.503332999818,0 -49.8464619214805,-31.5035368572401,0 -49.8466670001819,-31.5040483322647,0 -49.8497627031862,-31.5102385178932,0 -49.8513105542386,-31.5133329996182,0 -49.8536054766114,-31.5163945229888,0 -49.8561909258705,-31.5228569262061,0 -49.8564277425463,-31.5233330003177,0 -49.8565229573686,-31.5234758225511,0 -49.856666999982,-31.5236906660913,0 -49.8609516678851,-31.5290471109354,0 -49.8630952226663,-31.5333330001178,0 -49.86381055511301,-31.5361906660663,0 -49.8652387774476,-31.5419047775834,0 -49.8655952228412,-31.543332999918,0 -49.8658100663814,-31.5441899333187,0 -49.8666669997822,-31.5476188891004,0 -49.8683344804519,-31.5516667403277,0 -49.8690205156842,-31.5533329997181,0 -49.8709516676853,-31.5576176676212,0 -49.871381355665,-31.5586186445348,0 -49.8736884845359,-31.5633330004176,0 -49.87407422624451,-31.5659257737554,0 -49.8752778402001,-31.5719438399362,0 -49.8755048902385,-31.5733330002178,0 -49.8754316485517,-31.5745671308683,0 -49.8750947346343,-31.5817595137905,0 -49.8749995198119,-31.5833330000179,0 -49.874872566116,-31.5851274334842,0 -49.874445320695,-31.5911113200314,0 -49.8742866290247,-31.593332999818,0 -49.8741865308837,-31.5958122481367,0 -49.873996101239,-31.6006608808949,0 -49.8738886799186,-31.6033329996182,0 -49.8739545975266,-31.6060466229532,0 -49.8740644605064,-31.6107316816218,0 -49.87412793735441,-31.6133330003177,0 -49.8741865308837,-31.6158134690164,0 -49.8743086012609,-31.6209746017964,0 -49.8743647540301,-31.6233330001178,0 -49.874123054935,-31.6258769456645,0 -49.8733344808016,-31.6299992598579,0 -49.8730781326496,-31.633332999918,0 -49.8741938558617,-31.6358049241579,0 -49.876054206936,-31.6427202070719,0 -49.87626905047631,-31.6433329997181,0 -49.8763960041722,-31.6436052164076,0 -49.8766669995823,-31.6441935960576,0 -49.8797968831196,-31.6502018965003,0 -49.8808955156155,-31.6533330004176,0 -49.8827216870562,-31.6572783127439,0 -49.88453565199871,-31.661202873214,0 -49.8855219807548,-31.6633330002177,0 -49.8860810622912,-31.6639201585884,0 -49.8866670002818,-31.66453783365399,0 -49.8907490311428,-31.6692509691568,0 -49.8936665118999,-31.6733330000179,0 -49.8948750073757,-31.6751249918249,0 -49.8966670000819,-31.679187492109,0 -49.8983271566729,-31.6816728441264,0 -49.89943799566691,-31.683332999818,0 -49.90233350418781,-31.6876652751323,0 -49.9050263747673,-31.6916923754027,0 -49.9061225665032,-31.6933329996182,0 -49.90666699988211,-31.6944706950665,0 -49.9104707112543,-31.6995280685655,0 -49.91333203924221,-31.7033330003177,0 -49.9137788161394,-31.7062224042405,0 -49.9145454180366,-31.7112114175728,0 -49.9148725662159,-31.7133330001178,0 -49.9151875078971,-31.7148124919029,0 -49.9166669996823,-31.7198967209569,0 -49.9175019608468,-31.7224968183734,0 -49.9178120192093,-31.7233329999179,0 -49.91859571092329,-31.725261711159,0 -49.92037061291341,-31.729629386487,0 -49.92187451949339,-31.7333329997181,0 -49.9247504965381,-31.7352495035617,0 -49.92666700038169,-31.7365275804834,0 -49.9310419997884,-31.7389580001116,0 -49.9338544999852,-31.7405217206009,0 -49.9366670001819,-31.7420830003302,0 -49.94041700044421,-31.7433330004176,0 -49.9451044998727,-31.7448954996275,0 -49.94666699998201,-31.7454167403902,0 -49.9510346762093,-31.7489653239905,0 -49.9527949300419,-31.7533330002178,0 -49.9529170004192,-31.7570829995807,0 -49.953000007844,-31.7596660080798,0 -49.9531171949026,-31.7633330000179,0 -49.9566669997822,-31.7661296307778,0 -49.960106941682,-31.7698918375382,0 -49.96181836682409,-31.773332999818,0 -49.9634736409957,-31.776526359304,0 -49.9655854569033,-31.7822502365592,0 -49.9660444411979,-31.7833329996182,0 -49.9662006912089,-31.7837980876116,0 -49.96666699958231,-31.7851848062338,0 -49.9713081128791,-31.7886918870209,0 -49.9742451251124,-31.7909111251483,0 -49.9766670002818,-31.7927409586283,0 -49.9770429762523,-31.7929582438279,0 -49.97745069109651,-31.7933330003177,0 -49.9822529377229,-31.7977458413974,0 -49.98666700008189,-31.80180223798279,0 -49.9875654371951,-31.8024333417253,0 -49.9883344807516,-31.8033330001178,0 -49.9910249105711,-31.80769090970769,0 -49.9915156328402,-31.8084843671598,0 -49.9945087969434,-31.813332999918,0 -49.99550977385701,-31.8144914472225,0 -49.9966669998821,-31.8168254316483,0 -50.00039502700879,-31.8170622483241,0 -50.0027851642039,-31.8172136150163,0 -50.00666699968221,-31.8174601974301,0 -50.009877448985,-31.8165422288407,0 -50.0124458084273,-31.813332999918,0 -50.0149067456497,-31.8115739664653,0 -50.0166670003817,-31.8103166422991,0 -50.0208881914368,-31.8091105875835,0 -50.0229633869507,-31.8096293866868,0 -50.0255561602885,-31.8044450603912,0 -50.0264448316636,-31.8033330001178,0 -50.02628125757391,-31.8029484787892,0 -50.02354199996331,-31.7964579996369,0 -50.0222211989491,-31.7933330003177,0 -50.0190473709393,-31.7909526288607,0 -50.0166670003817,-31.7891667398531,0 -50.013983894641,-31.7860148849789,0 -50.0130195390205,-31.7833329996182,0 -50.0126435621506,-31.7793095622864,0 -50.0124751056416,-31.7775236741782,0 -50.0120820389549,-31.773332999818,0 -50.0113105546383,-31.7686906661413,0 -50.0111665120249,-31.7678325114612,0 -50.0104169999445,-31.7633330000179,0 -50.00954541838631,-31.7604533609338,0 -50.0078266682661,-31.7544914475222,0 -50.0074824293706,-31.7533330002178,0 -50.0073042071234,-31.7526957927766,0 -50.00666699968221,-31.7503715740888,0 -50.0050556717818,-31.7449431070387,0 -50.00457959767029,-31.7433330004176,0 -50.0036982503739,-31.7403642502099,0 -50.0027680743871,-31.7372319259126,0 -50.0016108474626,-31.7333329997181,0 -50.0028657308687,-31.7295305096252,0 -50.0040424883701,-31.7259562908501,0 -50.0049091875089,-31.7233329999179,0 -50.0053437579081,-31.72201097852381,0 -50.00666699968221,-31.7179985273102,0 -50.0077900469731,-31.7144572677886,0 -50.0082221757128,-31.7133330001178,0 -50.0099995193623,-31.7100004804378,0 -50.01108350370071,-31.7077495043361,0 -50.0140278400128,-31.7033330003177,0 -50.0155024493785,-31.7021672289344,0 -50.0166670003817,-31.7012443770263,0 -50.02108350350079,-31.697750724916,0 -50.0266670001819,-31.6933329996182,0 -50.0336347738257,-31.6903007734619,0 -50.036666999982,-31.688981193727,0 -50.04090039843461,-31.6890996011656,0 -50.0424775467014,-31.68914354653741,0 -50.0466669997822,-31.6892595141152,0 -50.0505268630243,-31.6894743576555,0 -50.0528706131882,-31.689536613224,0 -50.0566669995823,-31.6897368086068,0 -50.05996045720931,-31.6900407632706,0 -50.0636616287811,-31.6903288493968,0 -50.0666670002818,-31.6905986253262,0 -50.06856641430851,-31.6914335855915,0 -50.0724848710799,-31.6933329996182,0 -50.0750239333078,-31.6949760663923,0 -50.076667000082,-31.6965275803835,0 -50.0801411207161,-31.6998576584041,0 -50.0837690506012,-31.7033330003177,0 -50.0846455154781,-31.7053532634423,0 -50.08666699988211,-31.7116667398282,0 -50.0870966878618,-31.7129033121381,0 -50.0872456128947,-31.7133330001178,0 -50.0876923906912,-31.714358390927,0 -50.09027051587161,-31.7197294839285,0 -50.0916059650432,-31.7233329999179,0 -50.0934882892531,-31.7265117112464,0 -50.0957880940452,-31.7324553144612,0 -50.0961909255707,-31.7333329997181,0 -50.0959711996111,-31.7340275803085,0 -50.0938203207511,-31.7404850993078,0 -50.0929731521892,-31.7433330004176,0 -50.09138135576491,-31.7480461350211,0 -50.09111035945541,-31.7488884202643,0 -50.08965039824721,-31.7533330002178,0 -50.08888867966881,-31.7555546800044,0 -50.08666699988211,-31.7620512619561,0 -50.0863374100434,-31.76300341017919,0 -50.0862275470636,-31.7633330000179,0 -50.0858466877744,-31.7641520917456,0 -50.0831928792479,-31.7698600995639,0 -50.0815791096881,-31.773332999818,0 -50.0799702225477,-31.7766374435631,0 -50.076667000082,-31.782666495862,0 -50.076437507485,-31.7831035079205,0 -50.0763154371077,-31.7833329996182,0 -50.075983406509,-31.7840165940905,0 -50.0732392655796,-31.7899064861953,0 -50.0714301839558,-31.7933330003177,0 -50.0701386792566,-31.7968059005718,0 -50.0670844808641,-31.8029167399156,0 -50.0668964919795,-31.8033330001178,0 -50.06684766418831,-31.8035136640243,0 -50.0666670002818,-31.804166740003,0 -50.0466669997822,-31.804166740003,0 -50.0457148515591,-31.8042851483408,0 -50.0376191482051,-31.8042851483408,0 -50.036666999982,-31.8044450603912,0 -50.0330293043589,-31.8069694744617,0 -50.0295258865104,-31.8061906660664,0 -50.03131787921671,-31.8086821208831,0 -50.0305122152665,-31.813332999918,0 -50.0289399494191,-31.8156059491552,0 -50.0266670001819,-31.8188871993847,0 -50.0246919019097,-31.8213566819653,0 -50.0244453203952,-31.8233329997181,0 -50.0222211989491,-31.8277788009508,0 -50.0218525470573,-31.8285173260138,0 -50.0194453200455,-31.8333330004176,0 -50.025275398241,-31.8347233810791,0 -50.0266670001819,-31.8353642496604,0 -50.03152295701881,-31.8384758221015,0 -50.03405713682741,-31.8433330002177,0 -50.0345966877869,-31.8454020920329,0 -50.036666999982,-31.8533342203979,0 -50.0401948317261,-31.859803947694,0 -50.0421211013077,-31.8633329998181,0 -50.0445527422152,-31.865446037005,0 -50.0466669997822,-31.8672807538037,0 -50.0499067462993,-31.8700944743804,0 -50.053634773426,-31.8733329996182,0 -50.0551045003724,-31.8748954997275,0 -50.0566669995823,-31.8804777751292,0 -50.0571137773789,-31.8828862225211,0 -50.0571430745932,-31.8833330003177,0 -50.0571259847763,-31.8837932049924,0 -50.0567890699596,-31.8932097093606,0 -50.0567866291996,-31.8933330001178,0 -50.0567866291996,-31.903332999918,0 -50.0567939532783,-31.9034611739939,0 -50.0574458088769,-31.9125554117028,0 -50.0574995190875,-31.9133329997181,0 -50.0575654375948,-31.9142302164513,0 -50.0581123126331,-31.9218889086462,0 -50.0582148515341,-31.9233330004176,0 -50.058888679369,-31.925554679305,0 -50.0605732498556,-31.9294279703245,0 -50.0613813554651,-31.9333330002177,0 -50.06106153136451,-31.9377263107206,0 -50.060778328557,-31.9392216719426,0 -50.0604047933465,-31.9433330000179,0 -50.06052198040499,-31.9471867595612,0 -50.0605878980131,-31.9494121013873,0 -50.0607075276303,-31.953332999818,0 -50.06083448042689,-31.9574992593833,0 -50.0608833082181,-31.9591179122618,0 -50.061010261914,-31.9633329996182,0 -50.061010261914,-31.9733330003177,0 -50.06094434340671,-31.977611564522,0 -50.0609223711705,-31.9790764081497,0 -50.0608588943225,-31.9833330001178,0 -50.0606855544947,-31.9873527754102,0 -50.06053174614311,-31.9894670329771,0 -50.060355964656,-31.993332999918,0 -50.06103467580961,-31.9976994548659,0 -50.0611518628681,-31.9988481364323,0 -50.06194043790081,-32.0033329997181,0 -50.0639863362004,-32.0060136637995,0 -50.0666670002818,-32.0095231853467,0 -50.0692060625097,-32.0107939372903,0 -50.074286628625,-32.0133330004176,0 -50.076667000082,-32.0145231856964,0 -50.08066602351811,-32.0193327555022,0 -50.0812910235618,-32.0233330002177,0 -50.0804804762929,-32.027147697708,0 -50.07984082809169,-32.0301579507288,0 -50.0791670002568,-32.0333330000179,0 -50.082382331979,-32.037618888301,0 -50.08666699988211,-32.0433342210974,0 -50.0889399491193,-32.051060050381,0 -50.08944532044511,-32.0533329996182,0 -50.08999951956211,-32.0566655192982,0 -50.09047559367371,-32.0595231852467,0 -50.09111035945541,-32.0633330003176,0 -50.0917646558142,-32.0682353441857,0 -50.0917939530285,-32.0684611738441,0 -50.09244336696779,-32.0733330001178,0 -50.0928852614456,-32.0771147383545,0 -50.0932075272055,-32.0798735274413,0 -50.0936103596304,-32.0833329999179,0 -50.0938593828042,-32.0861393964159,0 -50.09445996895239,-32.0911247477089,0 -50.0946674884138,-32.0933329997181,0 -50.0946357504395,-32.0953630294802,0 -50.0946357504395,-32.1013029706555,0 -50.0946064532252,-32.1033330004176,0 -50.0942036208004,-32.1057975996794,0 -50.0934907309124,-32.1101555101686,0 -50.0929707105298,-32.1133330002177,0 -50.09150342614209,-32.1181706468578,0 -50.0911591872467,-32.1188408126533,0 -50.0892719806174,-32.1233330000179,0 -50.0879707110794,-32.1246354899359,0 -50.08666699988211,-32.1252116621884,0 -50.08442090619981,-32.1255790937002,0 -50.0796870197401,-32.1263542400561,0 -50.076667000082,-32.1268486252638,0 -50.0724628988436,-32.1275358808762,0 -50.071093269139,-32.1277604901545,0 -50.0666670002818,-32.1284843670599,0 -50.0656245196558,-32.1322917404714,0 -50.06534131684829,-32.133332999818,0 -50.0652753983409,-32.1347258221389,0 -50.0666670002818,-32.1395341715647,0 -50.0699653394288,-32.1400334391918,0 -50.07369580821489,-32.1403618086505,0 -50.076667000082,-32.1407634197959,0 -50.0788300863394,-32.1411699142601,0 -50.0858125081407,-32.1424785078768,0 -50.08666699988211,-32.1426384199271,0 -50.08725049621341,-32.1427482829069,0 -50.0903706131132,-32.1433329996182,0 -50.0956733477468,-32.144327872833,0 -50.0966669996823,-32.1445134200582,0 -50.0980732497806,-32.1447380293366,0 -50.1042719807672,-32.1457280192326,0 -50.10666700038169,-32.1461113201813,0 -50.11008740990599,-32.1467521896618,0 -50.112829109176,-32.1471696702441,0 -50.1166670001818,-32.1479545823381,0 -50.1206782301162,-32.149321769484,0 -50.12444532019529,-32.151111320531,0 -50.12666699998199,-32.1520378335791,0 -50.1275507889377,-32.152450431742,0 -50.1294379964663,-32.1533330003177,0 -50.13436475423,-32.1556364671492,0 -50.1366669997822,-32.1567131265095,0 -50.1418452223791,-32.1585112229146,0 -50.14666699958241,-32.160186027663,0 -50.14908643399171,-32.1609135666077,0 -50.15573194097621,-32.1633330001178,0 -50.1564765706372,-32.1635234297624,0 -50.1566670002818,-32.1635710371736,0 -50.1569721762249,-32.1636393964409,0 -50.164838386982,-32.1651628335978,0 -50.16666700008189,-32.1655961836169,0 -50.1689765706122,-32.1656425706481,0 -50.1743769608281,-32.1656218187919,0 -50.1766669998821,-32.165670646583,0 -50.1791181722658,-32.1657829512222,0 -50.1839936605789,-32.1660075605005,0 -50.1866669996822,-32.1661308512577,0 -50.18990430454,-32.1665703049756,0 -50.19325879645621,-32.1667399827639,0 -50.1966670003817,-32.1673051679991,0 -50.2009028395943,-32.169097159806,0 -50.2056879964039,-32.173332999918,0 -50.2066670001819,-32.1740629805221,0 -50.2081049882545,-32.1747697676107,0 -50.2134077228881,-32.1765910566319,0 -50.216666999982,-32.1795244059265,0 -50.2192304770049,-32.1807695235946,0 -50.22450879684349,-32.1833329997181,0 -50.2261152423245,-32.1838847580751,0 -50.2266669997822,-32.1843815840429,0 -50.2302192463211,-32.1868840249777,0 -50.2319184649651,-32.1880827556146,0 -50.2366669995823,-32.1914299234522,0 -50.2374995190875,-32.1925004809124,0 -50.2380000079939,-32.1933330004176,0 -50.2407050859709,-32.1973710859069,0 -50.2414887776849,-32.1985124433945,0 -50.2444233473595,-32.2033330002178,0 -50.2454462965093,-32.2045549234709,0 -50.2466670002818,-32.2056608809448,0 -50.25043164870161,-32.2095683515981,0 -50.2540595776873,-32.2133330000179,0 -50.25524854258611,-32.2147526778937,0 -50.256667000082,-32.2160380779949,0 -50.26024610127651,-32.2197526773442,0 -50.2636982496745,-32.2233329998181,0 -50.2650507886629,-32.2249504314173,0 -50.2666669998821,-32.2264152750449,0 -50.270673347397,-32.2293254317232,0 -50.2749702226976,-32.2316362226335,0 -50.2766669996822,-32.2326262125296,0 -50.2771430737938,-32.2328569255067,0 -50.2781245192311,-32.2333329996182,0 -50.28431104282029,-32.2356889571796,0 -50.28666700038169,-32.2365873942928,0 -50.2915522535336,-32.2384477462664,0 -50.2919233479841,-32.2385893472206,0 -50.2966670001819,-32.2403972093637,0 -50.2988569410949,-32.2411442788853,0 -50.30527051562179,-32.2433330003176,0 -50.30631055458841,-32.243688224432,0 -50.30666699998199,-32.2438090744292,0 -50.3073701250312,-32.2440349040875,0 -50.3138740310616,-32.2461259690382,0 -50.3166669997822,-32.2470244061514,0 -50.3214423908536,-32.2485588303257,0 -50.3221064529504,-32.2487724534859,0 -50.32666699958231,-32.2502385174935,0 -50.3288520589753,-32.2511479416241,0 -50.3340937575209,-32.2533330001178,0 -50.3359101641227,-32.2540898362769,0 -50.3366670002818,-32.2544047770588,0 -50.3393964921543,-32.2560624919903,0 -50.3422211988492,-32.2577775800712,0 -50.34666700008189,-32.2604765543494,0 -50.3485127029988,-32.2614872970011,0 -50.35137159022671,-32.263332999918,0 -50.3540278395132,-32.2659721602869,0 -50.3566669998821,-32.268594230839,0 -50.35897657041241,-32.2710234300872,0 -50.3602973714265,-32.2733329997181,0 -50.36134717613119,-32.2780119546879,0 -50.3614814530066,-32.2785185472931,0 -50.3624458086271,-32.2833330004176,0 -50.3629853595866,-32.2870158608932,0 -50.36343701980261,-32.2901042398188,0 -50.36391065225471,-32.2933330002177,0 -50.3638813550405,-32.2961198652395,0 -50.3638422929874,-32.3005070720437,0 -50.3638105550131,-32.3033330000179,0 -50.3624287188103,-32.3075712808899,0 -50.3620576252592,-32.3087224041156,0 -50.3605415112817,-32.313332999818,0 -50.35959180471799,-32.3162578046539,0 -50.3575996175283,-32.3224003828713,0 -50.3572968832445,-32.3233329996182,0 -50.3571430739936,-32.323809074629,0 -50.3566669998821,-32.3252763590167,0 -50.35469434416861,-32.3313603437048,0 -50.3540546950681,-32.3333330003177,0 -50.35150342544269,-32.3381706460584,0 -50.3511420976296,-32.3388579025701,0 -50.3487836993082,-32.3433330001178,0 -50.348173347422,-32.3448393474579,0 -50.34666700008189,-32.3473491133708,0 -50.34460157030621,-32.3512675701422,0 -50.3435127035484,-32.353332999918,0 -50.3415376052762,-32.3582048261917,0 -50.3411543043276,-32.3588469160523,0 -50.33874951987439,-32.3633329997181,0 -50.3381831133599,-32.3648478924163,0 -50.3366670002818,-32.3688871991848,0 -50.3354975659599,-32.3721635660957,0 -50.3350385816652,-32.3733330004176,0 -50.3340986408396,-32.3759025802398,0 -50.3327949296423,-32.3794609295782,0 -50.3313764730457,-32.3833330002178,0 -50.3301142655608,-32.3867790449169,0 -50.32831739043521,-32.3916826091651,0 -50.3277119218677,-32.3933330000179,0 -50.327455574615,-32.3941203537713,0 -50.32666699958231,-32.3952067788697,0 -50.323375984514,-32.4000419847497,0 -50.3211347732511,-32.403332999818,0 -50.3195966879368,-32.4062626870733,0 -50.3166669997822,-32.4098955002771,0 -50.3152753987406,-32.4119401772973,0 -50.3143256912776,-32.4133329996182,0 -50.3117402420185,-32.4182585370019,0 -50.3116962966467,-32.4183622971822,0 -50.307904792672,-32.4233330003177,0 -50.3075361407803,-32.4242021402166,0 -50.30666699998199,-32.4256401291886,0 -50.3046821368711,-32.4313481370069,0 -50.3032490312178,-32.4333330001178,0 -50.30124951994929,-32.4379155198853,0 -50.30060498842941,-32.4393937912904,0 -50.2988886799686,-32.443332999918,0 -50.2982148512344,-32.4448808518698,0 -50.2966670001819,-32.44843065585,0 -50.2956757890064,-32.4523405681626,0 -50.2954218825138,-32.4533329997181,0 -50.2949995195121,-32.4550004803878,0 -50.2936518629431,-32.4603166427988,0 -50.29288526194521,-32.4633330004176,0 -50.2930830156686,-32.4669182053109,0 -50.2932465897583,-32.4699113694141,0 -50.2934321369835,-32.4733330002177,0 -50.2939912185199,-32.4760087809804,0 -50.2952192463711,-32.4818864665871,0 -50.2955219806548,-32.4833330000179,0 -50.2957978593836,-32.4842009195368,0 -50.2966670001819,-32.4888115152392,0 -50.2980952225165,-32.4919047774835,0 -50.2987544021939,-32.4933329998181,0 -50.3004658282354,-32.4971318278715,0 -50.30140821072029,-32.4985917890797,0 -50.3024262774507,-32.5033329996182,0 -50.30294141361531,-32.5070573656049,0 -50.303178230291,-32.5098454510067,0 -50.30362012476889,-32.5133330003177,0 -50.3040644609061,-32.5159355393936,0 -50.3050581128416,-32.5217228925974,0 -50.30533399246971,-32.5233330001178,0 -50.30552930453379,-32.5244719159461,0 -50.30666699998199,-32.5311125414106,0 -50.3072456129946,-32.5333329999179,0 -50.3119038161082,-32.538094963212,0 -50.3166669997822,-32.542963126547,0 -50.31684278126929,-32.5431572191303,0 -50.3169819414634,-32.5433329997181,0 -50.31742383594119,-32.5440886154972,0 -50.32071485190891,-32.5492863695703,0 -50.3225874103807,-32.5533330004176,0 -50.323661628981,-32.556337150639,0 -50.32589063284641,-32.5625566325825,0 -50.3261689532346,-32.5633330002178,0 -50.3263618245385,-32.5636393965409,0 -50.32666699958231,-32.5641276780499,0 -50.3306391683629,-32.5693608321366,0 -50.33365430470231,-32.5733330000179,0 -50.3350996168538,-32.5749003825466,0 -50.3366670002818,-32.57660204285,0 -50.3408027422527,-32.5791972578471,0 -50.34544141389011,-32.5821074136262,0 -50.34666700008189,-32.5828764571827,0 -50.3469209065746,-32.5830790933255,0 -50.3471381917741,-32.583332999818,0 -50.3478315510852,-32.5844975508213,0 -50.3507880938954,-32.5892106854247,0 -50.35287305424799,-32.5933329996182,0 -50.35434278119439,-32.5956572183059,0 -50.3566669998821,-32.5993339768815,0 -50.3581855546196,-32.6018132243008,0 -50.35904492967969,-32.6033330003177,0 -50.36255567160691,-32.607444328393,0 -50.3666669996822,-32.6129252852737,0 -50.3668745191437,-32.613124259377,0 -50.3670307691546,-32.6133330001178,0 -50.3699995193623,-32.6166642985185,0 -50.3715717852097,-32.6184294356699,0 -50.3759394605376,-32.623332999918,0 -50.3762812577738,-32.6237175212466,0 -50.3766670003817,-32.6241496499863,0 -50.3809931719973,-32.6290056077225,0 -50.38484815192059,-32.6333329997181,0 -50.3857587964313,-32.6342424238487,0 -50.3866670001819,-32.6351518479793,0 -50.390758796781,-32.6392424241985,0 -50.3948481526201,-32.6433330004176,0 -50.3957587971307,-32.6442424236489,0 -50.396666999982,-32.6451518477795,0 -50.4013545003099,-32.6486454998899,0 -50.403812995873,-32.6504777750292,0 -50.4066669997821,-32.652606681653,0 -50.4070844803645,-32.6529142992555,0 -50.4075166091042,-32.6533330002177,0 -50.4088862379095,-32.6555534587251,0 -50.4111762769635,-32.6588237228365,0 -50.4129682696699,-32.6633330000179,0 -50.4131904372888,-32.6668095623114,0 -50.4133979567503,-32.670063956986,0 -50.41360791787099,-32.6733329998181,0 -50.4135639724993,-32.6764348065211,0 -50.41351270304881,-32.6801799234647,0 -50.4134711993364,-32.6833329996182,0 -50.4133808669334,-32.6866203535465,0 -50.4132465900581,-32.689912589894,0 -50.4131562576551,-32.6933330003177,0 -50.41300977338231,-32.6969914468977,0 -50.4129047928219,-32.6995720137374,0 -50.41275586688969,-32.7033330001178,0 -50.41253614093011,-32.7074650800494,0 -50.4124677816628,-32.7091337810991,0 -50.41223828906571,-32.713332999918,0 -50.4118769612527,-32.7181230391469,0 -50.4118501056978,-32.7185148845542,0 -50.4114814529067,-32.7233329997181,0 -50.4111103593556,-32.7277775796715,0 -50.4110102621138,-32.7289897380859,0 -50.4106489334015,-32.7333330004176,0 -50.41330762524671,-32.7366923747533,0 -50.4166669995823,-32.7409355389439,0 -50.4177265700251,-32.7422722093949,0 -50.4185737385871,-32.7433330002177,0 -50.42218213699601,-32.7478178635035,0 -50.4266670002818,-32.7533342203979,0 -50.4316523515747,-32.7583476485251,0 -50.4366084065527,-32.763332999818,0 -50.436667000082,-32.7633684007311,0 -50.43672071119181,-32.7633867109279,0 -50.444081550623,-32.7659172286971,0 -50.4515253983784,-32.7684758224012,0 -50.4519599687775,-32.7686247483334,0 -50.4566669996822,-32.7702434003126,0 -50.4590327229818,-32.770966056838,0 -50.4664448318634,-32.7733329996182,0 -50.4666206133506,-32.7733781662693,0 -50.4666670003817,-32.7733891523874,0 -50.46672071059231,-32.7733867107281,0 -50.47342237124541,-32.7733329996182,0 -50.47663770296761,-32.7733037033032,0 -50.4766670001819,-32.7733073653426,0 -50.476808601136,-32.7733329996182,0 -50.485299812836,-32.7746989663842,0 -50.48666699998199,-32.7747954024858,0 -50.49410108199929,-32.7758989183004,0 -50.4966669997822,-32.7762797775896,0 -50.4995332110888,-32.7761992109248,0 -50.5039228595523,-32.7760771405476,0 -50.50666699958229,-32.7760002359221,0 -50.5090571367774,-32.7757231368133,0 -50.5149628983191,-32.7750371015809,0 -50.5166670002818,-32.7748393478576,0 -50.5178217855469,-32.7744890061626,0 -50.526344734322,-32.7736552653781,0 -50.5266670000819,-32.7735832440714,0 -50.5268403399097,-32.773506339446,0 -50.5272285232777,-32.7733329996182,0 -50.5327290116346,-32.7693950113706,0 -50.5366669998821,-32.7669584880438,0 -50.5381831129603,-32.7648503341755,0 -50.5391181722658,-32.763332999818,0 -50.5407465899831,-32.759253409717,0 -50.5413007891001,-32.7579680096159,0 -50.54296094569099,-32.7533330000179,0 -50.5440376050514,-32.750702385007,0 -50.5466669996823,-32.7442790447421,0 -50.5469526441491,-32.7436186446847,0 -50.5470551839495,-32.7433330002177,0 -50.54732373859959,-32.7426762613004,0 -50.5498481526701,-32.7365129312267,0 -50.551149422208,-32.7333330004176,0 -50.5491596757784,-32.7308391039414,0 -50.5466669996823,-32.7277116620635,0 -50.54472364028371,-32.7252751387366,0 -50.54317578923129,-32.7233329997181,0 -50.5402876056884,-32.7197123948111,0 -50.5366669998821,-32.7151713787561,0 -50.5353266682911,-32.7146745527883,0 -50.5317133865635,-32.713332999918,0 -50.52819287889821,-32.7118071211017,0 -50.5266670000819,-32.7107072673265,0 -50.5223408284664,-32.7076591717333,0 -50.5199995199618,-32.7033330001178,0 -50.5198408282915,-32.700159172108,0 -50.5196479569876,-32.6963127366434,0 -50.5194965893961,-32.6933330003177,0 -50.52115918764629,-32.6888408120538,0 -50.5211811598826,-32.6878471601183,0 -50.5255537185292,-32.6844462811709,0 -50.5266670000819,-32.6834587320348,0 -50.5269331130727,-32.6833329996182,0 -50.53354688298229,-32.6802128827183,0 -50.5366669998821,-32.6787419353919,0 -50.5399995195621,-32.6766667398781,0 -50.54535352364621,-32.6733329998181,0 -50.5461811598326,-32.6728459395884,0 -50.5466669996823,-32.6725590738421,0 -50.5485493238921,-32.6714494552281,0 -50.55247266398221,-32.6691386643179,0 -50.5566670003817,-32.666666740078,0 -50.5584101643975,-32.6650749436537,0 -50.56232373785021,-32.6633330000179,0 -50.5651582111824,-32.6618242110185,0 -50.5666670001819,-32.6610222091076,0 -50.56901563276521,-32.6609843674346,0 -50.5742329183145,-32.6609001387304,0 -50.576666999982,-32.660859855398,0 -50.57917920665499,-32.6608195720656,0 -50.5840742264443,-32.6607414470601,0 -50.5866669997822,-32.6606987229677,0 -50.5893452231035,-32.6606559979759,0 -50.59391553547351,-32.6605827562891,0 -50.5966669995823,-32.660537589638,0 -50.5993842849567,-32.6606144942634,0 -50.6043891677259,-32.6610563887413,0 -50.6066670002818,-32.661128410048,0 -50.60848584764369,-32.6615129313766,0 -50.61324170723889,-32.6633330000179,0 -50.615983406509,-32.6640165935909,0 -50.61666700008201,-32.6641874917593,0 -50.61780469553031,-32.6644719158462,0 -50.6239863358007,-32.6660136640993,0 -50.62666699988209,-32.6666813882354,0 -50.63102979279069,-32.6689714272895,0 -50.635270515322,-32.6733329998181,0 -50.63592481258,-32.6740751878196,0 -50.6366669996822,-32.6749186934429,0 -50.64112500741311,-32.6788749918873,0 -50.6443940511445,-32.6833329996182,0 -50.6454829179023,-32.6845183024776,0 -50.6466670003817,-32.6858085858975,0 -50.6506538164205,-32.689347404659,0 -50.65357617959701,-32.6933330003177,0 -50.65473828894081,-32.6952617106594,0 -50.6566670001819,-32.6984587321847,0 -50.6587104568221,-32.7012883221983,0 -50.65949414853609,-32.7033330001178,0 -50.6592329179647,-32.7058989179007,0 -50.65891309386419,-32.7110881266157,0 -50.65869825032389,-32.713332999918,0 -50.6584663160676,-32.7151310954237,0 -50.65750684376579,-32.7224919357542,0 -50.65739942154601,-32.7233329997181,0 -50.6573139724618,-32.7239799728974,0 -50.6566670001819,-32.7289567797316,0 -50.65616407051539,-32.7328288494718,0 -50.65609815200799,-32.7333330004176,0 -50.6550385824646,-32.7349614181349,0 -50.65238233227879,-32.7390471110353,0 -50.6495942459777,-32.7433330002177,0 -50.6483100662565,-32.7449772873719,0 -50.6466670003817,-32.7465471115599,0 -50.6427705158466,-32.7494352951027,0 -50.6368891682005,-32.7531108323989,0 -50.6366669996822,-32.7532548750124,0 -50.63661084781231,-32.7533330000179,0 -50.6364570394608,-32.7535429611387,0 -50.6324189530722,-32.759084953208,0 -50.6293232500679,-32.763332999818,0 -50.628844734297,-32.7655095138529,0 -50.62725049621339,-32.7727495041862,0 -50.6271211017574,-32.7733329996182,0 -50.6271381915743,-32.7738041913103,0 -50.6274360425393,-32.7825627363811,0 -50.6274628980942,-32.7833330003177,0 -50.62749219530851,-32.7841569744647,0 -50.6277680740374,-32.7922331463426,0 -50.62780469533039,-32.7933330001178,0 -50.6285566481707,-32.7952214280264,0 -50.63049268349049,-32.7995073163095,0 -50.6317622150542,-32.803332999918,0 -50.6340083087364,-32.8059916917631,0 -50.6366669996822,-32.8091386642179,0 -50.6392768628369,-32.8107231365635,0 -50.6435786214562,-32.8133329997181,0 -50.64539014473931,-32.8146086349805,0 -50.6466670003817,-32.8159245526759,0 -50.64950879689341,-32.8204899826266,0 -50.6503901441898,-32.8233330004176,0 -50.6508857497775,-32.8275505294333,0 -50.6510493238671,-32.828950675833,0 -50.6515620192718,-32.8333330002177,0 -50.6531831129103,-32.8368181078694,0 -50.6558149492005,-32.8424809490365,0 -50.6562104566472,-32.8433330000179,0 -50.6563715899769,-32.8436284102229,0 -50.6566670001819,-32.8443144454553,0 -50.6595283281698,-32.8504704514501,0 -50.660858894922,-32.8533329998181,0 -50.662909675641,-32.8570903241591,0 -50.6647846757721,-32.8614506754083,0 -50.6656684647278,-32.8633329996182,0 -50.6659370193779,-32.8640629802223,0 -50.666666999982,-32.8658122479368,0 -50.6702436604165,-32.8697575602632,0 -50.6716035234838,-32.8733330003176,0 -50.67343946066259,-32.8765617598173,0 -50.67621778122561,-32.8828837815612,0 -50.6764350664251,-32.8833330001178,0 -50.67651807384999,-32.88348192605,0 -50.6766669997822,-32.8837504807001,0 -50.680275398191,-32.8897246015091,0 -50.6820161214468,-32.893332999918,0 -50.6834589919389,-32.8965422288408,0 -50.6863837967747,-32.9030510172906,0 -50.6865107495714,-32.9033329997181,0 -50.6865424884451,-32.9034562913747,0 -50.68666699958229,-32.9040007247536,0 -50.6884272543143,-32.9115727456856,0 -50.6888374099185,-32.9133330004176,0 -50.68958936365819,-32.9162553635941,0 -50.69048535911201,-32.9195134203081,0 -50.6914228591776,-32.9233330002177,0 -50.6926826250031,-32.9273173745971,0 -50.6933833083929,-32.9300493090283,0 -50.6943330158559,-32.9333330000179,0 -50.6952973714764,-32.9347026288232,0 -50.6966670002818,-32.9366472086017,0 -50.700797858934,-32.9392033615459,0 -50.70536084722531,-32.9420268478607,0 -50.7066670000819,-32.9428349534703,0 -50.7070747149261,-32.9429240645939,0 -50.7089472733979,-32.943332999818,0 -50.7151923905164,-32.9448088304631,0 -50.7166669998821,-32.9453203045883,0 -50.7216328205981,-32.9483684001815,0 -50.72361280039039,-32.9502775799463,0 -50.7266669996823,-32.9531938394241,0 -50.7267890700595,-32.9533329996182,0 -50.7277119219676,-32.9543767015235,0 -50.7314204176182,-32.9585808027618,0 -50.7356123123583,-32.9633330003177,0 -50.73602735128119,-32.9639726485188,0 -50.73666700038171,-32.9651054606484,0 -50.7400532302723,-32.9699467693279,0 -50.7422700276396,-32.9733330001178,0 -50.7438154379321,-32.9761845623676,0 -50.7466670001818,-32.9823198165063,0 -50.7470063557587,-32.9829936443411,0 -50.7471626057696,-32.983332999918,0 -50.7477509845203,-32.9844169842564,0 -50.7505805745338,-32.9894194253661,0 -50.75249951913751,-32.9933329997181,0 -50.7535493238422,-32.9964506758579,0 -50.755458503607,-33.0021245040426,0 -50.7558662184512,-33.0033330004176,0 -50.7558393628962,-33.004159416224,0 -50.75589551566551,-33.0125627362812,0 -50.7558711017699,-33.0133330002178,0 -50.7559345777186,-33.0140654215819,0 -50.756666999982,-33.0181254802067,0 -50.7575263750421,-33.0224736249578,0 -50.7576948324505,-33.0233330000179,0 -50.7579487380438,-33.0246147380797,0 -50.7591743242356,-33.0308244551844,0 -50.7596699298234,-33.0333329998181,0 -50.7590302816221,-33.0356950601789,0 -50.7570625074287,-33.0429374921715,0 -50.7569550861083,-33.0433329996182,0 -50.7568940509197,-33.0435588301758,0 -50.756666999982,-33.044392570061,0 -50.75448926556711,-33.0511552659028,0 -50.75313428491929,-33.0533330003177,0 -50.7499604569095,-33.0566252366653,0 -50.7466670001818,-33.0593327563016,0 -50.7443378981754,-33.0610026777313,0 -50.7410859451602,-33.0633330001178,0 -50.73892041814269,-33.0655864178788,0 -50.73666700038171,-33.0679301680428,0 -50.7342133863387,-33.0708781663942,0 -50.7321699296984,-33.073332999918,0 -50.7300141675198,-33.0766801677555,0 -50.7266669996823,-33.0818742597892,0 -50.726117683884,-33.0827836839198,0 -50.7257856523859,-33.0833329997181,0 -50.72150098448279,-33.0881657639388,0 -50.7166669998821,-33.0911284104478,0 -50.715058113641,-33.0917253336572,0 -50.71072461704739,-33.0933330004176,0 -50.7080952224165,-33.0947612227522,0 -50.7066670000819,-33.0955375894881,0 -50.7026948322007,-33.0973051682988,0 -50.70130567191921,-33.097971672055,0 -50.6966670002818,-33.0997917397969,0 -50.6941303788139,-33.1007963787499,0 -50.6877192459464,-33.1033330002177,0 -50.6872309644374,-33.1038969650729,0 -50.68666699958229,-33.1043327558519,0 -50.6820527418405,-33.1087175218961,0 -50.6771943433442,-33.1133330000179,0 -50.6769477618297,-33.1136149824454,0 -50.6766669997822,-33.113833488025,0 -50.6717963947877,-33.1184611735443,0 -50.666666999982,-33.123332999818,0 -50.6575752030332,-33.1224235765868,0 -50.6566670001819,-33.1223332441838,0 -50.6556147538178,-33.1222807543533,0 -50.6477192458465,-33.1222807543533,0 -50.6466670003817,-33.1222221599247,0 -50.6366669996822,-33.1222221599247,0 -50.63452344490101,-33.1211906663162,0 -50.6306660233183,-33.1193327560018,0 -50.62666699988209,-33.1174077068002,0 -50.6243989339636,-33.1156010668357,0 -50.6219843828729,-33.1133330000179,0 -50.6196088947347,-33.1103923257452,0 -50.61666700008201,-33.1050004808874,0 -50.6161298907818,-33.1038713298979,0 -50.61587354262979,-33.1033330002177,0 -50.6100996172035,-33.099901603676,0 -50.6066670002818,-33.0978618081759,0 -50.60410596491829,-33.0958928145017,0 -50.60234326942631,-33.0933330004176,0 -50.6000532303722,-33.0899467696277,0 -50.5966669995823,-33.0849333415005,0 -50.5957514726523,-33.0842497479275,0 -50.59492627722589,-33.0833329997181,0 -50.5906245195059,-33.0793754808937,0 -50.5866669997822,-33.0757341232311,0 -50.5852924885575,-33.074707512042,0 -50.5840571366275,-33.073332999918,0 -50.5798139724369,-33.0701848070831,0 -50.576666999982,-33.0678496013779,0 -50.5741450275709,-33.0658561938083,0 -50.5726289144928,-33.0633330001178,0 -50.5704707106547,-33.0595292887456,0 -50.5699702226476,-33.0566374431634,0 -50.5688496170162,-33.0533330003177,0 -50.5685859456848,-33.0514140548148,0 -50.5675996169288,-33.0442668376444,0 -50.5674726641321,-33.0433329996182,0 -50.56737500765049,-33.0426262125296,0 -50.5666670001819,-33.0374992593833,0 -50.5653852621201,-33.0346147378798,0 -50.56481397228701,-33.0333329998181,0 -50.5660810621912,-33.0327482831067,0 -50.5666670001819,-33.0324785080766,0 -50.5703437578581,-33.0270097576941,0 -50.5728169024781,-33.0233330000179,0 -50.5743647535305,-33.0210307535664,0 -50.576666999982,-33.0176066820027,0 -50.5782343825107,-33.0149003827464,0 -50.57883985197749,-33.0133330002178,0 -50.5793989335139,-33.0106010666858,0 -50.58030713636519,-33.0069719164208,0 -50.580968757702,-33.0033330004176,0 -50.5835322347248,-33.0001982344609,0 -50.5866669997822,-32.9963664471538,0 -50.5880317461681,-32.9946977461041,0 -50.5891474684809,-32.9933329997181,0 -50.5966669995823,-32.9868669353608,0 -50.598168464503,-32.9848344648386,0 -50.5992768636363,-32.983332999918,0 -50.6024165120124,-32.9790837320286,0 -50.6066645586224,-32.9733354417772,0 -50.6053388751889,-32.9646623457906,0 -50.6052729566816,-32.9633330003177,0 -50.6013691480677,-32.9586308518323,0 -50.5984492265505,-32.9551152265864,0 -50.59696973476539,-32.9533329996182,0 -50.5966669995823,-32.9529680097658,0 -50.5961323319415,-32.9527983319774,0 -50.5893427814441,-32.9506572188555,0 -50.5866669997822,-32.949795402136,0 -50.5818330151815,-32.9481682047988,0 -50.5813252030956,-32.9479899825516,0 -50.576666999982,-32.9463908611493,0 -50.5744086989023,-32.9455925212778,0 -50.5680146558516,-32.943332999818,0 -50.5670185622568,-32.9429814377431,0 -50.5666670001819,-32.9428569257065,0 -50.55879834776551,-32.9412004320542,0 -50.5566670003817,-32.9407512125983,0 -50.5533979566503,-32.940063956986,0 -50.5505390703218,-32.9394609300778,0 -50.5466669996823,-32.9386467207695,0 -50.5421943437939,-32.9378056559062,0 -50.5408491288841,-32.9375163494,0 -50.5366669998821,-32.9366923752528,0 -50.5333369218614,-32.9366618576586,0 -50.5298237382748,-32.9364897382108,0 -50.5266670000819,-32.9364580002365,0 -50.52335401187809,-32.9366459882218,0 -50.5201191486797,-32.9367863687958,0 -50.5166670002818,-32.9369877854579,0 -50.5128437574334,-32.9371562419669,0 -50.5105878980131,-32.9372551188286,0 -50.50666699958229,-32.9374272382764,0 -50.5017548908755,-32.9382451096241,0 -50.5016035232839,-32.9382707438997,0 -50.4966669997822,-32.9390934976668,0 -50.4936640699408,-32.940331291256,0 -50.4868647537054,-32.9431340257147,0 -50.4863837971745,-32.943332999818,0 -50.4797846754224,-32.9464506759579,0 -50.4766670001819,-32.9487053140989,0 -50.471491218345,-32.9533329996182,0 -50.4689448320383,-32.9556108321741,0 -50.4666670003817,-32.9576469647356,0 -50.4627045973393,-32.9593718185545,0 -50.45902783966299,-32.9609721603369,0 -50.4566669996822,-32.9619999919061,0 -50.4557392653548,-32.9624040447109,0 -50.4536054763116,-32.9633330003177,0 -50.4551484449447,-32.9648503337758,0 -50.4566669996822,-32.9663420329584,0 -50.4595185628314,-32.970481437868,0 -50.4603071369647,-32.9733330001178,0 -50.46304883623469,-32.9769511642648,0 -50.4666670003817,-32.983332999918,0 -50.4700752034079,-32.9899260179713,0 -50.4718354572405,-32.9933329997181,0 -50.4736665119999,-32.9963334879001,0 -50.4766670001819,-33.0012480391657,0 -50.4774580159746,-33.0025419846248,0 -50.4779389725055,-33.0033330004176,0 -50.48181348480439,-33.0081877359752,0 -50.4829609450915,-33.0096269453272,0 -50.4859174879017,-33.0133330002178,0 -50.48625684347851,-33.0137419354419,0 -50.48666699998199,-33.0141996993566,0 -50.4910615308649,-33.0189372478557,0 -50.4951411209659,-33.0233330000179,0 -50.4958759839894,-33.0241252361906,0 -50.4966669997822,-33.024978507552,0 -50.5007978593337,-33.0274638595694,0 -50.5018818436721,-33.0281169355481,0 -50.50666699958229,-33.0309953533528,0 -50.50838086728321,-33.0316191330165,0 -50.5130952222667,-33.0333329998181,0 -50.5147431714602,-33.0352568277403,0 -50.5166670002818,-33.0375004806626,0 -50.5193086014108,-33.0406913984892,0 -50.5213325274741,-33.0433329996182,0 -50.5234663165173,-33.0465336831829,0 -50.5266670000819,-33.0522233808043,0 -50.527128426036,-33.0528715743636,0 -50.5274555742153,-33.0533330003177,0 -50.5293916095351,-33.0560563884915,0 -50.53128125782379,-33.0587175210967,0 -50.53456006639391,-33.0633330001178,0 -50.5344453200954,-33.0655559002846,0 -50.5340351644912,-33.073332999918,0 -50.53201612084721,-33.0779850993328,0 -50.5318037189664,-33.0784709391825,0 -50.5296919021595,-33.0833329997181,0 -50.5287763752295,-33.0854423748656,0 -50.5266670000819,-33.0903007733619,0 -50.52572705835701,-33.0923930586927,0 -50.5244428786359,-33.0933330004176,0 -50.5195844801396,-33.0962492598954,0 -50.5133344806018,-33.0999992601577,0 -50.50777783947569,-33.1033330002177,0 -50.50716260517,-33.1038286058055,0 -50.50666699958229,-33.1040788493594,0 -50.5051753003997,-33.1048259197804,0 -50.50061231210849,-33.1072795329241,0 -50.4966669997822,-33.1089738691487,0 -50.49428174590581,-33.1109465257615,0 -50.4910004956763,-33.1133330000179,0 -50.4885517658513,-33.1152165446078,0 -50.48666699998199,-33.116666740078,0 -50.4830170978607,-33.1196843180768,0 -50.4780000076942,-33.123332999818,0 -50.47724561319441,-33.1239128341099,0 -50.4766670001819,-33.1243583906272,0 -50.4717548905757,-33.1284208909113,0 -50.47111035905581,-33.1288884196648,0 -50.4666670003817,-33.1321830976718,0 -50.4661884846108,-33.1328532634673,0 -50.4658906327464,-33.1333329996182,0 -50.4666670003817,-33.1342595135657,0 -50.46874951997431,-33.1354167404901,0 -50.4724995193373,-33.1374992600827,0 -50.4766670001819,-33.1398149334124,0 -50.4789277420217,-33.1410710371986,0 -50.4830000080439,-33.1433330003177,0 -50.485160652642,-33.1448405680378,0 -50.48666699998199,-33.1467704996588,0 -50.4890131918053,-33.1509868082945,0 -50.48999951966199,-33.1533330001178,0 -50.4916670003317,-33.1583329995682,0 -50.49333203934209,-33.1633329999179,0 -50.4951777422589,-33.1648222574412,0 -50.4966669997822,-33.1662907640075,0 -50.50042676578251,-33.1695744549971,0 -50.50276319096841,-33.1733329997181,0 -50.5046284253615,-33.1753715739389,0 -50.50666699958229,-33.1776005778044,0 -50.51008008592719,-33.1799211344527,0 -50.51276563242789,-33.1833330004176,0 -50.5166670002818,-33.1869999923557,0 -50.520436531121,-33.1895634684793,0 -50.5234028396693,-33.1933330002178,0 -50.52495557404049,-33.1950432049799,0 -50.5266670000819,-33.1969279708491,0 -50.5305244216647,-33.1994743571558,0 -50.5335004959511,-33.2033330000179,0 -50.5348042071484,-33.2051957927516,0 -50.5366669998821,-33.2078581466361,0 -50.5395063556338,-33.2104936449657,0 -50.5425629956857,-33.213332999818,0 -50.5446919023094,-33.2153080980902,0 -50.5466669996823,-33.217142814889,0 -50.5498774489851,-33.2201237715947,0 -50.55333448070171,-33.2233329996182,0 -50.5550629956607,-33.2249382247193,0 -50.5566670003817,-33.2264287035218,0 -50.5602461015763,-33.2297526778437,0 -50.564103523159,-33.2333330003177,0 -50.56539746861821,-33.234602530982,0 -50.5666670001819,-33.2353532634423,0 -50.5714985431232,-33.2385014571765,0 -50.57240186355511,-33.2390666424116,0 -50.576666999982,-33.2417643963098,0 -50.5776191482051,-33.2423808518948,0 -50.5790913168108,-33.2433330001178,0 -50.5836640699408,-33.2463359299592,0 -50.5866669997822,-33.2482353439859,0 -50.5897627027865,-33.2502385172937,0 -50.5945454179367,-33.253332999918,0 -50.59582471523841,-33.2541740647812,0 -50.5966669995823,-33.2547062907627,0 -50.6006123128079,-33.2572783122443,0 -50.60189649252911,-33.2581035076707,0 -50.6066670002818,-33.2613749921621,0 -50.6077851642539,-33.2622160570253,0 -50.6091010819493,-33.2633329997181,0 -50.6128095784992,-33.2671892009208,0 -50.61666700008201,-33.2712004317545,0 -50.61771192146801,-33.2722880781322,0 -50.6187177808009,-33.2733330004176,0 -50.6224921949588,-33.2775090257209,0 -50.62666699988209,-33.2819450603162,0 -50.6273969804862,-33.2826042399936,0 -50.6282050860958,-33.2833330002177,0 -50.6326508864292,-33.2873478921914,0 -50.6366669996822,-33.2909721600371,0 -50.6381196368117,-33.2918803628884,0 -50.64044385549951,-33.2933330000179,0 -50.643920417793,-33.2960783613273,0 -50.6466670003817,-33.2982463300041,0 -50.64950879689341,-33.300489982027,0 -50.65310987122351,-33.3033329998181,0 -50.654489265767,-33.3055095138529,0 -50.6566670001819,-33.3086662520458,0 -50.6586958086646,-33.3113041911355,0 -50.6605561597389,-33.3133329996182,0 -50.6636103590308,-33.3163884201894,0 -50.666666999982,-33.3194438398613,0 -50.6687885816277,-33.3212114177726,0 -50.6713325271743,-33.3233330003177,0 -50.6742426838527,-33.3257573162471,0 -50.6766669997822,-33.3277775802711,0 -50.6796967851785,-33.3303032147215,0 -50.6833344808016,-33.3333330001178,0 -50.6836372150854,-33.3363640058941,0 -50.6840742262445,-33.3407402265801,0 -50.6843330160558,-33.3433329999179,0 -50.6844086994019,-33.3455913009977,0 -50.6842426836529,-33.3509086837887,0 -50.6843134845796,-33.3533329997181,0 -50.6841670003068,-33.355832999893,0 -50.6837714919607,-33.360438713176,0 -50.6836103595304,-33.3633330004176,0 -50.6849751059164,-33.3650248940835,0 -50.68666699958229,-33.3671269451523,0 -50.6894355544073,-33.3705644453928,0 -50.6916669999321,-33.3733330002178,0 -50.6944453204951,-33.3755559003844,0 -50.6966670002818,-33.3773332440339,0 -50.6997700273648,-33.3802299729348,0 -50.70309522296609,-33.3833330000179,0 -50.7049433675423,-33.3850578538368,0 -50.7066670000819,-33.3866667400779,0 -50.709999519762,-33.390000480138,0 -50.713332039442,-33.393332999818,0 -50.7155952229411,-33.3944047776583,0 -50.7166669998821,-33.3949125897442,0 -50.7196674880641,-33.396333488,0 -50.7223798910191,-33.3976188890005,0 -50.7266669996823,-33.3996501382433,0 -50.7290302813224,-33.4009684975981,0 -50.7321357500648,-33.4033329996182,0 -50.735490241981,-33.4045097580189,0 -50.73666700038171,-33.404944328418,0 -50.7391157302067,-33.4057805099625,0 -50.743253913837,-33.406744865583,0 -50.7466670001818,-33.4083720629203,0 -50.75054639490009,-33.4094548259794,0 -50.7536567460619,-33.4103227463976,0 -50.756666999982,-33.4111625899815,0 -50.7583637769667,-33.4116362224337,0 -50.7644428792354,-33.4133330003177,0 -50.7666669997822,-33.4139531170427,0 -50.7674751053918,-33.4141411050279,0 -50.7742768632866,-33.4157231366134,0 -50.7766669995823,-33.4162785570098,0 -50.78148145270679,-33.4185185469933,0 -50.78555860114851,-33.4222246018838,0 -50.7866670002818,-33.423188956605,0 -50.7867304762304,-33.4232707445492,0 -50.78677686326159,-33.4233330001178,0 -50.78714307439329,-33.4238078538493,0 -50.7910688552435,-33.4289311449563,0 -50.79444532029531,-33.433332999918,0 -50.7958442463149,-33.434155753685,0 -50.7966670000819,-33.4349589768752,0 -50.8013911208035,-33.4386088789965,0 -50.8051093830915,-33.4433329997181,0 -50.80578321092641,-33.4442167886738,0 -50.80666699988209,-33.4453764572577,0 -50.8109199298109,-33.4490800704888,0 -50.814623543042,-33.4533330004176,0 -50.8156440505325,-33.454354728288,0 -50.8166669996822,-33.4553764570578,0 -50.82091992961101,-33.459080070289,0 -50.8246235428422,-33.4633330002177,0 -50.82562207809641,-33.4643779216037,0 -50.8266670003817,-33.4654692300209,0 -50.8311543044276,-33.468846916352,0 -50.83587598438911,-33.4733330000179,0 -50.8362519612589,-33.4737468185608,0 -50.8366670001819,-33.4742033611961,0 -50.83766797619611,-33.4743339769315,0 -50.8445234452008,-33.4754765547991,0 -50.846666999982,-33.4757341233311,0 -50.8495942464772,-33.4762602465131,0 -50.8530610430327,-33.4769401780467,0 -50.8566669997822,-33.4775639568111,0 -50.8615058668022,-33.4784953531779,0 -50.86190625756771,-33.4785722578034,0 -50.86666699958229,-33.4794877847334,0 -50.8693696367993,-33.4806303635004,0 -50.8757563557712,-33.4833329998181,0 -50.87640332805109,-33.4835978924287,0 -50.8766670002818,-33.4836955489104,0 -50.8771674882889,-33.4838334887245,0 -50.8839936600793,-33.4860063398207,0 -50.886667000082,-33.4866667398781,0 -50.8908003003935,-33.4874675214089,0 -50.892252937523,-33.4877482834565,0 -50.8966669998821,-33.4886027751979,0 -50.8996186602729,-33.4903801188474,0 -50.904523444901,-33.4933329996182,0 -50.9058491292339,-33.4941496505859,0 -50.9066669996823,-33.4946525802523,0 -50.91142530093681,-33.4985746990631,0 -50.9141718826262,-33.5008366621822,0 -50.91666700038171,-33.5028935465999,0 -50.9169086994768,-33.5030925216025,0 -50.9171992263632,-33.5033330003176,0 -50.9222016683723,-33.5077983321273,0 -50.9266670001818,-33.5120988694672,0 -50.9272700270901,-33.5127287519303,0 -50.9278291095258,-33.5133330001178,0 -50.932033210764,-33.5179680097158,0 -50.93666699998201,-33.5230778730453,0 -50.9367866286999,-33.5232145915801,0 -50.93688916760101,-33.523332999918,0 -50.938329597333,-33.5249943768889,0 -50.94142774199669,-33.5285710373234,0 -50.9455561598888,-33.5333329997181,0 -50.9462934645717,-33.5337077562079,0 -50.9466669997822,-33.5338981858525,0 -50.94781690262791,-33.5344829025639,0 -50.9529218826387,-33.537078117561,0 -50.9566669995823,-33.5389824140071,0 -50.9594575275428,-33.5405436937364,0 -50.9637959065558,-33.5433330004176,0 -50.965504890938,-33.5444938884821,0 -50.9666670002818,-33.5452824626155,0 -50.97151563303999,-33.5484843674595,0 -50.9724091877338,-33.5490751878696,0 -50.97666700008191,-33.551886466787,0 -50.9776313557024,-33.5523686445972,0 -50.978856940995,-33.5533330002177,0 -50.98356153113971,-33.5564396893402,0 -50.98666699988209,-33.5584904709584,0 -50.9898945390017,-33.5601054608983,0 -50.9939985429983,-33.5633330000179,0 -50.9959150468419,-33.5640861741376,0 -50.9966669996822,-33.5644401778719,0 -50.99878858222721,-33.5654545816636,0 -51.0032636797749,-33.5667363206247,0 -51.0066670003817,-33.5702568282899,0 -51.0084834060843,-33.5715153728361,0 -51.01111035905579,-33.573332999818,0 -51.0150874102557,-33.5749125897442,0 -51.0166670001819,-33.576333488,0 -51.0212128986563,-33.5787883224231,0 -51.0231904376885,-33.5798564373247,0 -51.026666999982,-33.5817338791152,0 -51.0277631917179,-33.5822380291617,0 -51.03014356227559,-33.5833329996182,0 -51.0346113357445,-33.5853886636559,0 -51.0366669997822,-33.5863334886995,0 -51.0413740315863,-33.5886247481336,0 -51.0447651447956,-33.5914323650116,0 -51.0466669995823,-33.5929081956567,0 -51.0468574301262,-33.5931425706731,0 -51.0469770588442,-33.5933330003177,0 -51.0477753987157,-33.5944413985517,0 -51.051037117469,-33.5989641035105,0 -51.0541865315831,-33.6033330001178,0 -51.055507331698,-33.6044926678023,0 -51.05666700028181,-33.6055107345327,0 -51.060834480227,-33.6091667403527,0 -51.0655805740842,-33.613332999918,0 -51.06615918709681,-33.6138408129032,0 -51.066667000082,-33.6142851481411,0 -51.0679633863012,-33.6146293870365,0 -51.0738178792917,-33.6161821214077,0 -51.0766669998821,-33.6169389566675,0 -51.08087354277969,-33.6191276780998,0 -51.0849116291683,-33.6233329997181,0 -51.0855927810819,-33.6244084395977,0 -51.0866669996822,-33.6261113202812,0 -51.08946241006209,-33.6305375900377,0 -51.0912275472135,-33.6333330004176,0 -51.0953169021533,-33.6346843181267,0 -51.09666700038171,-33.635129874644,0 -51.0987006912838,-33.6353654709397,0 -51.10401807407479,-33.6359819256253,0 -51.1066670001819,-33.6362895432278,0 -51.10965039854699,-33.6363151775034,0 -51.1136494219832,-33.6363505784164,0 -51.11666699998201,-33.636376212692,0 -51.1196796955614,-33.6363456950977,0 -51.1236201245691,-33.6363798747314,0 -51.1266669997822,-33.6363493571371,0 -51.12961866017301,-33.6362834395291,0 -51.13383496880869,-33.6361650311912,0 -51.1366669995823,-33.6361015543432,0 -51.13938916827539,-33.6360551682114,0 -51.1445136797625,-33.6354863200376,0 -51.1466670002818,-33.6354423746658,0 -51.1485468828324,-33.6352116616888,0 -51.1556586990896,-33.6343413005106,0 -51.15666700008191,-33.6342167893733,0 -51.1574555742154,-33.6341203532717,0 -51.163888679319,-33.6333330004176,0 -51.1656245192561,-33.6322917401716,0 -51.1666669998821,-33.6316667401279,0 -51.16874951947471,-33.6312492595457,0 -51.1736103596303,-33.6302775798464,0 -51.1766669996823,-33.6296660075802,0 -51.1812495194497,-33.6287492593708,0 -51.1819453204201,-33.628611320456,0 -51.1866670003817,-33.6276664963117,0 -51.1901337969371,-33.6267997971729,0 -51.19461621856361,-33.6253837813364,0 -51.1966670001819,-33.6248149331626,0 -51.19885938275429,-33.6255253831898,0 -51.20304151175629,-33.6269572675638,0 -51.206666999982,-33.6280705491165,0 -51.210055671532,-33.6299431075883,0 -51.2166669997821,-33.6333330004176,0 -51.2232172928437,-33.6367814867762,0 -51.2266669995823,-33.6385966720987,0 -51.229569832182,-33.6404301676181,0 -51.23416700010689,-33.6433330002178,0 -51.23569776134261,-33.6443010178776,0 -51.23666700028181,-33.6449125901439,0 -51.2412373126518,-33.6487614663685,0 -51.246667000082,-33.6533342203979,0 -51.2529511792535,-33.6570475993672,0 -51.2566669998821,-33.6592424235989,0 -51.2592378009837,-33.6607621996158,0 -51.2635883864948,-33.6633329998181,0 -51.26553418755261,-33.664465812847,0 -51.2666669996822,-33.6650480878989,0 -51.2687373127768,-33.6654033129125,0 -51.2731855547695,-33.6668156658103,0 -51.27666700038169,-33.6672331463926,0 -51.2814692461088,-33.6685307538912,0 -51.2820112387276,-33.6686760177839,0 -51.2866670001819,-33.6699333419501,0 -51.2893427809445,-33.6706559984755,0 -51.2957099684402,-33.6723747476964,0 -51.29666699998201,-33.6726335375077,0 -51.29711377777859,-33.6728862227209,0 -51.2980927815566,-33.6733329996182,0 -51.30413526163299,-33.6758635173874,0 -51.3066669997822,-33.6769230878302,0 -51.3109028398941,-33.6790959398257,0 -51.3140376058508,-33.6807036056868,0 -51.31666699958231,-33.6820512613566,0 -51.3176557690985,-33.6823430095222,0 -51.3262177808259,-33.6828837808617,0 -51.3266670002818,-33.682976554924,0 -51.3269624104868,-33.6830363688333,0 -51.3284296948745,-33.6833330003176,0 -51.33528028145981,-33.6847197189398,0 -51.3366670000819,-33.685000480088,0 -51.3466669998821,-33.6900004804378,0 -51.3488374102183,-33.6911625897816,0 -51.3533320392422,-33.6933330001178,0 -51.35567334774671,-33.6943266520533,0 -51.3566669996823,-33.6947477946749,0 -51.3592597730201,-33.6959257734557,0 -51.3625336991709,-33.6974663004294,0 -51.3666670003817,-33.6992375412794,0 -51.36939649225431,-33.7006035080454,0 -51.3744135824209,-33.703332999918,0 -51.3759882890283,-33.7040104897922,0 -51.3766670001819,-33.7043022379578,0 -51.37836866048529,-33.7050346602214,0 -51.3829804765677,-33.7070183029523,0 -51.386666999982,-33.7086052169572,0 -51.3898945391016,-33.7101054605985,0 -51.3961225664033,-33.7133329997181,0 -51.3964765701376,-33.7135234293627,0 -51.3966669997822,-33.7136247478838,0 -51.3972773516684,-33.7139421312243,0 -51.4066669995823,-33.7188334880749,0 -51.40971875811411,-33.7202824631651,0 -51.4154462965093,-33.7233330004176,0 -51.41666700028181,-33.723957999562,0 -51.4178584059406,-33.7245244060765,0 -51.4230952229661,-33.7269047775334,0 -51.4266670000819,-33.7287382730528,0 -51.4300434651338,-33.7299553147859,0 -51.4361103591057,-33.7333330002177,0 -51.43666699988211,-33.7336357345015,0 -51.4371674878892,-33.7338334882248,0 -51.4436225661285,-33.7363762124922,0 -51.4466669996822,-33.7375761644084,0 -51.4507978592338,-33.7392021404664,0 -51.4536665113004,-33.7403337322159,0 -51.45666700038169,-33.741515373036,0 -51.45783155048571,-33.7421684490147,0 -51.4591669996573,-33.7433330000179,0 -51.4627534258299,-33.7472465743699,0 -51.4666670001819,-33.7515153728361,0 -51.4676069410075,-33.7523918377131,0 -51.4686176836591,-33.753332999818,0 -51.4727851645037,-33.7572160565757,0 -51.47666699998201,-33.7608342207226,0 -51.4779609454412,-33.7620390550583,0 -51.4793501057227,-33.7633329996182,0 -51.4834638745581,-33.7665361248422,0 -51.4866669997822,-33.7690300213184,0 -51.4890229573436,-33.7709758223763,0 -51.4915937575458,-33.7733330003177,0 -51.4941572345687,-33.7758427653313,0 -51.49666699958231,-33.7788896405444,0 -51.4986518635926,-33.7813481370069,0 -51.5002558674143,-33.7833330001178,0 -51.5031196370616,-33.786879142958,0 -51.5066670002818,-33.7912700118015,0 -51.5076093827668,-33.792391837813,0 -51.50840039855949,-33.793332999918,0 -51.5124189534719,-33.797579826148,0 -51.51666700008199,-33.8020659098138,0 -51.5172822343875,-33.8027165450325,0 -51.5178657307189,-33.8033329997181,0 -51.5225019606969,-33.8074980389033,0 -51.5266669998821,-33.8115837327031,0 -51.527533699021,-33.8124650799994,0 -51.52835401202799,-33.8133330004176,0 -51.53234082806669,-33.8176591720331,0 -51.5366669996823,-33.8223527751604,0 -51.5371528395319,-33.8228483807482,0 -51.5376289136434,-33.8233330002178,0 -51.54210401209041,-33.827895988509,0 -51.5466670003817,-33.8325493083039,0 -51.5474360430389,-33.8333330000179,0 -51.55252881655159,-33.8374711836482,0 -51.5566670001818,-33.8408329996432,0 -51.55801221509161,-33.8419890061876,0 -51.55942578926869,-33.843332999818,0 -51.566666999982,-33.8505742105314,0 -51.5680586019229,-33.8519413985766,0 -51.56947461686001,-33.8533329996182,0 -51.5731025467451,-33.8568986739346,0 -51.5766669997822,-33.860402091783,0 -51.5781440508073,-33.8618547289126,0 -51.5796479573873,-33.8633330003177,0 -51.5833418048804,-33.8666569746396,0 -51.5866669995823,-33.8696501387429,0 -51.5886054765614,-33.8713945231387,0 -51.5907587970808,-33.8733330001178,0 -51.5939301834312,-33.8760710373484,0 -51.59666700028179,-33.8784343180893,0 -51.59946240976231,-33.8805375895381,0 -51.60317578873159,-33.883332999918,0 -51.6066670000819,-33.8859599528895,0 -51.6106074299889,-33.8893925707105,0 -51.61372022281,-33.8933329997181,0 -51.615060554401,-33.8949382248191,0 -51.61666699988211,-33.8968596110822,0 -51.6196137769542,-33.9003862224462,0 -51.62207715583611,-33.9033330004176,0 -51.624550300456,-33.9054496996439,0 -51.6266669996822,-33.9075944748051,0 -51.6294111406116,-33.9105900796684,0 -51.6317255935613,-33.9133330002177,0 -51.6339301835311,-33.916068595789,0 -51.63666700038169,-33.9194609293783,0 -51.63848340608429,-33.9215178146953,0 -51.64008740990599,-33.9233330000179,0 -51.6431733480715,-33.9268278734076,0 -51.6466670001819,-33.930784171852,0 -51.6478632891594,-33.9321379312205,0 -51.64891797628349,-33.933332999818,0 -51.6531367265786,-33.9368632732214,0 -51.65666699998199,-33.9398185956516,0 -51.6584785232652,-33.941521476335,0 -51.6600336992957,-33.9433329996182,0 -51.6628999106023,-33.9471000896974,0 -51.6666669997822,-33.952054923396,0 -51.6672846757472,-33.9527153243527,0 -51.6678632887597,-33.9533330003177,0 -51.6721186603478,-33.9578801191721,0 -51.67666699958231,-33.9627397380484,0 -51.6769526449486,-33.9630461343716,0 -51.6772211995986,-33.9633330001178,0 -51.6816767656701,-33.9683220134501,0 -51.681859871236,-33.9685270921515,0 -51.6861543048772,-33.9733329999179,0 -51.68640332805111,-33.9735966721486,0 -51.6866670002818,-33.973922599948,0 -51.6910493246665,-33.9789494549534,0 -51.6948725666156,-33.9833329997181,0 -51.69574414817379,-33.9842558516262,0 -51.696667000082,-33.9853923257951,0 -51.7007172929686,-33.9892839279109,0 -51.704931159945,-33.9933330004176,0 -51.7057710035289,-33.9942289958714,0 -51.7066669998821,-33.9955278246493,0 -51.70975293714831,-34.0002470620522,0 -51.7117719807923,-34.0033330002178,0 -51.7138642652236,-34.0061357346764,0 -51.7166669996823,-34.0098881756987,0 -51.7180927812568,-34.0119084397227,0 -51.7189692461338,-34.0133330000179,0 -51.7216254963196,-34.0182914957559,0 -51.7216547926345,-34.0183452068658,0 -51.7241938557618,-34.023332999818,0 -51.724999519712,-34.0250004804877,0 -51.7266670003817,-34.028445304807,0 -51.7284126051576,-34.0315873948423,0 -51.7293818440968,-34.0333329996182,0 -51.7321967850535,-34.0378032147465,0 -51.7339985425986,-34.0406645427344,0 -51.7356782306658,-34.0433330003177,0 -51.7360615316143,-34.0439396892652,0 -51.7366670001819,-34.0449028245057,0 -51.7406489338012,-34.0493522868785,0 -51.744210945179,-34.0533330001178,0 -51.7452461017262,-34.0547551187537,0 -51.746666999982,-34.0577092208039,0 -51.7483320389924,-34.0616667405276,0 -51.7490351640416,-34.063332999918,0 -51.7518867262913,-34.0681132734088,0 -51.7525361402306,-34.0692009197866,0 -51.7549995191125,-34.0733329997181,0 -51.7557124098997,-34.0742875896005,0 -51.7566669997822,-34.075769523045,0 -51.7597407305502,-34.0802604900296,0 -51.761842781619,-34.0833330004176,0 -51.7639033280761,-34.0860966719238,0 -51.7666669995823,-34.0903850018663,0 -51.7682099691148,-34.0917900315847,0 -51.7695771562607,-34.0933330002177,0 -51.7727021564793,-34.0972978440203,0 -51.77413526213261,-34.1008012618687,0 -51.7754316483519,-34.1033330000179,0 -51.7759370196777,-34.104062980622,0 -51.77666700028179,-34.1053740158981,0 -51.7797504958886,-34.1102507245912,0 -51.7814814534063,-34.1133329998181,0 -51.7836005933926,-34.1163994065074,0 -51.7866670000819,-34.1219047772836,0 -51.7872211991989,-34.1227800217806,0 -51.7875312575614,-34.1233329996182,0 -51.78946485122189,-34.1261320720375,0 -51.79130323006001,-34.1286979898204,0 -51.79403516449121,-34.1333330003177,0 -51.7945307691796,-34.1354704514002,0 -51.7962544026186,-34.1429216232343,0 -51.7963520582009,-34.1433330001178,0 -51.7964106526294,-34.1435893473704,0 -51.79666699988211,-34.1446977465038,0 -51.7985346759345,-34.1514641034855,0 -51.7990522537585,-34.153332999918,0 -51.799950691771,-34.1566179121868,0 -51.8006928788732,-34.159307120727,0 -51.80179151136911,-34.1633329997181,0 -51.8016572344937,-34.1683220139498,0 -51.80165479283439,-34.168343986186,0 -51.8015180742996,-34.1733330004176,0 -51.80083448072671,-34.1774992599828,0 -51.800504890888,-34.1794951092119,0 -51.7998725667655,-34.1833330002177,0 -51.7994209065495,-34.1860869059859,0 -51.7985346759345,-34.1914641035855,0 -51.79822705833201,-34.1933330000179,0 -51.7979975666344,-34.1946635667701,0 -51.79666699988211,-34.1985429605891,0 -51.7954902423808,-34.2021562423167,0 -51.7950239340073,-34.203332999818,0 -51.79420362100029,-34.2057975999792,0 -51.7929340894366,-34.2096013104521,0 -51.7916914143273,-34.2133329996182,0 -51.7901753003498,-34.2168400804053,0 -51.7866670000819,-34.2227873456594,0 -51.78641065193001,-34.223077873445,0 -51.7859516676353,-34.2233330003177,0 -51.779494148636,-34.2261589273925,0 -51.77666700028179,-34.2273954997025,0 -51.7725361407303,-34.2292021405663,0 -51.7666669995823,-34.2317705000085,0 -51.76603467545989,-34.2327006759954,0 -51.7656025467201,-34.2333330001178,0 -51.76601758564301,-34.2339824140571,0 -51.7666669995823,-34.2349992595082,0 -51.7697919998009,-34.2364580003364,0 -51.772348152745,-34.2376518476546,0 -51.77666700028179,-34.2396660079798,0 -51.7791669995573,-34.2408329997431,0 -51.78452344530071,-34.243332999918,0 -51.7858369222361,-34.2441630777638,0 -51.7866670000819,-34.2454265056287,0 -51.7890327224821,-34.250968497698,0 -51.78968946050011,-34.2533329997181,0 -51.7903217855219,-34.2569890055381,0 -51.79071973462799,-34.2592802658716,0 -51.7914228596772,-34.2633330004176,0 -51.793527351506,-34.2664714275143,0 -51.7956879961041,-34.2723552168197,0 -51.7961445387394,-34.2733330002177,0 -51.7962495192998,-34.2737504808,0 -51.7958759840894,-34.2825432055045,0 -51.7960004961259,-34.2833330000179,0 -51.7959760822304,-34.2840239176696,0 -51.79569043776339,-34.2923564376994,0 -51.7956562581298,-34.2933329998181,0 -51.79580030074321,-34.2942009202362,0 -51.79666699988211,-34.299498771551,0 -51.7976826249532,-34.3023161541672,0 -51.7979853592369,-34.3033329996182,0 -51.80377393372,-34.3062260664797,0 -51.8066669996822,-34.3082097092106,0 -51.8102680740124,-34.3097319259875,0 -51.814318366899,-34.3133330003176,0 -51.8157905355048,-34.3142106855746,0 -51.8166670003817,-34.314906486545,0 -51.8193916089356,-34.3160576097708,0 -51.8230830156686,-34.3169169839316,0 -51.8266670001819,-34.3199113693142,0 -51.82937696057821,-34.3206218184421,0 -51.83558301564359,-34.3222490157794,0 -51.83666699998199,-34.3225334398663,0 -51.8373042074232,-34.3226945722967,0 -51.83860303530179,-34.3233330001178,0 -51.84235547632411,-34.3276433022965,0 -51.84243604298891,-34.3291020431247,0 -51.8438813551404,-34.3333329999179,0 -51.8447749098342,-34.335223869486,0 -51.8456709061873,-34.3423356857433,0 -51.8459614339729,-34.3433329997181,0 -51.8462202228849,-34.3437797775147,0 -51.8466669997822,-34.3447929609264,0 -51.8498579176087,-34.3501408613117,0 -51.85079297691431,-34.3533330004176,0 -51.8529438557743,-34.3570549238456,0 -51.8549604568595,-34.3616264565957,0 -51.8557880939454,-34.3633330002177,0 -51.8560517652767,-34.3639482345234,0 -51.85666699958229,-34.3653959883342,0 -51.8600922933246,-34.3699077071749,0 -51.8653242261321,-34.3719914471475,0 -51.8666670002818,-34.3727543870053,0 -51.8671186604977,-34.3728825601819,0 -51.8678315503857,-34.3733330000179,0 -51.8742963943631,-34.3757036057368,0 -51.876667000082,-34.3768388595257,0 -51.881237312452,-34.377904532768,0 -51.8820307699041,-34.3779704512752,0 -51.8866669998821,-34.3795768967564,0 -51.8900727621482,-34.3799284588313,0 -51.89362989020729,-34.380294669963,0 -51.8966669996822,-34.3806083903649,0 -51.89918408967389,-34.3808146894463,0 -51.9045918048678,-34.3812590255835,0 -51.9066670003817,-34.3814287033719,0 -51.9084443440312,-34.3815556561685,0 -51.9153852621201,-34.3820512617563,0 -51.9166670001819,-34.3821428145392,0 -51.9175385817401,-34.3824614182598,0 -51.9184736410456,-34.383332999818,0 -51.9215034255426,-34.3881694260781,0 -51.92163037923859,-34.3883708418408,0 -51.924738288741,-34.3933329996182,0 -51.92557080824621,-34.394429191354,0 -51.926666999982,-34.3958732831255,0 -51.9301997150448,-34.3997990648749,0 -51.93338086713329,-34.4033330003177,0 -51.9351826246784,-34.4048173754215,0 -51.9366669997822,-34.4060392986747,0 -51.9414716871686,-34.4085270914521,0 -51.9422773511188,-34.4089433516543,0 -51.9466669995823,-34.4112163008915,0 -51.94802442188949,-34.4119743574306,0 -51.9501948322257,-34.4133330001178,0 -51.9539619223048,-34.4160380780948,0 -51.95666700028179,-34.4184892495792,0 -51.959069343975,-34.4209294358448,0 -51.9614350663751,-34.423332999918,0 -51.9640302813723,-34.4259684982475,0 -51.9666670000819,-34.4286455002896,0 -51.969445320645,-34.4305546800544,0 -51.9734858477936,-34.4333329997181,0 -51.9748603590183,-34.4351396405819,0 -51.97666699988209,-34.4391667399531,0 -51.9781367268284,-34.4418620530913,0 -51.9789399491193,-34.4433330004176,0 -51.9822797928781,-34.4477202072217,0 -51.9832758864729,-34.4499431073884,0 -51.98508008567741,-34.4533330002178,0 -51.9857246171973,-34.4542766030827,0 -51.9866669996823,-34.4556596605648,0 -51.9900874101058,-34.4599138108736,0 -51.9919038167077,-34.4633330000179,0 -51.9910859453601,-34.4677519456957,0 -51.9908222731294,-34.469177726371,0 -51.9900532304721,-34.4733329998181,0 -51.988759285013,-34.4754240647687,0 -51.9866669996823,-34.4788029705806,0 -51.9850703199393,-34.4817363198752,0 -51.9844672930311,-34.4833329996182,0 -51.9838618244636,-34.4861369553562,0 -51.9829682697698,-34.4896342695059,0 -51.98224805490379,-34.4933330003176,0 -51.9817500076567,-34.4982499923432,0 -51.9817353594992,-34.4984013590354,0 -51.9812373122521,-34.5033330001178,0 -51.9811860428016,-34.5078508226573,0 -51.9811738363035,-34.5088261643959,0 -51.98112256685291,-34.513332999918,0 -51.9814741289279,-34.5181413493438,0 -51.9814692465085,-34.5185295336111,0 -51.9818916095101,-34.5233329997181,0 -51.9826508864292,-34.5273478925911,0 -51.9831123123832,-34.5297770918393,0 -51.9837836994581,-34.5333330004176,0 -51.984032722632,-34.5359672774678,0 -51.9845283282197,-34.5411931074759,0 -51.9847309652618,-34.5433330002177,0 -51.9842158281979,-34.5457829513221,0 -51.9850190504887,-34.5516850508244,0 -51.9841377031924,-34.5533330000179,0 -51.97990186308051,-34.5565666428362,0 -51.97666699988209,-34.5590349041375,0 -51.97423047655519,-34.5608952561111,0 -51.97103467540991,-34.563332999818,0 -51.97268262460341,-34.5673161547167,0 -51.97411817191611,-34.5707829512721,0 -51.9751728590402,-34.5733329996182,0 -51.97666699988209,-34.5745048747002,0 -51.9815791094883,-34.5784208907115,0 -51.9825678790044,-34.5792338787405,0 -51.9866669996823,-34.5825932539755,0 -51.98706494878829,-34.5829350512116,0 -51.9874995191874,-34.5833330003177,0 -51.992221199149,-34.5877775802711,0 -51.9966670003817,-34.5919609296531,0 -51.99765332823849,-34.5923478926411,0 -52.0001655349114,-34.5933330001178,0 -52.00487256671559,-34.5951262132041,0 -52.0066670001819,-34.5963225021817,0 -52.0101337967373,-34.5967997966732,0 -52.0128291089762,-34.5971721115037,0 -52.01666699998199,-34.5977006754458,0 -52.0216157308813,-34.5983842699181,0 -52.0217329179397,-34.5984001384556,0 -52.0266669997822,-34.5990800699892,0 -52.0310981519581,-34.598901847742,0 -52.0324165113129,-34.5990812912685,0 -52.03666699958229,-34.5988334884747,0 -52.0408515702437,-34.5991472088766,0 -52.0426679768456,-34.5993339764818,0 -52.0466670002818,-34.599648918163,0 -52.0499995199618,-34.600000480238,0 -52.0537251054292,-34.6003923265446,0 -52.056667000082,-34.6007011636278,0 -52.0588252030207,-34.6011747969793,0 -52.0645625080532,-34.603332999918,0 -52.0658662183512,-34.6041325601695,0 -52.0666669998821,-34.6055559000846,0 -52.0682758870225,-34.611724113477,0 -52.06869580836489,-34.6133329997181,0 -52.0694111408114,-34.6160783610275,0 -52.07034619921771,-34.6196550214621,0 -52.0713056715195,-34.6233330004176,0 -52.07241407065279,-34.627585929447,0 -52.0729414142148,-34.629607413851,0 -52.0739130939141,-34.6333330002178,0 -52.0724458086272,-34.6375554125522,0 -52.0720429762023,-34.638708976538,0 -52.0704340899612,-34.6433330000179,0 -52.069462410262,-34.6461284103977,0 -52.06711133601929,-34.6528886636808,0 -52.0669575276677,-34.653332999818,0 -52.0668818434223,-34.6535478433582,0 -52.0666669998821,-34.6541667406025,0 -52.0642231524765,-34.6608891522126,0 -52.06413770339219,-34.6633329996182,0 -52.0648408284414,-34.6651591719582,0 -52.0646430738188,-34.6713090742543,0 -52.0650629960604,-34.6733330003176,0 -52.0652338942288,-34.6747661050716,0 -52.0654878007214,-34.6821525796778,0 -52.0656098710986,-34.6833330001178,0 -52.06564160907291,-34.6843583909269,0 -52.06590283964431,-34.6925676193001,0 -52.06592725353989,-34.693332999918,0 -52.0660615313146,-34.6939372481055,0 -52.0666669998821,-34.69816088082,0 -52.0677265703249,-34.7022734292753,0 -52.0678852619952,-34.7033329997181,0 -52.06883985187759,-34.7055070720937,0 -52.0707758862981,-34.7092228927223,0 -52.0721211012078,-34.7133330004176,0 -52.07354200036299,-34.7164579997369,0 -52.0766669996822,-34.7233330002177,0 -52.07979199990079,-34.7302079997993,0 -52.0812128981567,-34.7333330000179,0 -52.0821894611747,-34.7378105392249,0 -52.082479988061,-34.7391472087766,0 -52.08339307423099,-34.7433329998181,0 -52.0845966872873,-34.7454020916332,0 -52.0857148512594,-34.7523808513951,0 -52.0860346753599,-34.7533329996182,0 -52.0862592855376,-34.7537407144624,0 -52.08666700038171,-34.7544877848833,0 -52.0902876052887,-34.7597111741313,0 -52.09150830816181,-34.7633330003177,0 -52.0933881916117,-34.7666105876085,0 -52.096420417768,-34.773086417704,0 -52.09654492980461,-34.7733330001178,0 -52.09657666777889,-34.7734233316214,0 -52.0966670001819,-34.7738688890379,0 -52.09890576978539,-34.7810942303144,0 -52.0995991290965,-34.7833329999179,0 -52.1009174884513,-34.7875834881874,0 -52.1012714921856,-34.7887272873344,0 -52.1026997145202,-34.7933329997181,0 -52.1038349683091,-34.7961650313911,0 -52.106666999982,-34.8032304606172,0 -52.1067060629344,-34.8032939374652,0 -52.1067280351706,-34.8033330004176,0 -52.1072163166796,-34.8038823162159,0 -52.11140088644169,-34.8086003341381,0 -52.1155976645006,-34.8133330002178,0 -52.1160468830572,-34.8139543382221,0 -52.1166669997822,-34.8152446207426,0 -52.1189668045743,-34.8210331952257,0 -52.11970410925719,-34.8233330000179,0 -52.12080518341239,-34.8274699632681,0 -52.12116651212479,-34.8288334883748,0 -52.1223628011023,-34.833332999818,0 -52.12500928555001,-34.8349919351297,0 -52.1266669995823,-34.8360319749956,0 -52.131500984183,-34.8381682047988,0 -52.13173047678,-34.8382695233198,0 -52.13666700028179,-34.8404496993941,0 -52.13935743010131,-34.8406413494187,0 -52.1443305739967,-34.8409965744323,0 -52.1466670000819,-34.8411638105613,0 -52.1486909261453,-34.8413090744542,0 -52.1550996173534,-34.8417668374695,0 -52.15666699988209,-34.8418779217287,0 -52.15776807403729,-34.842231925463,0 -52.15921338708809,-34.8433329996182,0 -52.162692391041,-34.8473088304381,0 -52.1666669996823,-34.8518522872532,0 -52.16748487103,-34.85251390859,0 -52.1684956136816,-34.8533330003177,0 -52.1730122149417,-34.8569877848583,0 -52.1766670003817,-34.8599467693279,0 -52.1785371171941,-34.861461662026,0 -52.1808491284845,-34.8633330001178,0 -52.183217292544,-34.8667827068564,0 -52.1866670001819,-34.8718095627611,0 -52.1872871169069,-34.8727128831929,0 -52.1877119215679,-34.873332999918,0 -52.1884443438313,-34.8751103435675,0 -52.1903242263819,-34.8796757735181,0 -52.1918305746213,-34.8833329997181,0 -52.1937544025436,-34.8862468184359,0 -52.19580762492189,-34.8924736253575,0 -52.1961860425518,-34.8933330004176,0 -52.1963618240389,-34.8936369550814,0 -52.196666999982,-34.8942985764181,0 -52.2004267659824,-34.8995744554967,0 -52.201791511469,-34.9033330002177,0 -52.2034321365838,-34.9065678634161,0 -52.2066669997822,-34.9129411546106,0 -52.20681592571439,-34.9131852953651,0 -52.2069038164579,-34.9133330000179,0 -52.20712110165749,-34.9137871018932,0 -52.2102973713266,-34.9197026291729,0 -52.2116670001319,-34.9233329998181,0 -52.21257276132379,-34.9274260176965,0 -52.21292432429809,-34.929589103954,0 -52.2136762771385,-34.9333329996182,0 -52.2152607503833,-34.9347392497166,0 -52.21666699958229,-34.9359855877646,0 -52.220485359112,-34.939514640788,0 -52.2243037186416,-34.9433330003177,0 -52.2254121168756,-34.9445891032045,0 -52.2266670002818,-34.9462748949704,0 -52.22981641439589,-34.9501823656236,0 -52.2323579182832,-34.9533330001178,0 -52.2342817462056,-34.9557182539942,0 -52.2366670000819,-34.9586772384637,0 -52.2391987382312,-34.9608000413888,0 -52.2422211995487,-34.963332999918,0 -52.24434278119429,-34.9656572186057,0 -52.2466669998821,-34.9688408123536,0 -52.25029248810781,-34.9733329997181,0 -52.2529585040317,-34.977041496268,0 -52.2561909255707,-34.9828557050267,0 -52.2564741292776,-34.9833330004176,0 -52.2565620191218,-34.9834379800787,0 -52.2566669996822,-34.9836174236052,0 -52.26081739071001,-34.98918138881,0 -52.26328565201119,-34.9933330002177,0 -52.264733405822,-34.9952665938782,0 -52.26666700038171,-34.9992155682438,0 -52.2687177811007,-35.001283439679,0 -52.2700703200891,-35.0033330000179,0 -52.2734028397692,-35.0065983808106,0 -52.2766670001819,-35.0097954023359,0 -52.27845410956951,-35.0115458904305,0 -52.2802778402501,-35.013332999818,0 -52.2830586015731,-35.0169413982269,0 -52.2850483480028,-35.021713127259,0 -52.285880867508,-35.0233329996182,0 -52.2860835036507,-35.0239177172288,0 -52.286666999982,-35.025599846056,0 -52.2886591871717,-35.0313395918486,0 -52.28935254648281,-35.0333330003177,0 -52.2923139726117,-35.0376860274881,0 -52.2950727616986,-35.0417375407549,0 -52.296156746037,-35.0433330001178,0 -52.2963642654984,-35.0436357344016,0 -52.29666699978219,-35.0440825112988,0 -52.3016474686557,-35.0483513106644,0 -52.30190869922711,-35.0485759199427,0 -52.3066669995823,-35.0526530683844,0 -52.3070820394046,-35.052917960995,0 -52.3076093829666,-35.053332999918,0 -52.3119379962415,-35.0580620039583,0 -52.3125971759189,-35.0592631753552,0 -52.3151289140681,-35.0633329997181,0 -52.3156977613426,-35.064301017378,0 -52.3166670002818,-35.0659428628728,0 -52.3194086995518,-35.0705913011476,0 -52.3210249098717,-35.0733330004176,0 -52.3232563553964,-35.0767448654831,0 -52.326667000082,-35.0819621501331,0 -52.32728955846629,-35.0827116622134,0 -52.3278046955302,-35.0833330002177,0 -52.3318232504426,-35.0881779709366,0 -52.33332959778271,-35.0899955979185,0 -52.3360981526076,-35.0933330000179,0 -52.33639112115331,-35.0936101000261,0 -52.33666699988209,-35.0948234788204,0 -52.3390327222822,-35.1009660570379,0 -52.339628426011,-35.1033329998181,0 -52.3417182696824,-35.1082817307172,0 -52.3417280354204,-35.1083940353564,0 -52.3430146559016,-35.1133329996182,0 -52.34414991058991,-35.1158488692299,0 -52.3466669996823,-35.1214152751947,0 -52.34735547657401,-35.1226445234259,0 -52.34753369882111,-35.1233330003176,0 -52.34824903126769,-35.1249150310038,0 -52.3503779378915,-35.1296220628079,0 -52.35205518339999,-35.1333330001178,0 -52.35308545662851,-35.1369145429717,0 -52.35423047615549,-35.1408964765911,0 -52.3549311604447,-35.143332999918,0 -52.3554487382686,-35.1445512620311,0 -52.3566670003817,-35.1493657151556,0 -52.3575532300974,-35.1524467691031,0 -52.3578071365901,-35.1533329997181,0 -52.3586494218333,-35.1553166424491,0 -52.3606440506824,-35.1593547288376,0 -52.36197217577521,-35.1633330004176,0 -52.3643232500179,-35.1656767496822,0 -52.3666670001818,-35.1682768479981,0 -52.3706782301162,-35.1693217693841,0 -52.3734052812287,-35.1700712814644,0 -52.376666999982,-35.1709404222626,0 -52.3785395584538,-35.1714604417459,0 -52.3852753987406,-35.1733330002177,0 -52.3864228590277,-35.1735759196929,0 -52.3866669997822,-35.1736516039383,0 -52.3873774489101,-35.1740434493457,0 -52.39322950024119,-35.1767704995589,0 -52.3966669995824,-35.1795781173362,0 -52.3986372145358,-35.1813627850644,0 -52.4008100665313,-35.1833330000179,0 -52.4038837972994,-35.1861162030003,0 -52.4066670002818,-35.1886393966907,0 -52.4092304764053,-35.1907695236945,0 -52.4123164136715,-35.193332999818,0 -52.4148066481083,-35.1951933517917,0 -52.4166670000819,-35.1965825120732,0 -52.4205317457434,-35.1994682539567,0 -52.4257050859209,-35.2033329996182,0 -52.4262983479903,-35.2037016524093,0 -52.4266669998821,-35.2039299237269,0 -52.4279658277607,-35.2046318283961,0 -52.4327705160464,-35.2072282637733,0 -52.4366669996822,-35.2093339768815,0 -52.4395673906225,-35.2104326093774,0 -52.44632764480491,-35.2129948651209,0 -52.44666700038171,-35.2131230391968,0 -52.4468110429952,-35.2131889568048,0 -52.4470576254091,-35.2133330003177,0 -52.4524433674674,-35.2175578534122,0 -52.4566670001819,-35.2231340251151,0 -52.4567890705591,-35.2233330001178,0 -52.4569892659418,-35.2236552658778,0 -52.4605610430576,-35.2294401774222,0 -52.4629633867509,-35.233332999918,0 -52.4650190507885,-35.2349809491114,0 -52.46666699998201,-35.2363029705056,0 -52.4712128984564,-35.2378788983924,0 -52.47188672629139,-35.2381120530288,0 -52.4766669997822,-35.239768546681,0 -52.4793134842299,-35.2406865152704,0 -52.4865156328901,-35.2431816330259,0 -52.4866669995823,-35.2432341228564,0 -52.4867304764303,-35.2432683024902,0 -52.48680615977639,-35.2433329997181,0 -52.4872724690492,-35.2439372479056,0 -52.4911665119249,-35.248832267695,0 -52.4939253010118,-35.2533330004176,0 -52.4948530353392,-35.2551469644608,0 -52.4966670002818,-35.2586967693404,0 -52.4988886800685,-35.261111320431,0 -52.50093213670869,-35.2633330002178,0 -52.5031977618672,-35.2668010171532,0 -52.506667000082,-35.2721098554854,0 -52.5080000075942,-35.2733330000179,0 -52.512023444926,-35.277976554974,0 -52.5166596758033,-35.2833256757393,0 -52.5166669998821,-35.2833342210974,0 -52.5160346757596,-35.2927006754957,0 -52.51615918779621,-35.2933329996182,0 -52.51608594521009,-35.2939140542902,0 -52.5151093830915,-35.3017753826277,0 -52.51491407012821,-35.3033330003177,0 -52.5144209061998,-35.3055803143799,0 -52.51329053483029,-35.309956535066,0 -52.512614265336,-35.3133330001178,0 -52.5120063551092,-35.3179948652707,0 -52.5119160236056,-35.3185832440215,0 -52.51132276153621,-35.323332999918,0 -52.510888191137,-35.3275554122524,0 -52.5107099688899,-35.3292900309102,0 -52.51029492996701,-35.3333329997181,0 -52.5127973709019,-35.3372026286983,0 -52.5166669998821,-35.3431828532061,0 -52.5167231526513,-35.3432756272683,0 -52.5167524489663,-35.3433330004176,0 -52.5167988359975,-35.343466056913,0 -52.51965039824719,-35.3503496018526,0 -52.52049512514991,-35.3533330002177,0 -52.5214033280012,-35.3580693283368,0 -52.52148877708541,-35.3585124431946,0 -52.5224116289934,-35.3633330000179,0 -52.5236811605571,-35.3663188400424,0 -52.5266669996822,-35.3733342210974,0 -52.5308344805268,-35.3791642983936,0 -52.5338154372326,-35.3833329996182,0 -52.5350044021314,-35.3849955978685,0 -52.5366670003817,-35.3873210369363,0 -52.54004834785291,-35.3899516519471,0 -52.5424165119124,-35.3933330003177,0 -52.5441328203733,-35.3958659588469,0 -52.5466670001819,-35.4010612712606,0 -52.5476606521174,-35.4033330001178,0 -52.5519892653922,-35.4080107347076,0 -52.55411573035659,-35.4107817302926,0 -52.5561176832844,-35.4133329999179,0 -52.5563154379071,-35.4136857832722,0 -52.556666999982,-35.4146879805658,0 -52.5587153399409,-35.4212834393792,0 -52.5593525464828,-35.4233329997181,0 -52.5605634845172,-35.4272294842532,0 -52.5610859456598,-35.4289128343598,0 -52.5624604568845,-35.4333330004176,0 -52.5638813551404,-35.4361198654394,0 -52.5666669997822,-35.4410710370987,0 -52.5677876054136,-35.4422123945863,0 -52.5684760823053,-35.4433330002178,0 -52.5721162186885,-35.4478837811115,0 -52.57571241059919,-35.4523784101355,0 -52.5764765699377,-35.4533330000179,0 -52.57656201992119,-35.4534392009583,0 -52.5766669995823,-35.4535710370737,0 -52.5810053785953,-35.4589946208051,0 -52.5844770584694,-35.463332999818,0 -52.5854755937236,-35.4645256267562,0 -52.58666700028181,-35.4659477462914,0 -52.5899531329307,-35.4700468669693,0 -52.5923432692264,-35.4733329996182,0 -52.593998543398,-35.4760014572014,0 -52.5966670000819,-35.4813835372204,0 -52.5973090899425,-35.4826921308371,0 -52.5976215899644,-35.4833330003177,0 -52.59854200021309,-35.4852067791695,0 -52.6005976642507,-35.489402335949,0 -52.6025239338325,-35.4933330001178,0 -52.6040278395132,-35.4959733808668,0 -52.6066669998821,-35.5006071700848,0 -52.6076777425337,-35.5023234785456,0 -52.6082710037038,-35.503332999918,0 -52.6118769613527,-35.5081218187669,0 -52.6131635818338,-35.509830803149,0 -52.61580274220271,-35.5133329997181,0 -52.61616895333449,-35.5138322673452,0 -52.6166669996822,-35.5145475997918,0 -52.6202143629025,-35.519785636298,0 -52.6225581130664,-35.5233330004176,0 -52.624179206705,-35.525822013575,0 -52.62666700038171,-35.5296440351441,0 -52.628192879198,-35.5318059001222,0 -52.62927198021761,-35.5333330002177,0 -52.6331806721503,-35.5368181078694,0 -52.6366670001819,-35.5399247969917,0 -52.63862256607851,-35.5413762128419,0 -52.64126172644739,-35.5433330000179,0 -52.64436475353051,-35.5456340251901,0 -52.64666699998201,-35.5473405679128,0 -52.6502094807828,-35.5497892986372,0 -52.6560224691616,-35.5533329998181,0 -52.65643018400571,-35.5535698164938,0 -52.65666699978209,-35.5537077563079,0 -52.6575629961353,-35.5542289961712,0 -52.6627534261297,-35.5572477945501,0 -52.6666669995823,-35.5595244058266,0 -52.6697260821929,-35.560273917907,0 -52.6748652418374,-35.5615324624532,0 -52.6766670002818,-35.561973136551,0 -52.677758308699,-35.5622404708211,0 -52.6822187580892,-35.5633329996182,0 -52.6858027426024,-35.564198478377,0 -52.686667000082,-35.5644072191178,0 -52.68808301591841,-35.564750236734,0 -52.6938544996854,-35.5661442794349,0 -52.6966669998821,-35.5668242109685,0 -52.70054883625979,-35.5672148359959,0 -52.7025800855025,-35.5674186934179,0 -52.7066669996822,-35.5678300703015,0 -52.7113032305596,-35.5679704508756,0 -52.7120087972681,-35.5679912027318,0 -52.7166670003817,-35.5681328045852,0 -52.7216157303816,-35.5682817305174,0 -52.7217158285226,-35.5682841721768,0 -52.72666700018191,-35.568434318489,0 -52.73105176532659,-35.5689494546536,0 -52.73268750802201,-35.5693535074583,0 -52.736666999982,-35.5699443278684,0 -52.7399458085522,-35.5700554121275,0 -52.7437666097412,-35.5704338297574,0 -52.7466669997822,-35.5705449140165,0 -52.7495380935082,-35.5704619065917,0 -52.7536762771384,-35.5703434982538,0 -52.7566669995823,-35.5702568278903,0 -52.760060554451,-35.5699382241697,0 -52.7631757889314,-35.5698417889673,0 -52.76666700028181,-35.5694658120975,0 -52.7711103589559,-35.5688896407443,0 -52.7722016682723,-35.5688688888881,0 -52.7766670000819,-35.5681193768078,0 -52.7813520587505,-35.568019279566,0 -52.781994148611,-35.5680046305092,0 -52.78666699988211,-35.5679045332675,0 -52.79160108172451,-35.568398917576,0 -52.7917768632116,-35.5684428629477,0 -52.7966669996823,-35.5690886148477,0 -52.8002656332523,-35.5697331463676,0 -52.8040449298296,-35.5733330003177,0 -52.8053779373419,-35.5746232828382,0 -52.80666700038169,-35.5758720625456,0 -52.8094013746737,-35.5760673746096,0 -52.8115156331399,-35.5733330003177,0 -52.813576179597,-35.5702421797328,0 -52.8166670001819,-35.5656071701347,0 -52.8175776446925,-35.5642424237488,0 -52.81818311325999,-35.5633329996182,0 -52.8234492266005,-35.5601152262366,0 -52.82470410910729,-35.5552946703127,0 -52.825714851759,-35.5533329998181,0 -52.825714851759,-35.552379631215,0 -52.8246796952117,-35.5453190844082,0 -52.8246796952117,-35.5433330000179,0 -52.8243891683254,-35.5410563887413,0 -52.8237739340198,-35.5362260661799,0 -52.82340283956929,-35.5333330002177,0 -52.82392774237141,-35.5305949629871,0 -52.82499951931231,-35.5250004801879,0 -52.8253193434129,-35.5233330004176,0 -52.82558301564361,-35.5222502364592,0 -52.82666699998201,-35.516293205467,0 -52.8272334064965,-35.5138994062326,0 -52.8273676833718,-35.5133329997181,0 -52.827672859315,-35.5123271403852,0 -52.82972364093331,-35.5063908612492,0 -52.83054151138159,-35.503332999918,0 -52.8321259846264,-35.4987932051422,0 -52.8337714921606,-35.4962272873594,0 -52.8353413163486,-35.4933330001178,0 -52.8358466876745,-35.4925126871108,0 -52.8366669997822,-35.4911772379392,0 -52.8388227619608,-35.4911772379392,0 -52.8434565511789,-35.490123771195,0 -52.8466669995823,-35.490123771195,0 -52.8511103591557,-35.4888896405444,0 -52.8519404379009,-35.4886076581169,0 -52.8566670002818,-35.4875004802629,0 -52.8598408282916,-35.4865080487074,0 -52.8651508870038,-35.4848491133958,0 -52.866667000082,-35.4843754800443,0 -52.8696992262383,-35.486365226474,0 -52.8720747152759,-35.4879240645439,0 -52.8766669998821,-35.4909379805034,0 -52.8781318435097,-35.4918681564902,0 -52.8803169020034,-35.4933330001178,0 -52.8839277420716,-35.4960734781085,0 -52.8866669996822,-35.4981523356617,0 -52.8896528397067,-35.5003471598935,0 -52.89349073071259,-35.503332999918,0 -52.8951167067706,-35.5048832926298,0 -52.8966670003817,-35.5060002362219,0 -52.9006245192061,-35.5093767012737,0 -52.9051289139681,-35.5133329997181,0 -52.9059516677352,-35.5140471108854,0 -52.9066670001819,-35.5146672285097,0 -52.9110297930904,-35.518971427889,0 -52.9153339924698,-35.5233330004176,0 -52.9160004962259,-35.5239995041737,0 -52.916666999982,-35.5246672283099,0 -52.9210297928906,-35.5289714276892,0 -52.9253339922699,-35.5333330002177,0 -52.9258271561982,-35.5341740641817,0 -52.9266669997822,-35.5355082929733,0 -52.92973096481211,-35.5402690349879,0 -52.9319599686776,-35.5433330000179,0 -52.9340424882702,-35.54595629095,0 -52.9366669995823,-35.5492595134158,0 -52.9383393635707,-35.551660636729,0 -52.9394868238578,-35.5533329998181,0 -52.9424238360911,-35.5575761640087,0 -52.94583203911719,-35.5624968180737,0 -52.9464106521298,-35.5633329996182,0 -52.9464863363753,-35.563514884804,0 -52.94666700028181,-35.5639604413213,0 -52.949394050495,-35.5706059492052,0 -52.9505122144671,-35.5733330003177,0 -52.95184278121931,-35.5781572191803,0 -52.951969734016,-35.5786369553312,0 -52.9532490313177,-35.5833330001178,0 -52.9540205156342,-35.5859807049455,0 -52.9558051833625,-35.5924699628185,0 -52.956049324117,-35.5933329999179,0 -52.9566670000819,-35.5971806566619,0 -52.957526375142,-35.602472404278,0 -52.9576533279387,-35.6033329997181,0 -52.95755567145699,-35.6042216719925,0 -52.9566670000819,-35.6122197188649,0 -52.9565546954428,-35.6132219161585,0 -52.9565424880453,-35.6133330004176,0 -52.9565156324904,-35.6134843671098,0 -52.9554755935238,-35.6221428140396,0 -52.9552168046118,-35.6233330002178,0 -52.95458448048939,-35.6254167401904,0 -52.9532221757627,-35.6298881756987,0 -52.9521748127174,-35.6333330000179,0 -52.9535346757846,-35.6364641039352,0 -52.95641065193001,-35.6430766525654,0 -52.9565229574685,-35.643332999818,0 -52.95656201952149,-35.6434392007585,0 -52.9566670000819,-35.6438102952089,0 -52.95868604282661,-35.6513127364935,0 -52.95923047620541,-35.6533329996182,0 -52.9601753003498,-35.6568413007853,0 -52.9608076253716,-35.6591923750281,0 -52.9619233476843,-35.6633330003177,0 -52.9637299885481,-35.6662700116516,0 -52.96666699988211,-35.6700602952464,0 -52.9682734453632,-35.6717265546367,0 -52.9695234454506,-35.6733330001178,0 -52.9732587966561,-35.676742423524,0 -52.9766669996823,-35.6801518478294,0 -52.97837354330429,-35.6816264571952,0 -52.9799995193623,-35.683332999918,0 -52.98348584739389,-35.6865153732858,0 -52.98666700038169,-35.6896977457543,0 -52.98861768385899,-35.6913823162408,0 -52.9904755941733,-35.6933329997181,0 -52.9932465897583,-35.6967546305218,0 -52.9966670001818,-35.7014580002864,0 -52.997499519687,-35.7025004809124,0 -52.9979340900861,-35.7033330004176,0 -52.9983637771666,-35.7050309977823,0 -52.99969922633821,-35.7102995527821,0 -53.00046826989469,-35.7133330002177,0 -53.0017231524015,-35.7182768477982,0 -53.00175977369459,-35.7184269941105,0 -53.0030048904633,-35.7233330000179,0 -53.0038252034703,-35.7261747965296,0 -53.0052241285906,-35.731891349706,0 -53.0056147536179,-35.7333329998181,0 -53.00499951931229,-35.7350004804877,0 -53.0032661210346,-35.7399333419501,0 -53.0019453200205,-35.7433329996182,0 -53.0003925856493,-35.7470585859849,0 -52.998571296628,-35.7514287029722,0 -52.9977778400752,-35.7533330003176,0 -52.99745069099661,-35.7541166911324,0 -52.9966670001818,-35.7559990153422,0 -52.9947382889408,-35.7614030684967,0 -52.99404737128911,-35.7633330001178,0 -52.9909126053324,-35.7675798263479,0 -52.98666700038169,-35.773332999918,0 -52.9818232500429,-35.7784880289993,0 -52.97715528119121,-35.7833329997181,0 -52.9769135820961,-35.7835795821319,0 -52.9766669996823,-35.7838273849258,0 -52.97191358174639,-35.7885795815824,0 -52.9671601638105,-35.7933330004176,0 -52.9669013748985,-35.793567375434,0 -52.96666699988211,-35.7937773356555,0 -52.962741219032,-35.7994059980883,0 -52.959999519762,-35.8033330002177,0 -52.95848096502451,-35.8051469651602,0 -52.9566670000819,-35.8073149338371,0 -52.9539253008119,-35.8105900803679,0 -52.95162793767909,-35.8133330000179,0 -52.9494013745737,-35.8160673752092,0 -52.94666700028181,-35.8196074143506,0 -52.9450629964601,-35.8217289959964,0 -52.94385205842569,-35.823332999818,0 -52.9407587970808,-35.8274260176965,0 -52.9366669995823,-35.8328422773492,0 -52.9365302810476,-35.8331975023628,0 -52.936479011597,-35.8333329996182,0 -52.9365473708644,-35.8334514079561,0 -52.9366669995823,-35.8336564866575,0 -52.9384565506293,-35.8351213302851,0 -52.9419697342158,-35.8380314860642,0 -52.94666700028181,-35.8415202557551,0 -52.9476801836935,-35.8423198160066,0 -52.9489619217553,-35.8433330003177,0 -52.95317578873159,-35.8468229903887,0 -52.9566670000819,-35.8494157637265,0 -52.958856940995,-35.8511442795848,0 -52.9616303791386,-35.8533330001178,0 -52.9643842849068,-35.8556157150931,0 -52.96666699988211,-35.8573100504184,0 -52.9715595780121,-35.8582255782478,0 -52.9717378011586,-35.8582621995408,0 -52.9766669996823,-35.8591435468372,0 -52.98032422678159,-35.8596745524386,0 -52.9834199297859,-35.8600847089421,0 -52.98666700038169,-35.8605461348961,0 -52.98913037926351,-35.8608696210362,0 -52.9949702222979,-35.8616350016539,0 -52.9966670001818,-35.8618583905522,0 -52.9980659262015,-35.8619340738983,0 -53.0056855545446,-35.8623515544806,0 -53.006666999982,-35.8624040452105,0 -53.007580086152,-35.862419913748,0 -53.01589063304619,-35.8625554119027,0 -53.0166669997822,-35.8625688396801,0 -53.01740674612441,-35.8625932535758,0 -53.02606641433349,-35.8627324137698,0 -53.0266669995823,-35.862751945246,0 -53.027226082018,-35.8627739183816,0 -53.0363960039724,-35.8630632248879,0 -53.0366670002818,-35.863072990626,0 -53.0368891679007,-35.8631096110197,0 -53.037499519787,-35.863332999918,0 -53.0450336990459,-35.8649650796746,0 -53.0466670000819,-35.8653190843082,0 -53.0492011798905,-35.8658684001065,0 -53.0532539144365,-35.8667460862628,0 -53.0566669998821,-35.8674846113257,0 -53.0610932696387,-35.8689067308609,0 -53.0632832105517,-35.8699492105875,0 -53.0666669996822,-35.8713249430916,0 -53.0679243238484,-35.872075675552,0 -53.06905713687729,-35.8733329997181,0 -53.07332227330431,-35.8766789471756,0 -53.0766670003817,-35.8800639566862,0 -53.07867139496891,-35.8813273845511,0 -53.0803608478748,-35.8833330004176,0 -53.0838960036976,-35.8861052163826,0 -53.0866670001819,-35.8889103925006,0 -53.0893794022376,-35.8906193768827,0 -53.0916669996323,-35.8933330002178,0 -53.0943354572155,-35.8956657633643,0 -53.096666999982,-35.8983329996682,0 -53.0989350667999,-35.9010649332001,0 -53.0993647538803,-35.9033330000179,0 -53.10019239096601,-35.9068571697226,0 -53.1008051836123,-35.9091948161878,0 -53.1017085040442,-35.9133329998181,0 -53.1027094800584,-35.9172892991618,0 -53.10341748842631,-35.9200847086423,0 -53.10424268385281,-35.9233329996182,0 -53.10473096446241,-35.925267814558,0 -53.10666699978221,-35.9329045336173,0 -53.10675000810641,-35.9332499919935,0 -53.1067719803426,-35.9333330003176,0 -53.10678418774,-35.9334501873762,0 -53.1076362387214,-35.9423637620779,0 -53.1077509841206,-35.9433330001178,0 -53.1078169026279,-35.9444816816842,0 -53.1079438554245,-35.9520561442756,0 -53.1080244220894,-35.953332999918,0 -53.108048835985,-35.9547136148414,0 -53.10817334802159,-35.9618266523781,0 -53.1082002026771,-35.9633329997181,0 -53.1085175860177,-35.9651835859537,0 -53.1094379962665,-35.9705632243133,0 -53.1099116287186,-35.9733330004176,0 -53.1102265703998,-35.976892570136,0 -53.1099604574092,-35.9800383222108,0 -53.1103901444895,-35.9833330002177,0 -53.1100385824146,-35.9867045819508,0 -53.1096626055448,-35.9903386155347,0 -53.1093501055229,-35.9933330000179,0 -53.109591804618,-35.9962565835744,0 -53.1099067462993,-36.0000932542003,0 -53.11017285929,-36.003332999818,0 -53.11220166777269,-36.0077971112477,0 -53.11309522246649,-36.0097600021223,0 -53.11471875776441,-36.0133329996182,0 -53.1153779374418,-36.014623283038,0 -53.1166669995823,-36.0167692794786,0 -53.1192768636363,-36.020723137163,0 -53.1211445387894,-36.0233330003177,0 -53.12351270284889,-36.0264885172313,0 -53.12666700028179,-36.0306950601289,0 -53.12800977353219,-36.0319902268674,0 -53.1294013745737,-36.0333330001178,0 -53.13272168775561,-36.0372783124441,0 -53.136667000082,-36.041965812772,0 -53.1377338946035,-36.0422661053964,0 -53.1415131911808,-36.043332999918,0 -53.1455341877525,-36.0444670333269,0 -53.14666699988211,-36.0447868574275,0 -53.14835889444741,-36.0450248944833,0 -53.1536640707402,-36.0463359297593,0 -53.1566669996823,-36.046666739978,0 -53.16666700038169,-36.046666739978,0 -53.1690473709394,-36.045714591755,0 -53.1750019611715,-36.043332999918,0 -53.1762104566472,-36.0428764572827,0 -53.1766670001819,-36.0427385174685,0 -53.1774604567347,-36.0425395433652,0 -53.1841914137028,-36.0408574136387,0 -53.18666699998199,-36.0402372969137,0 -53.1907929762148,-36.0392058024058,0 -53.19219190223449,-36.0388566819902,0 -53.1966669997822,-36.0377372967388,0 -53.20146192143049,-36.0385368569903,0 -53.2019526445988,-36.0386186449344,0 -53.20666699958231,-36.0394047774085,0 -53.20952344515079,-36.0404765543495,0 -53.2163813558149,-36.0430473554511,0 -53.2166670002818,-36.0431547776708,0 -53.2167841873403,-36.0432145915801,0 -53.21694776142999,-36.043332999918,0 -53.2177753985158,-36.0444413981519,0 -53.22128369878361,-36.0487150799369,0 -53.223178230391,-36.0533329997181,0 -53.2237226637699,-36.0562773360302,0 -53.22465283975671,-36.0613200604724,0 -53.2250263749672,-36.0633330004176,0 -53.22530469535539,-36.0646953042449,0 -53.2266670000819,-36.0713359297093,0 -53.22692823065331,-36.0730717696464,0 -53.2269111408364,-36.0733330002178,0 -53.2268452223291,-36.0735112224649,0 -53.2266670000819,-36.0739982835939,0 -53.2238374100684,-36.0805046312836,0 -53.2235297933652,-36.0833330000179,0 -53.221940437701,-36.0880595623988,0 -53.2218037191662,-36.088468497623,0 -53.2201679764709,-36.093332999818,0 -53.21919629677159,-36.0958635175872,0 -53.2166670002818,-36.1024565347412,0 -53.2164228595273,-36.103090080143,0 -53.2163300863643,-36.1033329996182,0 -53.2160200271025,-36.1039787515181,0 -53.2132002028271,-36.1098674241423,0 -53.21154004713539,-36.1133330003177,0 -53.2102094803832,-36.1168767014985,0 -53.206867194965,-36.1231328047351,0 -53.20677198014269,-36.1233330001178,0 -53.2067500079065,-36.1234160075427,0 -53.20666699958231,-36.123640616821,0 -53.2039545975266,-36.1306193765829,0 -53.2017719806923,-36.133332999918,0 -53.2032978595086,-36.136702140891,0 -53.2060004958262,-36.142665275582,0 -53.2063007893499,-36.1433329997181,0 -53.20641553474911,-36.1435844645513,0 -53.20666699958231,-36.1441386636683,0 -53.20914014420231,-36.1508598557976,0 -53.210189948907,-36.1533330004176,0 -53.21248975369911,-36.1575090257209,0 -53.2161958085896,-36.1628618085256,0 -53.2165083086115,-36.1633330002177,0 -53.2165864336169,-36.1634123456032,0 -53.2166670002818,-36.1634916909887,0 -53.2216010821242,-36.1683989181755,0 -53.2265595778622,-36.1733330000179,0 -53.2266670000819,-36.1734282148402,0 -53.2274775464516,-36.1741423260075,0 -53.2319282301037,-36.1780717697963,0 -53.2366669998821,-36.1822538987984,0 -53.2372431721346,-36.1827568284648,0 -53.2379023518121,-36.183332999818,0 -53.2428584058907,-36.1871415936096,0 -53.2466669996822,-36.1893486252388,0 -53.2494746174596,-36.1905241623601,0 -53.2561860429515,-36.1928508227073,0 -53.2566670003817,-36.1930339273738,0 -53.25689160966,-36.1931083903399,0 -53.257575203233,-36.1933329996182,0 -53.2644550861333,-36.1955449136668,0 -53.2666670001819,-36.196255363694,0 -53.27052930508331,-36.197196525799,0 -53.2723579181833,-36.1976408610369,0 -53.2803999104275,-36.1996000898722,0 -53.28374951992441,-36.2004155195605,0 -53.28666699978221,-36.2011259686885,0 -53.2884492267503,-36.2015507733495,0 -53.29573194117611,-36.2033330003177,0 -53.2964790115971,-36.2035209883029,0 -53.2966669995823,-36.2035893475703,0 -53.29714551535319,-36.2038115151892,0 -53.3034077222885,-36.2065922774116,0 -53.30666700028179,-36.2082158127096,0 -53.310307136665,-36.2096916424553,0 -53.31595899261341,-36.2126262130292,0 -53.316667000082,-36.2129631269467,0 -53.3169331130727,-36.2130668871271,0 -53.317619148305,-36.2133330001178,0 -53.3242841876651,-36.2157158123348,0 -53.32666699988209,-36.2168522874031,0 -53.33147657058719,-36.2185222088328,0 -53.3320576252592,-36.2187236245956,0 -53.3366669996822,-36.2203239663779,0 -53.33907910911349,-36.2209208904866,0 -53.3457832105267,-36.2224479905823,0 -53.3466670003817,-36.2226603924631,0 -53.34723096523679,-36.2227690350629,0 -53.3508320386676,-36.2233329999179,0 -53.3558979566254,-36.2241020425752,0 -53.3566670001819,-36.224219230533,0 -53.3577119215679,-36.2243779222033,0 -53.36457959797,-36.22542040193,0 -53.36666699998199,-36.2257377852706,0 -53.3700605548507,-36.2267265547866,0 -53.3725483476281,-36.227450431692,0 -53.3802949296672,-36.2297050707324,0 -53.3841670003068,-36.2308330004426,0 -53.3866669995823,-36.2315605393873,0 -53.38810987097371,-36.231890129226,0 -53.3927534259298,-36.2333329997181,0 -53.39581006598169,-36.2341899340182,0 -53.3966670002818,-36.234430411834,0 -53.3984321365338,-36.2350981368695,0 -53.4031269609404,-36.2368730388596,0 -53.4066670000819,-36.2382109296906,0 -53.4102558670146,-36.2397429122056,0 -53.41517774235891,-36.2418437419951,0 -53.4166669998821,-36.2424797281569,0 -53.417238288816,-36.2427604902044,0 -53.4182002027771,-36.2433330004176,0 -53.4230293049584,-36.2469694747614,0 -53.4266669996823,-36.2510673750593,0 -53.4276948321507,-36.2523063890286,0 -53.4285444414727,-36.2533330002178,0 -53.4322260824677,-36.2577751385118,0 -53.4366670003817,-36.2631340250152,0 -53.4368794022625,-36.2633330000179,0 -53.4422285230279,-36.2677702558926,0 -53.44666700018189,-36.2714518968875,0 -53.447694831751,-36.2723051682489,0 -53.4489350661004,-36.273332999818,0 -53.4528559645311,-36.277145255649,0 -53.456666999982,-36.2832426681146,0 -53.4566962971963,-36.2833037033032,0 -53.45670850369451,-36.2833329996182,0 -53.45672559351129,-36.2833903727674,0 -53.4590351640416,-36.2909660566382,0 -53.4597553789076,-36.2933330003177,0 -53.4619038161082,-36.2980949627123,0 -53.4622968827949,-36.2989616618512,0 -53.46426953940771,-36.3033330001178,0 -53.4652924885575,-36.3047087326219,0 -53.46666699978211,-36.3065568771981,0 -53.4701801833687,-36.3068449633244,0 -53.47292920671751,-36.3070707929826,0 -53.4766669995823,-36.3073771893058,0 -53.48107129710261,-36.3077385180181,0 -53.4821723712579,-36.3078276291417,0 -53.48666700028179,-36.3081962810335,0 -53.49120801543749,-36.3087919847623,0 -53.49234082846641,-36.3090068283024,0 -53.496667000082,-36.3096367107656,0 -53.5006416096226,-36.3093596116567,0 -53.5026313551529,-36.3092961348087,0 -53.50666699988209,-36.3089909588656,0 -53.5109248122303,-36.307590812466,0 -53.5136396559453,-36.3063591234747,0 -53.5166669996822,-36.3051579511784,0 -53.5203169027029,-36.3033330001178,0 -53.5249213947066,-36.3015861740627,0 -53.5266670003817,-36.3009233323459,0 -53.5293159255895,-36.3006840740107,0 -53.5336298907068,-36.3002946702628,0 -53.5366670001819,-36.300020011914,0 -53.538893562388,-36.3011064379118,0 -53.5434565506793,-36.3033330001178,0 -53.5454096758158,-36.304589103904,0 -53.54666699998199,-36.3053972086142,0 -53.5511909262202,-36.3088078532998,0 -53.5558418043557,-36.313332999918,0 -53.5561640701157,-36.3138359295844,0 -53.5566669997822,-36.3154765546992,0 -53.5582612378658,-36.3217387616345,0 -53.5586665119499,-36.3233329997181,0 -53.5593501055229,-36.3260161054588,0 -53.5602900472479,-36.3297099529519,0 -53.56121289825661,-36.3333330004176,0 -53.56337110119529,-36.3366301191846,0 -53.5666669995823,-36.3393327555022,0 -53.56926465623879,-36.3407353435612,0 -53.5761909261703,-36.3433330002177,0 -53.5765253984284,-36.3434746011719,0 -53.5766670002818,-36.3435331956005,0 -53.5771015706809,-36.3437687909969,0 -53.5828461988929,-36.3471538005074,0 -53.5866670000819,-36.3488176191378,0 -53.58961377715409,-36.3503862229458,0 -53.59515088680391,-36.3533330000179,0 -53.5961054766864,-36.3538957444929,0 -53.5966669998821,-36.3541398843481,0 -53.59796094534129,-36.3546269454771,0 -53.60344434388131,-36.3565568770982,0 -53.6066669996823,-36.3578679123742,0 -53.61050244902881,-36.3594963300915,0 -53.615683113285,-36.3623491136207,0 -53.61666700038171,-36.3628483812478,0 -53.6169697346655,-36.3630302655343,0 -53.61747022267259,-36.363332999818,0 -53.62493848432349,-36.3650615156764,0 -53.62666700018189,-36.3654606851625,0 -53.6305048902884,-36.3671708908239,0 -53.63228223393789,-36.3677189862421,0 -53.636666999982,-36.3709562910999,0 -53.6381391676884,-36.3718608319118,0 -53.639767586305,-36.3733329996182,0 -53.64414990979049,-36.3758488692299,0 -53.64666699978219,-36.3784623944239,0 -53.6497187574147,-36.3802812417858,0 -53.6532172928437,-36.3833330003177,0 -53.65540967541611,-36.3845915448638,0 -53.6566669995823,-36.3858976968212,0 -53.6613252026959,-36.3886747970042,0 -53.6666670002818,-36.3933330001178,0 -53.6740156332149,-36.3959831466049,0 -53.6766670000819,-36.3977421800575,0 -53.6799116290184,-36.4000883709815,0 -53.68440137472361,-36.403332999918,0 -53.6861469803988,-36.4038530194013,0 -53.68666699988209,-36.4040312425478,0 -53.6876753008744,-36.4043425212903,0 -53.69377881613939,-36.4062224047402,0 -53.6966669996822,-36.4071122964953,0 -53.7006562573803,-36.407321037236,0 -53.7025776445426,-36.4074211344777,0 -53.7066670003817,-36.4076359789173,0 -53.7106660238179,-36.4073332437342,0 -53.71282910917599,-36.4071696696445,0 -53.7166670001819,-36.4068791427582,0 -53.7202827226695,-36.4069499436849,0 -53.7233027423276,-36.4066972575723,0 -53.726666999982,-36.4067778242372,0 -53.7308003011929,-36.4074650798495,0 -53.73235547632409,-36.407643302996,0 -53.7366669997822,-36.4084550706449,0 -53.74121289825659,-36.408788322523,0 -53.7423481520456,-36.4090153734606,0 -53.7466669995823,-36.4094157633268,0 -53.7507539137621,-36.4092473068177,0 -53.75250928517531,-36.409175285511,0 -53.7566670002818,-36.4090031660632,0 -53.7611836015419,-36.408817618838,0 -53.7621137775288,-36.4087785567849,0 -53.766667000082,-36.4085905687996,0 -53.77100537909491,-36.4089934003251,0 -53.7724628986438,-36.4091288984798,0 -53.7766669998821,-36.4095183031271,0 -53.7801582112324,-36.4098430096471,0 -53.7834858475937,-36.4101518476296,0 -53.7866669996823,-36.4104472578346,0 -53.7891010822491,-36.4108989180506,0 -53.7965034253927,-36.4131694256284,0 -53.79666700038171,-36.4132072673015,0 -53.7967573318853,-36.4132426682145,0 -53.7969477615299,-36.4133329997181,0 -53.8036445388643,-36.4163566814157,0 -53.80666700018179,-36.4177214278016,0 -53.8105268634239,-36.4194731362762,0 -53.8154243239733,-36.4220903244089,0 -53.816666999982,-36.422720206872,0 -53.81712842593609,-36.4228727948436,0 -53.81803418712801,-36.4233330004176,0 -53.8241010819993,-36.4259001385805,0 -53.82666699978219,-36.4272014081184,0 -53.8309003982347,-36.4290983804858,0 -53.835951668035,-36.4333330002177,0 -53.8363300856649,-36.4336699141352,0 -53.8366669995823,-36.4341337808493,0 -53.8401191488796,-36.4398796312399,0 -53.8415400471354,-36.4433330000179,0 -53.8434394611622,-36.4465605391375,0 -53.8466670002818,-36.4530143960974,0 -53.84678662899971,-36.4532133711002,0 -53.8468354567909,-36.453332999818,0 -53.847077155886,-36.4537431563215,0 -53.8505634848169,-36.4594377363624,0 -53.85261426553589,-36.4633329996182,0 -53.853703133193,-36.4662968674065,0 -53.8560664139338,-36.4727336345496,0 -53.8562885824521,-36.4733330003177,0 -53.8563618241388,-36.4736369549814,0 -53.8566670000819,-36.4749736254324,0 -53.8581879964788,-36.481810783341,0 -53.8585151446582,-36.4833330001178,0 -53.8589961011891,-36.4856608808449,0 -53.8599091873591,-36.4900895913615,0 -53.8605805744339,-36.493332999918,0 -53.8614887772852,-36.4981547771212,0 -53.8615376050764,-36.4984623947237,0 -53.8625190505138,-36.5033329997181,0 -53.8632050857461,-36.5067961351335,0 -53.8644453200954,-36.5111100993516,0 -53.86495557384059,-36.5133330004176,0 -53.86536084792479,-36.5146391523749,0 -53.8666669998821,-36.5188408128532,0 -53.86757276197329,-36.5224260177465,0 -53.867802253671,-36.5233330002177,0 -53.8681855546196,-36.5248527753353,0 -53.869591804718,-36.5304094164613,0 -53.8703291094008,-36.5333330000179,0 -53.8725922929,-36.5374089280795,0 -53.8766669996822,-36.5429448164501,0 -53.8768208089331,-36.5431791914665,0 -53.8769233478342,-36.5433329998181,0 -53.8772431719348,-36.5439091720706,0 -53.8802045980637,-36.5497954021361,0 -53.88268506676241,-36.5533329996182,0 -53.8841303789138,-36.5558696210861,0 -53.8866670003817,-36.5603264084369,0 -53.8876728597147,-36.5623271409847,0 -53.8883784255239,-36.5633330003176,0 -53.8918427813193,-36.5681584395603,0 -53.8927290119343,-36.5693962322503,0 -53.8955561602885,-36.5733330001178,0 -53.8960468825575,-36.5739531168428,0 -53.8966670001819,-36.5747380289368,0 -53.900692879173,-36.5793059005468,0 -53.9042426831532,-36.583332999918,0 -53.9053779378415,-36.5846208416784,0 -53.906666999982,-36.5860820232667,0 -53.9104585039568,-36.5895414957434,0 -53.91627881641419,-36.5933329997181,0 -53.9166669997822,-36.593617423805,0 -53.9177338943038,-36.5943998942397,0 -53.9222724686994,-36.597726310221,0 -53.9266669995823,-36.6009477465412,0 -53.9281782302411,-36.6018229901388,0 -53.93099561285721,-36.6033330004176,0 -53.93361035933059,-36.6063884200894,0 -53.93666700028181,-36.6098808518198,0 -53.9388154374824,-36.6111857833972,0 -53.9441010822991,-36.6133330002177,0 -53.94585401205299,-36.6141459882467,0 -53.946667000082,-36.6145244058766,0 -53.9496992262382,-36.6163640059941,0 -53.9520747152758,-36.617924064444,0 -53.9566669998821,-36.6200920331208,0 -53.9587128981817,-36.621285880439,0 -53.9622211993488,-36.6233330000179,0 -53.9649067458496,-36.6250944742305,0 -53.9666669996823,-36.6259257733557,0 -53.9689423905788,-36.6256096112945,0 -53.97551709753599,-36.6244829019643,0 -53.97666700038171,-36.6243132241759,0 -53.97754346525871,-36.6242106852749,0 -53.98500196117149,-36.6233330000179,0 -53.98649610111409,-36.6231621018495,0 -53.9866670001819,-36.6231364666746,0 -53.9868891678008,-36.6231108323989,0 -53.9954389730302,-36.622104973066,0 -53.996666999982,-36.6219609295532,0 -54.00425244959081,-36.6209196702065,0 -54.00666699978219,-36.6205876387085,0 -54.0101240314988,-36.6198759683012,0 -54.0127924881828,-36.6194597089983,0 -54.0166669995823,-36.6185551681864,0 -54.02030957852419,-36.6169767986403,0 -54.0258833085678,-36.6133330002177,0 -54.0263252030456,-36.6129912029816,0 -54.0266670002818,-36.6127263103709,0 -54.0280463948252,-36.6119536056743,0 -54.032687508122,-36.6093522869784,0 -54.0366670000819,-36.6071208414536,0 -54.039999519762,-36.6066667404776,0 -54.0438593830041,-36.6061406172956,0 -54.0466669998821,-36.605757316347,0 -54.0488886796688,-36.6055559005843,0 -54.055370613463,-36.6046293866368,0 -54.0566669996822,-36.6044999921809,0 -54.0578950275334,-36.6045610273695,0 -54.0658833086677,-36.6041179125116,0 -54.0666670003817,-36.6041667403028,0 -54.0686689533095,-36.605333732066,0 -54.0723335035883,-36.6076664961118,0 -54.0766670001819,-36.6096232832879,0 -54.0789545975766,-36.6110441815437,0 -54.08323682382029,-36.6133330002177,0 -54.0853339924697,-36.61466600773,0 -54.086666999982,-36.6152690355375,0 -54.0916425855369,-36.6183586348431,0 -54.0917500077566,-36.6184160079923,0 -54.0966669997822,-36.6211589276423,0 -54.0977778396755,-36.6222221601245,0 -54.0989399490194,-36.6233330000179,0 -54.103209968765,-36.6267912521146,0 -54.1066669995823,-36.6283830485388,0 -54.1102631914931,-36.6297355875273,0 -54.1141352621326,-36.6308012616689,0 -54.11666700028181,-36.6316240154359,0 -54.11802686334899,-36.6319731367508,0 -54.1233320387425,-36.633332999818,0 -54.12030225424559,-36.6369694741618,0 -54.11666700028181,-36.6399992595581,0 -54.11499951961211,-36.6416667402278,0 -54.11333448060171,-36.6433329996182,0 -54.1103022535461,-36.6469694748614,0 -54.1066669995823,-36.6499992593583,0 -54.1049116290684,-36.6515788492844,0 -54.1029633863512,-36.6533330003177,0 -54.0999360426142,-36.6566020431497,0 -54.0966669997822,-36.6589995035242,0 -54.0937788162394,-36.660444816575,0 -54.08814893342651,-36.6618522870534,0 -54.086666999982,-36.6623808518947,0 -54.085883308268,-36.6625493084038,0 -54.08222608206799,-36.6633330001178,0 -54.0774360428391,-36.664102042775,0 -54.0766670001819,-36.6642265548116,0 -54.0756025473196,-36.66439745298,0 -54.0688203200017,-36.6654875410172,0 -54.0666670003817,-36.6658330002927,0 -54.0632514723775,-36.6667485272227,0 -54.06075147310201,-36.6674174726382,0 -54.0566669996822,-36.6685124430948,0 -54.0528657308687,-36.6695305098251,0 -54.0495942463773,-36.6704069747021,0 -54.0466669998821,-36.6711906664161,0 -54.0450239340073,-36.6716899340432,0 -54.0403535234963,-36.673332999918,0 -54.03761426588559,-36.6742790453416,0 -54.0366670000819,-36.6747062907627,0 -54.0339741286031,-36.6760258713968,0 -54.0266670002818,-36.6796074142507,0 -54.02372266396971,-36.680387443026,0 -54.01875196083431,-36.6833329997181,0 -54.0173335042378,-36.6839995034742,0 -54.0166669995823,-36.6843132247754,0 -54.0153339920701,-36.6846672285097,0 -54.00850537862031,-36.6851725998356,0 -54.00666699978219,-36.686000236022,0 -54.003810555113,-36.6861906656666,0 -53.99979200020061,-36.6864579999367,0 -53.996666999982,-36.6866667406775,0 -53.99166699963231,-36.6883330000679,0 -53.9866670001819,-36.6933330004176,0 -53.9904170004442,-36.6995829999555,0 -53.99166699963231,-36.7033330002178,0 -53.9938105544135,-36.7061906661663,0 -53.9938105544135,-36.7104753340694,0 -53.9946674887136,-36.7133330000179,0 -53.9946674887136,-36.7333329996182,0 -53.99558789806299,-36.7344121015372,0 -53.996666999982,-36.7369926683769,0 -53.9987885816277,-36.7412114177727,0 -53.9991670001569,-36.7433330003176,0 -53.9996894612996,-36.7463554607359,0 -54.00027295673149,-36.7497270433683,0 -54.0008979567752,-36.7533330001178,0 -54.001781745731,-36.7584489671461,0 -54.00262891429289,-36.763332999918,0 -54.003092781007,-36.7669084390732,0 -54.002704597639,-36.7693693771949,0 -54.0030097735822,-36.7733329997181,0 -54.0031879958293,-36.776812003671,0 -54.0033540115783,-36.7800187909344,0 -54.00352490974679,-36.7833330004176,0 -54.0036787189977,-36.7863225015822,0 -54.0038960041972,-36.7905620037334,0 -54.0040376051513,-36.7933330002177,0 -54.00497510521689,-36.795024894783,0 -54.00666699978219,-36.7980766524155,0 -54.0088642656733,-36.8011357341268,0 -54.0104438555994,-36.8033330000179,0 -54.0146088947846,-36.8053923260949,0 -54.0166669995823,-36.8064103928253,0 -54.02118848416121,-36.8088115152392,0 -54.0235200269277,-36.8101860273632,0 -54.0266670002818,-36.8119902265677,0 -54.0275263753419,-36.8124724043779,0 -54.0289790115721,-36.813332999818,0 -54.033769050801,-36.816230949099,0 -54.0366670000819,-36.8179838788529,0 -54.0403388753388,-36.8196611252607,0 -54.0452290118094,-36.8218937911655,0 -54.0466669998821,-36.8225517495636,0 -54.0472724684496,-36.8227275310507,0 -54.0483784259236,-36.8233329996182,0 -54.0540669022657,-36.8259318766547,0 -54.0566669996822,-36.8271196211736,0 -54.06148389446611,-36.8285161055338,0 -54.062294441735,-36.828961662051,0 -54.0666670003817,-36.8308635177371,0 -54.0683662190257,-36.8316350020536,0 -54.0702705154719,-36.8333330003177,0 -54.0748798907943,-36.8351188884259,0 -54.0766670001819,-36.8359050217992,0 -54.0809711995612,-36.8376359784176,0 -54.0819648514967,-36.838036369183,0 -54.086666999982,-36.8399272378517,0 -54.08909619923011,-36.8409038008697,0 -54.0951337968872,-36.8433330001178,0 -54.0962275469637,-36.8437724529363,0 -54.0966669997822,-36.8439494548035,0 -54.0972846757471,-36.8439518964628,0 -54.106017585643,-36.8439824140571,0 -54.1066669995823,-36.8439848557165,0 -54.1072358477561,-36.8439006270123,0 -54.11000196092171,-36.8433330001178,0 -54.1155756909653,-36.8422416917007,0 -54.11666700028181,-36.8420292889205,0 -54.1181977615174,-36.8418010176028,0 -54.1244672925315,-36.8411332925673,0 -54.126667000082,-36.8407731851344,0 -54.1295625077035,-36.8404374924962,0 -54.133913094114,-36.8405790934503,0 -54.13666699988211,-36.8401310952738,0 -54.1416059650432,-36.8382719645795,0 -54.1418794021127,-36.8381218182673,0 -54.1466669996822,-36.8357963791995,0 -54.148178230341,-36.8348442300771,0 -54.1505756916148,-36.8333330003177,0 -54.15491895304721,-36.8315837326031,0 -54.1566670003817,-36.8308793862746,0 -54.16077588679769,-36.8292241130024,0 -54.1620454183613,-36.8287126388772,0 -54.1666670001819,-36.8268510665234,0 -54.17119092552079,-36.8278569258564,0 -54.1719697348154,-36.8280302656842,0 -54.176666999982,-36.8290739666901,0 -54.1801508863543,-36.8298478926661,0 -54.1840473708894,-36.8307145918049,0 -54.18666699978219,-36.8312956464769,0 -54.1884199295361,-36.8315800705637,0 -54.1958344800772,-36.8333330003177,0 -54.1964668050989,-36.833531974421,0 -54.1966669995823,-36.8335710373734,0 -54.1969770588441,-36.8336418383001,0 -54.20435987141089,-36.8356389079092,0 -54.2066670002818,-36.8361137616407,0 -54.210380379251,-36.837047599667,0 -54.2124287183107,-36.8375700608096,0 -54.2166670000819,-36.8386247479337,0 -54.2204218827636,-36.8395781174361,0 -54.22375928486311,-36.8404252850988,0 -54.2266669998821,-36.8411638101617,0 -54.2283906324217,-36.8416105879582,0 -54.2350336995456,-36.8433330001178,0 -54.2363300857648,-36.8436699140353,0 -54.2366669996823,-36.8437565843988,0 -54.2372480543542,-36.8439128344098,0 -54.24420850391931,-36.8457914956809,0 -54.2466670003817,-36.8464555586771,0 -54.251591316486,-36.8484086838137,0 -54.25197217577519,-36.8486369551313,0 -54.25666700018191,-36.8511345136469,0 -54.2579585039817,-36.8520414961181,0 -54.2597968828198,-36.853332999918,0 -54.2638325275491,-36.8561662519709,0 -54.266666999982,-36.8581559984005,0 -54.2697089918764,-36.8602922282037,0 -54.27404004681069,-36.8633329997181,0 -54.2758125080408,-36.8641887127388,0 -54.2766669997821,-36.8646013109017,0 -54.2791206129259,-36.8657866128618,0 -54.282555671507,-36.8674455490728,0 -54.2866669995823,-36.8694316325638,0 -54.2893159256894,-36.8706840743105,0 -54.2950874103557,-36.8733330004176,0 -54.296225105804,-36.8737748948955,0 -54.29666700028181,-36.8739360273258,0 -54.2974189531221,-36.8740837319786,0 -54.3045185628813,-36.8754814376182,0 -54.306667000082,-36.8759038006199,0 -54.3098042067987,-36.8764714275143,0 -54.31283887461429,-36.877161124786,0 -54.31666699988211,-36.877777580371,0 -54.3212397539115,-36.8787614665684,0 -54.3223310623286,-36.8789958415848,0 -54.3266669996822,-36.8799284592309,0 -54.32953565264819,-36.8804631268717,0 -54.3347724687744,-36.8814396898898,0 -54.33666700038169,-36.8817924723447,0 -54.3380317458684,-36.8819682538318,0 -54.3463789140556,-36.8830461344715,0 -54.3466670001819,-36.8830827557645,0 -54.3468867261415,-36.8831144937388,0 -54.3482539141867,-36.8833330002178,0 -54.3554853591619,-36.8845158614178,0 -54.356666999982,-36.8847197188399,0 -54.358356452888,-36.8850236735037,0 -54.3666669997822,-36.8865165939656,0 -54.3710322343501,-36.8889689867293,0 -54.3739326252904,-36.8905986248266,0 -54.3766669995823,-36.8921354906603,0 -54.37747266443189,-36.8925273360676,0 -54.37879834786541,-36.8933330000179,0 -54.3844892658669,-36.8955107344328,0 -54.3866670002818,-36.896343253938,0 -54.3911713941445,-36.8978373947799,0 -54.39193677566159,-36.8980632244382,0 -54.3966670000819,-36.8998112717727,0 -54.399871345686,-36.900128654214,0 -54.4034797440948,-36.903332999818,0 -54.4059797442698,-36.9040202554304,0 -54.4066669998821,-36.9043364183909,0 -54.4080744703605,-36.9047404702964,0 -54.4153120199337,-36.9046879804659,0 -54.4166669996823,-36.9056254805315,0 -54.4189301831814,-36.9055961833172,0 -54.4244721761499,-36.9055278240498,0 -54.4266670003817,-36.9054997481148,0 -54.4287641681318,-36.9054301675681,0 -54.4347700269151,-36.9052299730848,0 -54.43666700018191,-36.9051664962367,0 -54.4383723225246,-36.9050383221608,0 -54.44549512489999,-36.9045048749,0 -54.446666999982,-36.9044169841565,0 -54.44809644359591,-36.904762443432,0 -54.45611890436389,-36.9038810961356,0 -54.4566669997822,-36.9042424239487,0 -54.458805672144,-36.9111943281557,0 -54.4584931721221,-36.9133329996182,0 -54.4578901443147,-36.9145561441507,0 -54.4566669997822,-36.9170366128494,0 -54.4539582597658,-36.920624259402,0 -54.4535615310398,-36.9233330003177,0 -54.4512849197632,-36.9279509200989,0 -54.45054029100159,-36.9294597090982,0 -54.4486298908567,-36.9333330001178,0 -54.45144361143349,-36.9381096115693,0 -54.4516096271825,-36.9383903727175,0 -54.4545210042409,-36.943332999918,0 -54.4555244219145,-36.9444755777856,0 -54.4566669997822,-36.9469767992398,0 -54.45902295734361,-36.9509770430561,0 -54.4604108963458,-36.9533329997181,0 -54.46333692156159,-36.9566630777388,0 -54.466145759719,-36.9628117596549,0 -54.4664350662253,-36.9633330004176,0 -54.4664777912171,-36.9635222087829,0 -54.4666669995823,-36.965073722774,0 -54.4690839923323,-36.9709160074677,0 -54.4695454182864,-36.9733330002177,0 -54.4696467359081,-36.9763127365435,0 -54.4697810136828,-36.9802189859174,0 -54.4698872146232,-36.9833330000179,0 -54.4700398025948,-36.9867058030304,0 -54.4701484451945,-36.9898515551051,0 -54.4703107989042,-36.9933329998181,0 -54.4697285238523,-36.9963945231887,0 -54.4686469802739,-37.001353019826,0 -54.4682526932072,-37.0033329996182,0 -54.4675764237129,-37.0042424237488,0 -54.4666669995823,-37.0054643479013,0 -54.4649653401783,-37.0116313400143,0 -54.46449536886611,-37.0133330003177,0 -54.4636665114003,-37.0163334884996,0 -54.4628022539208,-37.019468253557,0 -54.46173535939931,-37.0233330001178,0 -54.4598042073982,-37.0264702068345,0 -54.4566669997822,-37.0286406171707,0 -54.45315625785501,-37.0298222579908,0 -54.44866773252979,-37.0313322673702,0 -54.446666999982,-37.0320060961044,0 -54.44567456842659,-37.0323405683625,0 -54.4427229080358,-37.0333329999179,0 -54.43913770314239,-37.0358037028785,0 -54.43666700018191,-37.0364494547784,0 -54.4328791582465,-37.0395451577828,0 -54.4299140700782,-37.0400859300216,0 -54.4266670003817,-37.041365226424,0 -54.4255463947503,-37.0422123940867,0 -54.4236762770385,-37.0433329997181,0 -54.4198249591545,-37.0464909591904,0 -54.4166669996823,-37.0479423750405,0 -54.4135993726129,-37.0502653733483,0 -54.4084724203659,-37.0533330004176,0 -54.4074799879111,-37.0541459884466,0 -54.4066669998821,-37.0545207440371,0 -54.4017927328483,-37.0584587322846,0 -54.4010847244804,-37.0589152758193,0 -54.3966670000819,-37.061895012145,0 -54.395957771334,-37.0626237714698,0 -54.3954780351831,-37.0633330002178,0 -54.3924152914325,-37.0675847088672,0 -54.391812263625,-37.068478263561,0 -54.3869367753119,-37.0733330000179,0 -54.3868305743715,-37.0734965741076,0 -54.3866670002818,-37.0735905685498,0 -54.3821284258861,-37.0787956467017,0 -54.3773628005528,-37.0826371988476,0 -54.3766669995823,-37.0832170331395,0 -54.3765473708644,-37.083332999818,0 -54.3755756911652,-37.0844243082352,0 -54.37193555478199,-37.0886003335385,0 -54.3691767656952,-37.0908232346046,0 -54.3666669997822,-37.0929130782759,0 -54.3664130941889,-37.0930803144049,0 -54.36601514418349,-37.0933329996182,0 -54.36137891420551,-37.0980449138416,0 -54.356666999982,-37.102090324309,0 -54.3559907304878,-37.1026567308234,0 -54.3551826248782,-37.1033330003177,0 -54.3555000082188,-37.1044999920809,0 -54.356666999982,-37.1081791914165,0 -54.3580146565511,-37.1119853435487,0 -54.3586469806736,-37.1133330001178,0 -54.36109815215799,-37.1177641522938,0 -54.36150342534281,-37.1184965745572,0 -54.3641792070048,-37.123332999918,0 -54.3666669997822,-37.1278288493219,0 -54.370302253746,-37.1296965253743,0 -54.3759126050826,-37.1325786052184,0 -54.3766669995823,-37.1329655682064,0 -54.37690869957679,-37.133090080243,0 -54.37738233202899,-37.1333329997181,0 -54.3824384842486,-37.1375602953713,0 -54.3866670002818,-37.1410942308141,0 -54.3878864827749,-37.1421135179245,0 -54.3893452227038,-37.1433330004176,0 -54.39333326002189,-37.1466667404777,0 -54.3966670000819,-37.1494523851194,0 -54.3995881428784,-37.1504118574213,0 -54.405778328507,-37.1524443279433,0 -54.4066669998821,-37.152736076109,0 -54.4071833573261,-37.1528166427738,0 -54.4092182695075,-37.1533330002177,0 -54.4147639236161,-37.1552360762839,0 -54.4166669996823,-37.1566667402778,0 -54.4199067461993,-37.1600932535008,0 -54.4229719316093,-37.1633330000179,0 -54.4253767169619,-37.1646232834377,0 -54.4266670003817,-37.1653142010895,0 -54.4314301831564,-37.168569816144,0 -54.4354487380688,-37.1733329998181,0 -54.4359992751464,-37.1740007248535,0 -54.43666700018191,-37.1748088304631,0 -54.4415925366662,-37.1784074631339,0 -54.44609815270751,-37.1833329996182,0 -54.4463972249519,-37.1836027755476,0 -54.446666999982,-37.1838469163021,0 -54.4485749593668,-37.185240959003,0 -54.45226880685991,-37.1877311934398,0 -54.4566669997822,-37.1926481854653,0 -54.4570649488882,-37.1929350512116,0 -54.4574702229723,-37.1933330003177,0 -54.4630305252385,-37.1969694746615,0 -54.4666669995823,-37.2008806073541,0 -54.4680354080076,-37.2019645916925,0 -54.46946240996219,-37.2033330001178,0 -54.4740998612196,-37.2059001382807,0 -54.47666700028179,-37.2073210374359,0 -54.4856013259404,-37.2122673257764,0 -54.4866670000819,-37.2128569258064,0 -54.486898933439,-37.2131010665609,0 -54.48697339640509,-37.213332999918,0 -54.48697339640509,-37.2333330004176,0 -54.487978035358,-37.2346440347943,0 -54.49119336708019,-37.2388066332195,0 -54.4944843830478,-37.2433330002177,0 -54.4953754960823,-37.2446245040176,0 -54.49666699988211,-37.246559318058,0 -54.4999311602948,-37.2500688396052,0 -54.5029658281105,-37.2533330000179,0 -54.5047492754587,-37.2552507242415,0 -54.5066669996822,-37.2573124919779,0 -54.5099128498981,-37.2600871505015,0 -54.51371045667221,-37.263332999818,0 -54.51545850400671,-37.264541496193,0 -54.51666700038169,-37.2653776777376,0 -54.52137036924711,-37.2686296307528,0 -54.5232905351301,-37.2699565354657,0 -54.5266670001819,-37.2722905198916,0 -54.527426277101,-37.2725737226991,0 -54.52908887535119,-37.2733329996182,0 -54.5345295488995,-37.2754704516,0 -54.536666999982,-37.2763102951839,0 -54.5394148029508,-37.2760808025869,0 -54.544329353317,-37.2756706460834,0 -54.5466669997822,-37.2754765543994,0 -54.5489851156705,-37.2756511155065,0 -54.55493848462331,-37.2750615154765,0 -54.5566669995823,-37.2752519451211,0 -54.5602168044619,-37.2768828044978,0 -54.5623066481332,-37.2776933517667,0 -54.5666670002818,-37.2803032149214,0 -54.5685053791199,-37.2814946214796,0 -54.57058789871251,-37.2833330003177,0 -54.5740168535948,-37.2859831468047,0 -54.576667000082,-37.2880302654843,0 -54.5798847734635,-37.2901152267363,0 -54.5835285718861,-37.2933330001178,0 -54.58506665809979,-37.2949333419002,0 -54.5866669998821,-37.2965983809105,0 -54.59026319179279,-37.2997368089066,0 -54.59313672627881,-37.303332999918,0 -54.592666755866,-37.3073332437341,0 -54.5921211012078,-37.3087871012437,0 -54.5918281326622,-37.3133329997181,0 -54.5906672436983,-37.3173332444337,0 -54.58984815197059,-37.3201518474298,0 -54.5889253009618,-37.3233330004176,0 -54.58841626759659,-37.3250822672328,0 -54.5866669998821,-37.331110100051,0 -54.586166511875,-37.3328325113113,0 -54.5860212479822,-37.3333330002177,0 -54.5862824785535,-37.3337175215464,0 -54.5866669998821,-37.3342851484408,0 -54.5903205640428,-37.3396794358572,0 -54.592796150322,-37.3433330000179,0 -54.5943586504313,-37.3456413492688,0 -54.5966669996823,-37.349048331915,0 -54.59888013501021,-37.3511198653894,0 -54.601242195371,-37.3533329998181,0 -54.6039436113086,-37.3560563888912,0 -54.6066670003817,-37.3592595141153,0 -54.6085969320027,-37.3614030679972,0 -54.6098542561689,-37.3633329996182,0 -54.61326123791579,-37.3667387618843,0 -54.61666700018181,-37.3701457445304,0 -54.61826001788549,-37.3717399826141,0 -54.6198542559691,-37.3733330003176,0 -54.6234528886399,-37.3765471116598,0 -54.626666999982,-37.3801457443306,0 -54.6282160723138,-37.381783927786,0 -54.62967969556139,-37.3833330001178,0 -54.63307447081009,-37.3869255290899,0 -54.63666699978221,-37.3907255784227,0 -54.6382050859959,-37.3917949137042,0 -54.6404157796645,-37.393332999918,0 -54.6445087966436,-37.3954912028567,0 -54.6466669995823,-37.3966301195843,0 -54.6510554276658,-37.3989445725339,0 -54.6536445389643,-37.4003105392999,0 -54.65666700028179,-37.4019047773835,0 -54.6576399003611,-37.4023600996388,0 -54.65937451991811,-37.4033329997181,0 -54.6647541582777,-37.4052458415223,0 -54.6666670000819,-37.4059257730559,0 -54.6703706133131,-37.4070366129493,0 -54.6723652421621,-37.4076347574381,0 -54.67666699988211,-37.4089262621372,0 -54.6800568927114,-37.4099431075883,0 -54.6846565022957,-37.4113225021317,0 -54.6866669996822,-37.4119255290399,0 -54.687622810844,-37.4123771892558,0 -54.6888508377959,-37.4133330004176,0 -54.6927924880828,-37.4172075118172,0 -54.69666700038169,-37.4210173259888,0 -54.6979279865873,-37.4220720140122,0 -54.6994367755867,-37.4233330002177,0 -54.7033747638342,-37.4266252365654,0 -54.7066670001819,-37.4293791423335,0 -54.70891065220481,-37.431089347995,0 -54.7118513264775,-37.4333330000179,0 -54.7150617757803,-37.4349382242196,0 -54.716666999982,-37.4357402261305,0 -54.7215827716276,-37.4384172281725,0 -54.72202222444609,-37.438688224482,0 -54.7266669997822,-37.4414641033856,0 -54.7278315507854,-37.4421684488148,0 -54.7290876545716,-37.443332999818,0 -54.7329548418924,-37.4470451584073,0 -54.7366669995823,-37.450605949405,0 -54.738268562644,-37.4517314374558,0 -54.7401276933383,-37.4533329996182,0 -54.74378491953839,-37.4562150803616,0 -54.7466670002818,-37.4584855879395,0 -54.7495149004922,-37.4604850992079,0 -54.752819343338,-37.4633330003177,0 -54.7553278888709,-37.4646721115287,0 -54.756667000082,-37.4653886643553,0 -54.7613923420829,-37.4680583414193,0 -54.76176099397459,-37.4682390062251,0 -54.7666669998821,-37.4721684491146,0 -54.7674274980805,-37.4725725019194,0 -54.7682551351663,-37.4733330001178,0 -54.7734602133182,-37.4765397873812,0 -54.7766669996822,-37.4788798746065,0 -54.7795979082168,-37.4804020913834,0 -54.7834211501659,-37.483332999918,0 -54.7854292067924,-37.4845707926079,0 -54.7866670003817,-37.4854728926598,0 -54.7911225664532,-37.4877885659895,0 -54.7918781813329,-37.4881218187669,0 -54.79666700018189,-37.4915764079249,0 -54.79800977343229,-37.4919902264677,0 -54.8023518144846,-37.4933329997181,0 -54.80573072029649,-37.4942692794037,0 -54.806666999982,-37.4949162516836,0 -54.81118360124209,-37.4988163982582,0 -54.8164155349489,-37.5033330004176,0 -54.81666699978221,-37.5034489670961,0 -54.8170210035165,-37.5036870041519,0 -54.82288159930629,-37.5071184006936,0 -54.8266669995823,-37.5115898362019,0 -54.8273689042515,-37.5126310955486,0 -54.8277107014877,-37.5133330002178,0 -54.828332039492,-37.5149980392281,0 -54.83014600353521,-37.519853996065,0 -54.8314460526931,-37.5233330000179,0 -54.832865730569,-37.5271342697307,0 -54.83429395290361,-37.5309599533391,0 -54.8351801835186,-37.5333329998181,0 -54.8358222733792,-37.5341777267207,0 -54.83666700028179,-37.535291007374,0 -54.8408894117169,-37.5391105881831,0 -54.8455549398086,-37.5433329996182,0 -54.8461384352406,-37.5438615644596,0 -54.8466670000819,-37.5443388589512,0 -54.85089551521579,-37.5491044842845,0 -54.853333259822,-37.5533330003177,0 -54.8543061599013,-37.5556938393991,0 -54.85666699988209,-37.5614287027724,0 -54.8572224202784,-37.5627775797215,0 -54.8574506915961,-37.5633330001178,0 -54.8585175861177,-37.5651835863534,0 -54.8608210529492,-37.5691789468509,0 -54.8632160725637,-37.573332999918,0 -54.864586921749,-37.5754130778512,0 -54.8666669996823,-37.5785710373235,0 -54.8696967850785,-37.5803032152211,0 -54.874999519712,-37.5833329997181,0 -54.8760334549799,-37.5839665451199,0 -54.8766670003817,-37.5844365155327,0 -54.88116162850631,-37.5888383713937,0 -54.88448438244819,-37.5933330004176,0 -54.8856721269671,-37.5943278727331,0 -54.8866670001819,-37.5951603922383,0 -54.89111402179459,-37.598885978605,0 -54.89642408050679,-37.6033330002177,0 -54.8965778888584,-37.6034221113413,0 -54.896666999982,-37.603556389116,0 -54.90065259564069,-37.6093474043592,0 -54.9029072346811,-37.6133330000179,0 -54.9043720783087,-37.6156279214914,0 -54.9066669997821,-37.619222893022,0 -54.908546883232,-37.6214531172675,0 -54.9098286212938,-37.623332999818,0 -54.9128022539209,-37.6271977463788,0 -54.9166669995823,-37.6322221597248,0 -54.9171748125675,-37.6328251875323,0 -54.917521492223,-37.6333329996182,0 -54.91969556459861,-37.6363615646345,0 -54.9213435137921,-37.6386564861079,0 -54.92470044736769,-37.6433330003177,0 -54.9255549391091,-37.644445060591,0 -54.9266670002818,-37.6460722579283,0 -54.9301618727721,-37.6498381267281,0 -54.9334065017086,-37.6533330001178,0 -54.9350324786659,-37.6549675215339,0 -54.936667000082,-37.6568461837044,0 -54.9404914633104,-37.6595085366896,0 -54.9435212478073,-37.6633329999179,0 -54.945288826618,-37.6647111740814,0 -54.9466669998821,-37.6660808028867,0 -54.9505378492423,-37.6694621503579,0 -54.9549677810382,-37.6733329997181,0 -54.9560114820442,-37.6739885173561,0 -54.9566669996822,-37.67450243404,0 -54.96041944160389,-37.6770854416398,0 -54.96189771300899,-37.6781022870908,0 -54.9666670003817,-37.6813859780803,0 -54.9681367264287,-37.6818632734713,0 -54.9726655350863,-37.6833330004176,0 -54.9756281815953,-37.6843718181049,0 -54.97666700018189,-37.6848564375745,0 -54.9815778885087,-37.6884221109916,0 -54.9861018147469,-37.6933330002178,0 -54.986372810157,-37.6936271891434,0 -54.986666999982,-37.693947013244,0 -54.99116651142529,-37.6988334885746,0 -54.9953107987543,-37.7033330000179,0 -54.9960786210315,-37.7039213787686,0 -54.99666699978221,-37.7043730389845,0 -54.9986677323299,-37.7053337325656,0 -55.002719246496,-37.7072807540035,0 -55.0066669995823,-37.7091777263709,0 -55.00977368960411,-37.7102263106956,0 -55.0154914631605,-37.7121574626967,0 -55.0166670002818,-37.7125541914227,0 -55.0172468336744,-37.7127531664254,0 -55.01891553472411,-37.713332999818,0 -55.02465650179609,-37.7153434981039,0 -55.0266670000819,-37.7160527268518,0 -55.0316511309949,-37.7183488687053,0 -55.0317085041441,-37.7183745038802,0 -55.03666699988209,-37.7206584392355,0 -55.0382673416644,-37.7217326578358,0 -55.0406538168202,-37.7233329996182,0 -55.0442524494909,-37.7257475507088,0 -55.0466669996823,-37.7273686443474,0 -55.050236336038,-37.7297636639619,0 -55.0555561604884,-37.7333330003177,0 -55.0560371170193,-37.7339628827808,0 -55.0566670003817,-37.7347868578272,0 -55.0599836506249,-37.7400163498746,0 -55.061295906281,-37.7433330001178,0 -55.0623701248813,-37.7476298754184,0 -55.0628400952941,-37.7495060959295,0 -55.0637959064559,-37.753332999918,0 -55.0643708574291,-37.7556291426707,0 -55.0661726149742,-37.7628386154097,0 -55.06629590663069,-37.7633329997181,0 -55.0664411696242,-37.7635588302758,0 -55.0666670001819,-37.7639995034743,0 -55.0708772051189,-37.7691227945813,0 -55.07380078867541,-37.7733330004176,0 -55.07518872857689,-37.7748112718227,0 -55.076666999982,-37.776503166388,0 -55.0800349196758,-37.779965080524,0 -55.0828449782131,-37.7833330002177,0 -55.0846967848287,-37.7853032151712,0 -55.0866669997822,-37.7875590745916,0 -55.0895136796126,-37.7904863201875,0 -55.0918891677509,-37.7933330000179,0 -55.0943769605283,-37.7956230390719,0 -55.0966669995823,-37.7978788984923,0 -55.09964185348871,-37.800358146811,0 -55.1013544999102,-37.8033329998181,0 -55.1043745195684,-37.8056254805314,0 -55.1066670002818,-37.8080119547878,0 -55.1094282301287,-37.8105717697713,0 -55.1109309163287,-37.8133329996182,0 -55.1136958082149,-37.8163041914852,0 -55.116667000082,-37.8204899825266,0 -55.11814282982769,-37.8218571696726,0 -55.1189460530179,-37.8233330003177,0 -55.1226667560659,-37.8273332441339,0 -55.1266669998821,-37.8329667889861,0 -55.12685987118609,-37.8331401288139,0 -55.1269477619296,-37.8333330001178,0 -55.1269965897208,-37.8336625899565,0 -55.1282002027771,-37.841799797023,0 -55.1284272537147,-37.8433329999179,0 -55.12873242965789,-37.8453984296937,0 -55.1294880445376,-37.8505119550626,0 -55.1299055251199,-37.8533329997181,0 -55.13035352329641,-37.8570195231325,0 -55.1305878983128,-37.8594121019869,0 -55.1310908279793,-37.8633330004176,0 -55.1332917559097,-37.8667082441901,0 -55.13666699968221,-37.8715764084245,0 -55.1375654376948,-37.8724345622052,0 -55.13850415814031,-37.8733330002178,0 -55.1433564529379,-37.8766435467622,0 -55.1466670003817,-37.878901847842,0 -55.14908155057301,-37.8809184489272,0 -55.1511506423882,-37.8833330000179,0 -55.15327222493319,-37.8867277752666,0 -55.1565913168358,-37.8932573164719,0 -55.1566328205482,-37.893332999818,0 -55.15666700018189,-37.8934062424041,0 -55.1598762282053,-37.9001237715947,0 -55.1614094319996,-37.9033329996182,0 -55.16312574046049,-37.906874260039,0 -55.16586621845121,-37.9125322187869,0 -55.16625440271851,-37.9133330003177,0 -55.1663886795939,-37.9136113207059,0 -55.166666999982,-37.9141838300197,0 -55.1705402910016,-37.9194597090982,0 -55.1733857495527,-37.9233330001178,0 -55.17434644313379,-37.9256535567662,0 -55.1747565996373,-37.9314225997731,0 -55.1752387774476,-37.933332999918,0 -55.17607740065149,-37.933922599948,0 -55.17666699978219,-37.9344279703745,0 -55.18135572049,-37.9380217206258,0 -55.18170850384429,-37.938291495656,0 -55.1866669995823,-37.9420927653688,0 -55.1873689042515,-37.9426310959483,0 -55.18828565246091,-37.9433329997181,0 -55.19303052503859,-37.9469694749612,0 -55.1966670002818,-37.9497563399831,0 -55.1992011800904,-37.9507988206091,0 -55.205364510164,-37.9533330004176,0 -55.2062629472771,-37.953737052323,0 -55.2066670000819,-37.9539811930775,0 -55.2088264234007,-37.9554924237363,0 -55.2123310625284,-37.9576689377712,0 -55.21666699988209,-37.9628801187225,0 -55.21695752766771,-37.9633330002177,0 -55.2169318924928,-37.9635978928284,0 -55.2160468831571,-37.9727128823936,0 -55.2159870683485,-37.9733330000179,0 -55.2153938062791,-37.9746061936209,0 -55.2130244218396,-37.9796904217755,0 -55.2113264235755,-37.9833329998181,0 -55.21047681425349,-37.987142814889,0 -55.2066670000819,-37.9933354412776,0 -55.208072028901,-38.0019279705993,0 -55.208301521498,-38.0033330003177,0 -55.2107551346417,-38.0092448655581,0 -55.2124531329057,-38.0133330001178,0 -55.21364820150319,-38.0163517984967,0 -55.2159797442698,-38.0226457443056,0 -55.2162421952211,-38.023332999918,0 -55.2163532794802,-38.0236467203198,0 -55.21666699988209,-38.0245622481492,0 -55.21888867966879,-38.0311113199314,0 -55.21964307416851,-38.0333329997181,0 -55.2191474685808,-38.0358134684168,0 -55.2180793536792,-38.0419206466205,0 -55.2178095777498,-38.0433330004176,0 -55.2175800860521,-38.0442460856883,0 -55.21666699988209,-38.0487358322928,0 -55.21585157019379,-38.0525175705294,0 -55.2156953201828,-38.0533330002177,0 -55.2153681720035,-38.0546318280963,0 -55.213748298745,-38.0604142988807,0 -55.21306836721131,-38.0633330000179,0 -55.2125202717931,-38.0674797281069,0 -55.2123212967904,-38.0689872967263,0 -55.2117463458172,-38.073332999818,0 -55.21141187265981,-38.0785881270404,0 -55.2111115800353,-38.0833329996182,0 -55.2110761800217,-38.0877421795579,0 -55.2109907300381,-38.0890092694622,0 -55.2109516679851,-38.0933330003177,0 -55.2116926347073,-38.0983073654925,0 -55.2117011800653,-38.0983671794017,0 -55.2124397051282,-38.1033330001178,0 -55.2135114820692,-38.1064885179307,0 -55.2154047932966,-38.1120707933324,0 -55.2158332599969,-38.113332999918,0 -55.2160090405847,-38.1139909592154,0 -55.21666699988209,-38.117578605768,0 -55.2174885332691,-38.1225114672304,0 -55.2175983962489,-38.1233329997181,0 -55.2177045980887,-38.1243705979247,0 -55.2184443435316,-38.1315556558688,0 -55.21862744909749,-38.1333330004176,0 -55.2203693927332,-38.1370353923694,0 -55.22119947057909,-38.1388005295208,0 -55.22333325962221,-38.1433330002178,0 -55.22452466618031,-38.1454753337196,0 -55.2266669996823,-38.1504179609201,0 -55.2278327710655,-38.1521672286347,0 -55.2286103590808,-38.1533330000179,0 -55.23216138434039,-38.1578386151599,0 -55.2336115798105,-38.1602775801462,0 -55.2355488355103,-38.1633329998181,0 -55.2358418049553,-38.1641581952445,0 -55.23630078925,-38.1729667893858,0 -55.23638257629481,-38.1733329996182,0 -55.23641797630851,-38.1735820236914,0 -55.2366670003817,-38.1753874432758,0 -55.2382478106879,-38.1817521891122,0 -55.2385798421859,-38.1833330003176,0 -55.2391865311334,-38.1858525310694,0 -55.2401496663739,-38.1898503341256,0 -55.2409870682985,-38.1933330001178,0 -55.24291089622081,-38.1970891031795,0 -55.2455268630742,-38.2021928637096,0 -55.2461103594055,-38.203332999918,0 -55.2464338455455,-38.2035661545543,0 -55.2466670001818,-38.20386034348,0 -55.2515315023769,-38.2084684984224,0 -55.256666999982,-38.2133329997181,0 -55.2566743240608,-38.2133403237968,0 -55.2618024984865,-38.2181975019132,0 -55.2666669997822,-38.2228068772355,0 -55.26713574981489,-38.2228642503848,0 -55.2709516676853,-38.2233330004176,0 -55.2757685624691,-38.2242314375308,0 -55.2766669995823,-38.2255559005843,0 -55.27885449973541,-38.2311455000647,0 -55.2797102127561,-38.2333330002177,0 -55.28544141409,-38.2345585855103,0 -55.28666700028181,-38.2348210373609,0 -55.2887446365557,-38.2354106364916,0 -55.2934956128322,-38.2365043865681,0 -55.29666700008189,-38.2375493088535,0 -55.3008662189009,-38.239133781199,0 -55.30607984151149,-38.2433330000179,0 -55.30643140448569,-38.2435685954143,0 -55.3066669998821,-38.2437260667046,0 -55.3074873128891,-38.2441533121256,0 -55.3134943929518,-38.2465056076476,0 -55.31666699968221,-38.2493950115705,0 -55.31958203878,-38.2504179607203,0 -55.3239912187198,-38.253332999818,0 -55.32591382626201,-38.2540861739377,0 -55.3266670003817,-38.2547722091701,0 -55.3290473709393,-38.255713371275,0 -55.333216072164,-38.256783927836,0 -55.33666700018189,-38.2589616622509,0 -55.3391584549987,-38.2608415448014,0 -55.3408991773551,-38.2633329996182,0 -55.3411359940309,-38.2678019943665,0 -55.3410615310648,-38.2689384685355,0 -55.34136060330919,-38.2733330003177,0 -55.3397334059719,-38.2763994061077,0 -55.33666700018189,-38.2790837322284,0 -55.33526197046351,-38.2819279703995,0 -55.3345686111525,-38.2833330001178,0 -55.33252027119349,-38.2874797282068,0 -55.33195630633841,-38.2886223069738,0 -55.3296296468906,-38.293332999918,0 -55.3287653885118,-38.2954313889474,0 -55.3266670003817,-38.3005314865388,0 -55.3260200272024,-38.3026860274382,0 -55.3258259355185,-38.3033329997181,0 -55.3256403882933,-38.3043596109073,0 -55.3244270094988,-38.3110930095347,0 -55.3240241779734,-38.3133330004176,0 -55.3234431233014,-38.3165568765986,0 -55.3229011306826,-38.3195671305186,0 -55.322222419529,-38.3233330002178,0 -55.3213740314863,-38.3280400311225,0 -55.32124463703039,-38.3287553635691,0 -55.3204206619839,-38.3333330000179,0 -55.3213215407565,-38.3379875410921,0 -55.32143506667491,-38.3385649337247,0 -55.322350593605,-38.343332999818,0 -55.323004890863,-38.3469951093368,0 -55.32354566220249,-38.3502116623383,0 -55.32409375762081,-38.3533329996182,0 -55.3255781327246,-38.3622441326606,0 -55.3257600179105,-38.3633330003177,0 -55.3260603105348,-38.3639396892652,0 -55.3266670003817,-38.3651689374964,0 -55.329596687637,-38.3704033128625,0 -55.3312360914724,-38.3733330001178,0 -55.3335542073607,-38.376445792939,0 -55.33666700018189,-38.3806230386223,0 -55.33803052528841,-38.3819694748113,0 -55.3394135818713,-38.383332999918,0 -55.3424738848619,-38.3875261150381,0 -55.34333203864261,-38.3899980392781,0 -55.3448847730138,-38.3933329997181,0 -55.3452815017399,-38.3947184979602,0 -55.346666999982,-38.4024540938813,0 -55.3467915120186,-38.403208488381,0 -55.3468122638748,-38.4033330004176,0 -55.3468818435222,-38.4035478439578,0 -55.34920850386931,-38.4107914963304,0 -55.35002393355761,-38.4133330002177,0 -55.3510481030875,-38.4177141033232,0 -55.3512190021552,-38.4187809978447,0 -55.3525068439156,-38.4233330000179,0 -55.3531330643394,-38.4268669354607,0 -55.3537629477019,-38.4304289468384,0 -55.3542768634864,-38.433332999818,0 -55.3547517172179,-38.4352482832816,0 -55.35666699978219,-38.4429765551239,0 -55.3567378007089,-38.4432621995908,0 -55.3567548905257,-38.4433329996182,0 -55.35678418773999,-38.443450187576,0 -55.3587238850992,-38.4512761150007,0 -55.3592329175651,-38.4533330003177,0 -55.3599873120647,-38.4566533126003,0 -55.3605720296754,-38.4594279711239,0 -55.3614973223435,-38.4633330001178,0 -55.3618049390466,-38.4681950606535,0 -55.3618269121822,-38.4684929125178,0 -55.362138191824,-38.4733329999179,0 -55.36205152146049,-38.4779484789391,0 -55.362036873303,-38.4787028734388,0 -55.36195020293939,-38.4833329997181,0 -55.3617646566136,-38.4882353435862,0 -55.3617609945742,-38.4884282148902,0 -55.36156934365031,-38.4933330004176,0 -55.3614362871549,-38.4981035081703,0 -55.361382576045,-38.4986186443349,0 -55.3612299880734,-38.5033330002178,0 -55.36181958810349,-38.5081816329759,0 -55.361900153869,-38.5085649339245,0 -55.3625776446426,-38.5133330000179,0 -55.3633332595223,-38.5166655196979,0 -55.3643110429202,-38.520977043156,0 -55.36484449018099,-38.523332999818,0 -55.3651814040985,-38.5248173749219,0 -55.3666669995823,-38.5313725504029,0 -55.3671430745932,-38.5328569255067,0 -55.3672956616654,-38.5333329996182,0 -55.3672321857168,-38.5338969644733,0 -55.3666669995823,-38.5388896407443,0 -55.3663374097436,-38.5430034104789,0 -55.366311775468,-38.5433330003177,0 -55.36628003749369,-38.5437187420263,0 -55.3655964430214,-38.5522636639369,0 -55.3655109939372,-38.5533330001178,0 -55.3653864827999,-38.5546147381796,0 -55.3648261799842,-38.5614921794205,0 -55.36463941237889,-38.563332999918,0 -55.365204597614,-38.5647954027856,0 -55.3666669995823,-38.5684501873262,0 -55.3683466876495,-38.5716533125503,0 -55.3692121664083,-38.5733329997181,0 -55.372606941657,-38.5773930583429,0 -55.3766670002818,-38.5822465744199,0 -55.3771601642102,-38.5828398355899,0 -55.37756421701489,-38.5833330004176,0 -55.38121045709691,-38.5878764572327,0 -55.381616951561,-38.5883818285585,0 -55.38549634538,-38.5933330002177,0 -55.3860114824439,-38.5939897382358,0 -55.3866670000819,-38.5948271410597,0 -55.3904047929468,-38.5995952071531,0 -55.393333259822,-38.6033330000179,0 -55.3948823321539,-38.6051176677461,0 -55.3966669998821,-38.6069194261905,0 -55.3997346269514,-38.6102665940281,0 -55.40215039842209,-38.613332999818,0 -55.4042316976347,-38.6157670823849,0 -55.4066669996823,-38.6186162029753,0 -55.4088068924241,-38.6211943281557,0 -55.4103425369785,-38.6233329996182,0 -55.41311353346281,-38.6268876878165,0 -55.4166670003817,-38.6314457927891,0 -55.4175227125031,-38.6324785076769,0 -55.41813672642871,-38.6333330003177,0 -55.4184687579268,-38.6351347578627,0 -55.4194880450372,-38.640510734183,0 -55.4199995191624,-38.6433330001178,0 -55.4206318441842,-38.6472978439203,0 -55.420934578468,-38.6490654218317,0 -55.4215961989054,-38.653332999918,0 -55.42222242022849,-38.6577788011507,0 -55.422404304515,-38.6590703049505,0 -55.4230048906632,-38.6633329997181,0 -55.4239106527544,-38.6660893480449,0 -55.4261066973662,-38.6727714763225,0 -55.426291023312,-38.6733330004176,0 -55.4263899001737,-38.6736088791464,0 -55.4266670001819,-38.6746049727412,0 -55.4284870679238,-38.6815117111965,0 -55.42896802535401,-38.6833330002177,0 -55.4297907791211,-38.6864580004363,0 -55.4305732495558,-38.6894267497446,0 -55.4316035236836,-38.6933330000179,0 -55.432522712653,-38.6974785077269,0 -55.4333320386426,-38.699998039378,0 -55.4342036211002,-38.703332999818,0 -55.4341914137028,-38.7058085860973,0 -55.43426831832819,-38.7109355392437,0 -55.43425611093069,-38.7133329996182,0 -55.4342927322238,-38.7157060469964,0 -55.43437451926859,-38.7210405196042,0 -55.4344099201816,-38.7233330003177,0 -55.4344440998153,-38.7255546801044,0 -55.4345307692795,-38.7311967694153,0 -55.43456372853321,-38.7333330001178,0 -55.434350105373,-38.7356498947268,0 -55.4338960034978,-38.740562004333,0 -55.43364087662511,-38.743332999918,0 -55.433333259922,-38.7466679612573,0 -55.43305127749441,-38.7497172772305,0 -55.4327180256163,-38.7533329997181,0 -55.432291999676,-38.7577080000241,0 -55.4321857987356,-38.7588505778918,0 -55.43174390425781,-38.7633330004176,0 -55.4328120191593,-38.767187980341,0 -55.43367627753819,-38.7703422777739,0 -55.43450147296451,-38.7733330002177,0 -55.4352753980411,-38.7747246012593,0 -55.436666999982,-38.7772246014342,0 -55.439048591819,-38.7809501878009,0 -55.4401032789431,-38.7833330000179,0 -55.44452222462089,-38.7911894450368,0 -55.4457282793366,-38.7933329998181,0 -55.44612622844269,-38.7938749924369,0 -55.4466669997822,-38.7946098554604,0 -55.45036084727519,-38.7996391521251,0 -55.4530732502303,-38.8033329996182,0 -55.454937263344,-38.8050615154765,0 -55.4566669995823,-38.8066679609576,0 -55.460125251679,-38.8098735269417,0 -55.4638545000851,-38.8133330003176,0 -55.465313240014,-38.8146855393061,0 -55.46666700028181,-38.8159428634723,0 -55.4711677321051,-38.817832511761,0 -55.4718708571543,-38.818127921966,0 -55.4766670000819,-38.8201445230513,0 -55.4785554279905,-38.8214457925892,0 -55.480000740142,-38.8233330001178,0 -55.4821772541769,-38.827822745823,0 -55.4831367264787,-38.8298027265146,0 -55.48484815252021,-38.833332999918,0 -55.4854426349696,-38.8345585861098,0 -55.4866669998821,-38.8370830001803,0 -55.48879468522649,-38.8412065347537,0 -55.4901154862407,-38.8433329997181,0 -55.4928669512487,-38.847134269431,0 -55.4966669996822,-38.851970695691,0 -55.49725049601349,-38.8527495040863,0 -55.49768872845199,-38.8533330004176,0 -55.5007551351413,-38.8574223553574,0 -55.501536385196,-38.858462394324,0 -55.5051887280773,-38.8633330002177,0 -55.5057514725524,-38.8642485271478,0 -55.5066670003817,-38.8657426679897,0 -55.50948438299779,-38.8705156174018,0 -55.5111469803488,-38.8733330000179,0 -55.5160908279293,-38.8827568284648,0 -55.5163935622131,-38.883332999818,0 -55.51648877703541,-38.8835112229645,0 -55.5166670001819,-38.8838383711439,0 -55.5200361402556,-38.8899638595444,0 -55.5218879468712,-38.8933329996182,0 -55.5236591877213,-38.8963408127782,0 -55.526666999982,-38.9014482344484,0 -55.5273591389131,-38.9026420817666,0 -55.5277595296785,-38.9033330003177,0 -55.5298396076117,-38.9065043866681,0 -55.5312873614225,-38.9087138590573,0 -55.5343159255395,-38.9133330001178,0 -55.5352473219064,-38.9147514567143,0 -55.53666699978219,-38.9169169846311,0 -55.5391547925596,-38.9208452071405,0 -55.54071851394821,-38.923332999918,0 -55.5429975659848,-38.9270024335154,0 -55.5466669995823,-38.9329912033813,0 -55.5467963949376,-38.9332036052621,0 -55.5468745199431,-38.9333329997181,0 -55.54716016441,-38.9338261636465,0 -55.5504621655964,-38.9395390547835,0 -55.55265576944819,-38.9433330004176,0 -55.5540022047379,-38.9459965737828,0 -55.5566670002818,-38.9502714768471,0 -55.5577888262932,-38.9522099529269,0 -55.5584370198525,-38.9533330002177,0 -55.56024488109641,-38.9569121014123,0 -55.5611494219082,-38.9588505783914,0 -55.5638007887753,-38.9633330000179,0 -55.5645405351175,-38.9654594649823,0 -55.566667000082,-38.9712993089159,0 -55.5674030843848,-38.9733329998181,0 -55.5675727612739,-38.9742387619093,0 -55.5689338456204,-38.9810649336997,0 -55.569345222504,-38.9833329996182,0 -55.570000740142,-38.9866655192982,0 -55.5705476151803,-38.9894536055994,0 -55.5713093337587,-38.9933330003176,0 -55.572318855131,-38.9976811441694,0 -55.5727302320146,-38.9993950118703,0 -55.5736543043026,-39.0033330001178,0 -55.5743525469325,-39.0056474530675,0 -55.5766669998821,-39.0129496989694,0 -55.57675855266501,-39.0132426684144,0 -55.57678784987931,-39.013332999918,0 -55.5768391193299,-39.0135063397457,0 -55.5790253982035,-39.0209746013967,0 -55.5797529371483,-39.0233329997181,0 -55.5810529863062,-39.0277177657622,0 -55.5813337483538,-39.0286674723259,0 -55.58271680493661,-39.0333330004176,0 -55.5841267170743,-39.0358720626455,0 -55.5866669996822,-39.0404448166749,0 -55.5876984941901,-39.0423002853299,0 -55.5882722247833,-39.0433330002177,0 -55.5902778397505,-39.046943840286,0 -55.5912702713059,-39.0487309487742,0 -55.59382642425,-39.0533330000179,0 -55.5948188558055,-39.0551811445941,0 -55.5966670003817,-39.0584453050068,0 -55.5986005940421,-39.0613994061576,0 -55.5998322830334,-39.063332999818,0 -55.6026838452832,-39.0673173750968,0 -55.6066670001819,-39.0722123948861,0 -55.607168708569,-39.0728325116111,0 -55.6075752030332,-39.0733329996182,0 -55.6117585524152,-39.078242667565,0 -55.616638924047,-39.0833037031033,0 -55.616666999982,-39.0833330003177,0 -55.6212421956707,-39.0887578044291,0 -55.625640388593,-39.0933330001178,0 -55.6266669997822,-39.0945341715147,0 -55.6307978593337,-39.0992021403665,0 -55.634318366999,-39.103332999918,0 -55.63531690225319,-39.1046830972471,0 -55.6366669995823,-39.1065483316402,0 -55.63973096461229,-39.1102690355875,0 -55.64209546663239,-39.1133329997181,0 -55.6441267167745,-39.1158720628454,0 -55.64666700028181,-39.1190483316151,0 -55.6486018143222,-39.1213969650978,0 -55.65009473478409,-39.1233330004176,0 -55.65301587668131,-39.1269829025389,0 -55.6566670000819,-39.1315483315902,0 -55.65747388441221,-39.1325273362675,0 -55.6580952224165,-39.1333330002178,0 -55.6606660235181,-39.1373320236539,0 -55.66145337727151,-39.1385478441077,0 -55.6644440997154,-39.1433330000179,0 -55.6652876053387,-39.1447123945613,0 -55.66666699988211,-39.1469706956411,0 -55.66930860191039,-39.150691398689,0 -55.6711823807622,-39.153332999818,0 -55.6734589920388,-39.1565410074615,0 -55.67666699968229,-39.161060050381,0 -55.6776106034466,-39.1623906171332,0 -55.6782795488621,-39.1633329996182,0 -55.68015454899321,-39.1668193285491,0 -55.68121167777671,-39.1687871018432,0 -55.6836555251823,-39.1733330003177,0 -55.6846528400565,-39.1753471597436,0 -55.6866670003817,-39.1800004804378,0 -55.687703377309,-39.1822954019112,0 -55.68817212734181,-39.1833330001178,0 -55.6896442950481,-39.1863115160636,0 -55.6910200275522,-39.1889799727475,0 -55.6930036702831,-39.193332999918,0 -55.69427930464621,-39.1957206954537,0 -55.6966670001819,-39.200449699494,0 -55.6976765215542,-39.2023222579658,0 -55.69803052528849,-39.2033329997181,0 -55.6993684161195,-39.206035636935,0 -55.700886970857,-39.2091142501225,0 -55.7029963460045,-39.2133330004176,0 -55.7042121664583,-39.2157866135613,0 -55.706666999982,-39.2207402268799,0 -55.7075288167015,-39.2224711834983,0 -55.70796338710059,-39.2233330002177,0 -55.7092585529398,-39.2259257735556,0 -55.71086377714159,-39.2291362228584,0 -55.71296338655101,-39.2333330000179,0 -55.7144257894186,-39.2355742112808,0 -55.71666699978209,-39.2391313402391,0 -55.71830518323759,-39.2416948163627,0 -55.7193513259029,-39.2433329998181,0 -55.7222407307251,-39.2477592695746,0 -55.7241962966218,-39.2508622966576,0 -55.7257649004298,-39.2533329996182,0 -55.72612866990211,-39.2538701098177,0 -55.7266669995823,-39.2547221598997,0 -55.7301789627888,-39.2598198167311,0 -55.732515388874,-39.2633330003177,0 -55.7332014241064,-39.2667973552137,0 -55.7336359945055,-39.2703007730622,0 -55.7341657797269,-39.2733330001178,0 -55.7342268140162,-39.2757719651041,0 -55.7343586501316,-39.2810258710471,0 -55.7344160232808,-39.2833329999179,0 -55.7346149982835,-39.2912822189992,0 -55.734666267734,-39.2933329997181,0 -55.73506665849949,-39.2949345627798,0 -55.7365693438001,-39.3032353439359,0 -55.7365913160364,-39.3033330004176,0 -55.7366670002818,-39.3035209884029,0 -55.7396113356945,-39.3103886639057,0 -55.74119580893941,-39.3133330002178,0 -55.7429243238984,-39.317075675502,0 -55.7450788647977,-39.3217436443537,0 -55.7458112870612,-39.3233330000179,0 -55.74608228337059,-39.3239189371092,0 -55.746667000082,-39.3251860270135,0 -55.7492402419436,-39.3307597579564,0 -55.75042676518301,-39.333332999818,0 -55.7513972245023,-39.3380644455177,0 -55.7514899976652,-39.3385112224149,0 -55.7524787671813,-39.3433329996182,0 -55.7534956135317,-39.3465043868679,0 -55.7566669998821,-39.3529423752904,0 -55.7568891684003,-39.3533330003177,0 -55.7571784749067,-39.3538456957222,0 -55.7604255446032,-39.3595732341174,0 -55.7625556716069,-39.3633330001178,0 -55.76426465598909,-39.365735343811,0 -55.7666669996822,-39.3692070236851,0 -55.76903028132239,-39.3709697191771,0 -55.771665779652,-39.373332999918,0 -55.77447217615,-39.3755278241497,0 -55.7766670003817,-39.3773955002021,0 -55.7800898515654,-39.3799101485345,0 -55.7839741287031,-39.3833329997181,0 -55.7854853593618,-39.3845146405382,0 -55.78666700018191,-39.3855204998711,0 -55.79117139494389,-39.3888286056556,0 -55.79628125737409,-39.3933330004176,0 -55.7964753499574,-39.3935258708223,0 -55.796666999982,-39.3937333902837,0 -55.8004914632104,-39.3995097573693,0 -55.802742439312,-39.4033330002177,0 -55.8037421949463,-39.4062578050536,0 -55.80589673674501,-39.4125639573607,0 -55.8061604080763,-39.4133330000179,0 -55.8066669997822,-39.4148149334624,0 -55.80853711749389,-39.4214628830056,0 -55.8089216388225,-39.4233329998181,0 -55.8092219314469,-39.4258891527621,0 -55.8098335037132,-39.4301664956872,0 -55.8101850666874,-39.4333329996182,0 -55.80936109164109,-39.4360283127564,0 -55.8085712971276,-39.4414287029722,0 -55.8081159748723,-39.4433330003177,0 -55.808253913787,-39.4449199143226,0 -55.809618660173,-39.450381339727,0 -55.8097981036995,-39.4533330001178,0 -55.8106403889428,-39.4573076096584,0 -55.8119184649651,-39.463332999918,0 -55.8117194899625,-39.4682817308172,0 -55.8117146075431,-39.4683818280589,0 -55.8115156325404,-39.4733329997181,0 -55.81114209732989,-39.4778080972658,0 -55.81114209732989,-39.4788579019706,0 -55.8108222732293,-39.4833330004176,0 -55.8108222732293,-39.4933330002177,0 -55.8120905844129,-39.4979106366665,0 -55.81241407055279,-39.4990800700891,0 -55.8135932697136,-39.5033330000179,0 -55.8149885327945,-39.5050126871857,0 -55.8166669995823,-39.5070317308297,0 -55.8194941488359,-39.5105058514638,0 -55.8216865314083,-39.513332999818,0 -55.8238129963726,-39.5161870037272,0 -55.82666700028181,-39.5201127854766,0 -55.8281245198307,-39.5218754800693,0 -55.829329353267,-39.5233329996182,0 -55.8326508868289,-39.5273491128712,0 -55.8366670000819,-39.5322026289481,0 -55.8372785723482,-39.5327226484314,0 -55.8380000075942,-39.5333330003177,0 -55.84058667813261,-39.5372538987484,0 -55.8414460522935,-39.5385551682863,0 -55.8446003497263,-39.5433330001178,0 -55.84666699988211,-39.5464653244151,0 -55.8492133870881,-39.5507866136113,0 -55.8503230057021,-39.553332999918,0 -55.8519282308032,-39.5580717696964,0 -55.8521943437939,-39.5588603438297,0 -55.853709236492,-39.5633329997181,0 -55.8535590901798,-39.5664409101199,0 -55.8533845290727,-39.5700517501881,0 -55.8532258383017,-39.5733330004176,0 -55.8524836503002,-39.5775151285203,0 -55.85230786881311,-39.5789726480692,0 -55.85142041781801,-39.5833330002177,0 -55.8510175862925,-39.5876835857289,0 -55.8508149492505,-39.5891850506495,0 -55.8503999103276,-39.5933330000179,0 -55.85021070106299,-39.5968779215788,0 -55.8500471269733,-39.5999540940062,0 -55.8498664630668,-39.6033329998181,0 -55.84989942232041,-39.6065654222564,0 -55.8497431723095,-39.6102568280901,0 -55.8497773519432,-39.6133329996182,0 -55.8504499593981,-39.6171171795142,0 -55.8506196362871,-39.6193803630133,0 -55.8515241779984,-39.6233330003176,0 -55.8529170003193,-39.6270829996806,0 -55.85439405044499,-39.6310600508806,0 -55.85523877734771,-39.6333330001178,0 -55.8559419023969,-39.6340580974032,0 -55.85666699968229,-39.6348027261648,0 -55.86086988054051,-39.6391313394397,0 -55.8649519123009,-39.643332999918,0 -55.86579785958349,-39.6442021407162,0 -55.8666670003817,-39.6450981370693,0 -55.8714130933395,-39.648586905861,0 -55.8733344805019,-39.6500004800381,0 -55.8766670001819,-39.6524516524218,0 -55.87712598447649,-39.6528740154234,0 -55.877462898394,-39.6533329997181,0 -55.8782050854962,-39.6548710859318,0 -55.8805805745338,-39.6594194260656,0 -55.8821967848537,-39.6633330004176,0 -55.8838435136672,-39.6661552654531,0 -55.886666999982,-39.6709965741326,0 -55.8880305250886,-39.6733330002177,0 -55.8912800373438,-39.6779472579595,0 -55.89159986144439,-39.6783989181755,0 -55.89507520335789,-39.6833330000179,0 -55.895675789506,-39.6843242111934,0 -55.8966669997822,-39.6855913010976,0 -55.8999250564961,-39.6900761643834,0 -55.9022907788963,-39.693332999818,0 -55.90410352345879,-39.6958964768409,0 -55.9066669995823,-39.6986674724259,0 -55.9090339432618,-39.700967277218,0 -55.9114704665887,-39.7033329996182,0 -55.9137702713809,-39.7062285081391,0 -55.9166670002818,-39.709875968601,0 -55.9182758865229,-39.7117241131772,0 -55.9199995199618,-39.7133330003177,0 -55.9236799396774,-39.7163188394429,0 -55.9266670000819,-39.7185185469933,0 -55.92908521321201,-39.7209135666077,0 -55.9315266189582,-39.7233330001178,0 -55.93410840617801,-39.7258915938219,0 -55.9366669998821,-39.7284257736305,0 -55.9385664139089,-39.7314335858912,0 -55.9397663649258,-39.733332999918,0 -55.9436872633565,-39.7363139566237,0 -55.9466669996822,-39.7385771410222,0 -55.9493684156199,-39.7406303634005,0 -55.9529243241981,-39.7433329997181,0 -55.95516431418169,-39.7448344646388,0 -55.9566670003817,-39.7455790934004,0 -55.960346198818,-39.7470121990537,0 -55.9622480545041,-39.7477519453959,0 -55.96666700018191,-39.7494731362762,0 -55.9690791096132,-39.7509208909863,0 -55.97309888490561,-39.7533330004176,0 -55.975329109151,-39.7546708903492,0 -55.976666999982,-39.7554741135395,0 -55.9815791095882,-39.7584208906115,0 -55.9820197827867,-39.7586845628422,0 -55.98666699978221,-39.7614750899035,0 -55.9878889239346,-39.7621098556853,0 -55.9897651444458,-39.7633330002178,0 -55.99290845486131,-39.7670903245588,0 -55.9966669995823,-39.7715849526834,0 -55.9975605542761,-39.7724394453241,0 -55.9981635820836,-39.7733330000179,0 -55.9992976154925,-39.7759623946487,0 -56.0007246174471,-39.7792753828526,0 -56.00247510554161,-39.7833329998181,0 -56.0037373121272,-39.7862626870733,0 -56.00666700028179,-39.7930571208894,0 -56.0067548910254,-39.793245109774,0 -56.0068024984365,-39.7933329996182,0 -56.0069733966049,-39.7936381755613,0 -56.0103352126,-39.7996660074802,0 -56.0123811108995,-39.8033330003177,0 -56.0137092359924,-39.8062919847872,0 -56.016667000082,-39.8128788982425,0 -56.01681348435481,-39.813186515845,0 -56.016898933439,-39.8133330001178,0 -56.01740552514491,-39.8140727464601,0 -56.0208393633459,-39.819160636654,0 -56.02391675615331,-39.823332999918,0 -56.0251179275503,-39.8248832926298,0 -56.02666699988211,-39.8268828047975,0 -56.029593025098,-39.8304057541222,0 -56.03202344562551,-39.8333329997181,0 -56.0347688069348,-39.8352299729848,0 -56.0366669996823,-39.8365434490209,0 -56.0409296953491,-39.8390703047507,0 -56.044546639116,-39.8412138595319,0 -56.0466670003817,-39.8424687420388,0 -56.0472089921013,-39.8427910077987,0 -56.0481245199306,-39.8433330004176,0 -56.0534126055073,-39.8465873941929,0 -56.0566670001818,-39.8487993082414,0 -56.05930249761209,-39.8506987222682,0 -56.0629621663708,-39.8533330002177,0 -56.06511670727019,-39.8548832929296,0 -56.066666999982,-39.8559990152423,0 -56.0703706132132,-39.8596293867867,0 -56.0741499097904,-39.8633330000179,0 -56.07558789876251,-39.8644121019369,0 -56.0766669997822,-39.8652202066472,0 -56.08130200938021,-39.86869676984,0 -56.08422071051731,-39.870886710753,0 -56.0866669995823,-39.8727226488311,0 -56.0870124588578,-39.8729887618218,0 -56.0874348218595,-39.873332999818,0 -56.0926325759326,-39.8773662028879,0 -56.0966670002818,-39.8808330003426,0 -56.0979096753912,-39.8820903245089,0 -56.0991401449018,-39.8833329996182,0 -56.102884040566,-39.8871147378548,0 -56.1066670000819,-39.8909379807032,0 -56.1078278890458,-39.8921708909738,0 -56.10892163822299,-39.8933330003177,0 -56.1121259847264,-39.8978740154734,0 -56.11433179507619,-39.9009965740326,0 -56.1159797442697,-39.9033330001178,0 -56.11614209797939,-39.9038579020205,0 -56.1166669998821,-39.906252921635,0 -56.1180158768312,-39.9119853433489,0 -56.1183332601718,-39.9133329999179,0 -56.1190778889334,-39.9157426676899,0 -56.1204377520006,-39.9195634688789,0 -56.1214521566916,-39.9233329997181,0 -56.1228486410519,-39.9271513592478,0 -56.1239753494827,-39.9306401289388,0 -56.1248994217709,-39.9333330004176,0 -56.1247370680612,-39.9352641524186,0 -56.1242585522903,-39.9409257732058,0 -56.1240559161476,-39.9433330002178,0 -56.12382764482989,-39.9461723550701,0 -56.1234931716725,-39.9501591720081,0 -56.1232404864592,-39.9533330000179,0 -56.1229914632854,-39.9570097576941,0 -56.12280591606009,-39.9594731365759,0 -56.1225483475282,-39.963332999818,0 -56.1232575762761,-39.9667436445035,0 -56.1240913161613,-39.9707573160972,0 -56.1246272050814,-39.9733329996182,0 -56.1251716384603,-39.9748271404601,0 -56.1266669996822,-39.9785869064605,0 -56.1281489340261,-39.9818510659739,0 -56.12882154058159,-39.9833330003177,0 -56.13061475366789,-39.9872807543033,0 -56.1312727129653,-39.9887285081141,0 -56.13336377701669,-39.9933330001178,0 -56.1345515215355,-39.9954472576848,0 -56.1366670003817,-40.0000639570859,0 -56.1379389727054,-40.0020610275943,0 -56.1387495199743,-40.003332999918,0 -56.14267285916511,-40.0073271409348,0 -56.1455158769561,-40.0121830977717,0 -56.14627027145579,-40.0133329997181,0 -56.14666700018191,-40.0138163988077,0 -56.1513911209034,-40.0186088787967,0 -56.15448438314769,-40.0233330004176,0 -56.1554682693451,-40.0245317301552,0 -56.156666999982,-40.0259892497041,0 -56.1603120196839,-40.0296879805159,0 -56.1626984939403,-40.0333330002177,0 -56.16482984222339,-40.0351689373965,0 -56.16666699978221,-40.0370781171613,0 -56.17032910930089,-40.0396708904992,0 -56.17418897254299,-40.0433330000179,0 -56.1755427328108,-40.0444584880687,0 -56.1766669995823,-40.0453935464749,0 -56.1813154378571,-40.0486845624425,0 -56.1862165604459,-40.0533329998181,0 -56.1864619215804,-40.0535380785195,0 -56.18666700028179,-40.0537089766879,0 -56.1879511800029,-40.0546171795392,0 -56.1924104081138,-40.0575908121662,0 -56.196667000082,-40.0615922772618,0 -56.1978669510989,-40.0621318282212,0 -56.1999982984826,-40.0633329996182,0 -56.20417554506529,-40.0658256757143,0 -56.2066669998821,-40.0689799722479,0 -56.2088532796551,-40.071147941824,0 -56.2110566483456,-40.0733330003177,0 -56.21424512541221,-40.0757548745877,0 -56.2166669996823,-40.078682121083,0 -56.2190473711392,-40.0809526286608,0 -56.22154370927471,-40.0833330001178,0 -56.2244563067131,-40.0855449141664,0 -56.2266670003817,-40.0882182541691,0 -56.2294282302286,-40.0905717691718,0 -56.23266553508629,-40.0933329999179,0 -56.234757820417,-40.0952421796828,0 -56.2366670001819,-40.0980156169271,0 -56.23916089665799,-40.1008403245213,0 -56.2411713949439,-40.1033329997181,0 -56.2429011311822,-40.1070976481379,0 -56.24499951931229,-40.1116655197479,0 -56.2457661212095,-40.1133330004176,0 -56.2459858480684,-40.1140141523312,0 -56.246666999982,-40.1180986248516,0 -56.2472395101952,-40.1227592696246,0 -56.24721387502031,-40.1233330002178,0 -56.246666999982,-40.1261503828339,0 -56.2453327711904,-40.1319999925056,0 -56.2452729572811,-40.1333330000179,0 -56.24573316195579,-40.1342656167648,0 -56.246666999982,-40.1361625900315,0 -56.2490339436615,-40.1409672774179,0 -56.2501984937654,-40.143332999818,0 -56.2519563068381,-40.1480424723821,0 -56.2521259846264,-40.1487919844625,0 -56.2534943921524,-40.1533329996182,0 -56.2540339431119,-40.1559672775677,0 -56.2552522052251,-40.1619194261406,0 -56.25554273211131,-40.1633330003177,0 -56.2566669997822,-40.165164055077,0 -56.2597456129696,-40.1702543869304,0 -56.2615302815972,-40.1733330001178,0 -56.2637397539864,-40.1762602457137,0 -56.2666669995823,-40.1802079996994,0 -56.2684345783931,-40.1815654220066,0 -56.2706660230185,-40.183332999918,0 -56.2740351639916,-40.1859648362082,0 -56.2766670002818,-40.1880205002458,0 -56.27967115050311,-40.1903300698768,0 -56.2834663165173,-40.1933329997181,0 -56.2853474203471,-40.1946513590729,0 -56.28666700008191,-40.1955766526403,0 -56.2912580643082,-40.198740714912,0 -56.29406690246551,-40.2007329021017,0 -56.2966669998821,-40.2025688401798,0 -56.29717237120789,-40.2028276290918,0 -56.29789624811329,-40.2033330004176,0 -56.303543220743,-40.2064555589768,0 -56.3066669996822,-40.2082890544962,0 -56.3101191480802,-40.2098808518198,0 -56.3166670003817,-40.2133330002177,0 -56.3236286703269,-40.2163701096928,0 -56.32666700018189,-40.2179057542471,0 -56.3305842365732,-40.2194145432466,0 -56.33410962665791,-40.2207744063138,0 -56.336666999982,-40.2217607341705,0 -56.33787061303831,-40.2221293869616,0 -56.34095166788509,-40.2233330000179,0 -56.34479444131041,-40.2252055584897,0 -56.34666699978221,-40.2266679613573,0 -56.3500385824146,-40.2299614180849,0 -56.3534882891532,-40.2333329998181,0 -56.3550398031443,-40.2349589767753,0 -56.3566669995823,-40.2366655194981,0 -56.35992139425689,-40.2400786058429,0 -56.3630232009599,-40.2433329996182,0 -56.3648017658887,-40.2451982340112,0 -56.36666700028179,-40.2471538008072,0 -56.3693330153064,-40.2506669843938,0 -56.3713581617497,-40.2533330003177,0 -56.37324048595961,-40.25676073482,0 -56.3744685138108,-40.2611332925674,0 -56.3753193435128,-40.2633330001178,0 -56.3755097731575,-40.264490226143,0 -56.3752680740623,-40.2719340738984,0 -56.3754328694313,-40.2733329999179,0 -56.3756001055604,-40.2743998944395,0 -56.3765351639666,-40.2832011645021,0 -56.37655347416349,-40.2833329997181,0 -56.37657178525959,-40.2834282145404,0 -56.376667000082,-40.283940909945,0 -56.3781977613176,-40.2918022382826,0 -56.37841870855651,-40.2933330004176,0 -56.3787470780152,-40.2954130783509,0 -56.3795454178867,-40.300454582413,0 -56.380000740142,-40.3033330002177,0 -56.38037793739189,-40.3070439375276,0 -56.3806159744476,-40.3093852460323,0 -56.381017585593,-40.3133330000179,0 -56.3814423902541,-40.31810839019,0 -56.3814826735865,-40.3185161050342,0 -56.3819013754481,-40.323332999818,0 -56.3822309652868,-40.3277690353127,0 -56.3823212967904,-40.3289872965265,0 -56.38264478293041,-40.3333329996182,0 -56.38446485157161,-40.335535148828,0 -56.3866669998821,-40.3382011638526,0 -56.3890070880067,-40.3409916918131,0 -56.3910297927907,-40.3433330003177,0 -56.3936762772383,-40.3463237227615,0 -56.3966669996822,-40.3496513591229,0 -56.3986909257456,-40.3513090740545,0 -56.4011628499855,-40.3533330001178,0 -56.4041889724431,-40.3558110271571,0 -56.4066670003817,-40.3578422772992,0 -56.4099433672925,-40.3600566330072,0 -56.4147871176313,-40.363332999918,0 -56.4160493242169,-40.363950675883,0 -56.4166670001819,-40.3642534101667,0 -56.41846997810691,-40.3651371991224,0 -56.42276197098809,-40.3672368085319,0 -56.426666999982,-40.3691508707161,0 -56.4294038168326,-40.3705961837668,0 -56.43240674577459,-40.3733329997181,0 -56.43468946075,-40.3753105387503,0 -56.4366669997822,-40.3770219647918,0 -56.4405878982129,-40.3794121019869,0 -56.4453181226332,-40.3833330004176,0 -56.4460981523079,-40.3839018476921,0 -56.4466669995823,-40.384316886615,0 -56.4491865312334,-40.3858525311693,0 -56.4523750074006,-40.3876249923994,0 -56.4566670002818,-40.3910673750593,0 -56.45811475409261,-40.391885246407,0 -56.4601850662877,-40.3933330002178,0 -56.464091316561,-40.3959086837387,0 -56.46666700008191,-40.3985820237414,0 -56.4693354567659,-40.400664543334,0 -56.4716425856368,-40.4033330000179,0 -56.4740107496963,-40.4059892502037,0 -56.4766669998821,-40.4091899337684,0 -56.47859693150311,-40.411401847817,0 -56.4802216871811,-40.4133329998181,0 -56.4832587966561,-40.4167412028442,0 -56.48666699968231,-40.4208476485001,0 -56.4878254469867,-40.422175773593,0 -56.48879956834541,-40.4233329996182,0 -56.49250684361591,-40.427493156384,0 -56.4966670003817,-40.4325053632319,0 -56.497085701344,-40.4329155197354,0 -56.49748609210939,-40.4333330003176,0 -56.5020771563356,-40.4379228441639,0 -56.50666700018189,-40.4425126871108,0 -56.507101570581,-40.4428984297187,0 -56.50759229285,-40.4433330001178,0 -56.5123689043015,-40.4476323161784,0 -56.516666999982,-40.4516386636934,0 -56.5175214926227,-40.4524785081766,0 -56.5183332593723,-40.453332999918,0 -56.52666699978211,-40.4624247968669,0 -56.52712232203749,-40.4628788987421,0 -56.5275800859521,-40.4633329997181,0 -56.5327094807579,-40.4672905194419,0 -56.5366669995823,-40.4714311447315,0 -56.5377387774226,-40.4722612225773,0 -56.53895337659699,-40.4733330004176,0 -56.5433613361567,-40.4766386636434,0 -56.5466670002818,-40.4797831953381,0 -56.54866284951079,-40.4813359297094,0 -56.5509138265118,-40.4833330002177,0 -56.5542011795408,-40.4857988207589,0 -56.556667000082,-40.4881425700236,0 -56.5595857012191,-40.4904155192608,0 -56.5628754959073,-40.4933330000179,0 -56.5652082599532,-40.4947929612261,0 -56.5666669998821,-40.496121086319,0 -56.57098340665879,-40.4990165939406,0 -56.5752375569676,-40.503332999818,0 -56.5761042561065,-40.5038969646731,0 -56.5766669996822,-40.5043828045228,0 -56.5798530350895,-40.5065190352253,0 -56.58205518340001,-40.5079448167998,0 -56.5866670003817,-40.5114970624394,0 -56.5877497634408,-40.5122514569392,0 -56.5893049394713,-40.5133329996182,0 -56.5937751545996,-40.5162260664798,0 -56.5966670001819,-40.5184550703452,0 -56.59997876800571,-40.5200224528738,0 -56.6063923416332,-40.5230571206895,0 -56.606666999982,-40.5231889568049,0 -56.60676343518429,-40.5232377854954,0 -56.60689160926029,-40.5233330003177,0 -56.6118073809059,-40.528193839574,0 -56.613028083779,-40.5296928628353,0 -56.6160493238172,-40.5333330001178,0 -56.6164375080845,-40.5335624918155,0 -56.6166669997822,-40.5336992112495,0 -56.6177790609548,-40.5344462816705,0 -56.62251172613521,-40.5374882735649,0 -56.6266669995823,-40.5407792886332,0 -56.6280463941258,-40.5419536053745,0 -56.62896192195511,-40.543332999918,0 -56.6317658767937,-40.548235343786,0 -56.6320283277451,-40.5486943280807,0 -56.63468213627149,-40.5533329997181,0 -56.6354035724169,-40.554595207203,0 -56.6366670002818,-40.5568046795922,0 -56.6394733967798,-40.5605253826403,0 -56.64158887472671,-40.5633330004176,0 -56.6437373128267,-40.5662626876729,0 -56.64666700008191,-40.5702568277903,0 -56.64796826961991,-40.5720317306798,0 -56.6489228595023,-40.5733330002178,0 -56.6515009846827,-40.5781669848184,0 -56.6516267170992,-40.5783745042799,0 -56.6535444413229,-40.5833330000179,0 -56.6540205154344,-40.5859794844656,0 -56.654569832132,-40.591235832068,0 -56.6549018636301,-40.593332999818,0 -56.6565876544966,-40.6032548746127,0 -56.65660108227409,-40.6033329996182,0 -56.6566169508116,-40.6033818283087,0 -56.6566669998821,-40.603542960739,0 -56.6590046463473,-40.6109941325731,0 -56.6597382889908,-40.6133330003176,0 -56.66114331870921,-40.6178080978654,0 -56.6613935622631,-40.6186064377368,0 -56.6628754957075,-40.6233330001178,0 -56.6640180744745,-40.6259819262249,0 -56.66585401165331,-40.632520011889,0 -56.6661384357402,-40.633332999918,0 -56.6663557209397,-40.6336454999398,0 -56.66666699968231,-40.634089836077,0 -56.6715961991052,-40.6384038011944,0 -56.6727290121341,-40.6393950114706,0 -56.6766670003817,-40.6428398357897,0 -56.6769294513331,-40.6430693283867,0 -56.6772297439575,-40.6433329997181,0 -56.6820380933832,-40.6479619065167,0 -56.6861506427379,-40.6528178633537,0 -56.6865949788751,-40.6533330004176,0 -56.6866254964694,-40.65337450413,0 -56.68666700018189,-40.6534379800786,0 -56.6905048902884,-40.6594951092119,0 -56.6929365311959,-40.6633330002177,0 -56.69499585727289,-40.6650029216475,0 -56.696666999982,-40.6664628828557,0 -56.7006696854576,-40.6693290941623,0 -56.7045149005422,-40.6733330000179,0 -56.70572705895649,-40.6742729417428,0 -56.70666699978219,-40.6750004806876,0 -56.710237556518,-40.6769047771337,0 -56.7122224196289,-40.6777788003513,0 -56.7166669995823,-40.6813188394928,0 -56.7179670487403,-40.6820341719394,0 -56.72033277114039,-40.683332999818,0 -56.724729744582,-40.6852714767972,0 -56.7266670002818,-40.6868144454303,0 -56.7312775959842,-40.6887211835357,0 -56.73260572107709,-40.6892705002334,0 -56.7366670000819,-40.6909526290605,0 -56.7385127029988,-40.6914872967013,0 -56.7421284254864,-40.6933329996182,0 -56.74505445160159,-40.694944328418,0 -56.74666699988209,-40.696089347945,0 -56.7506672436983,-40.6993339768815,0 -56.7555976644006,-40.7033330003177,0 -56.7562812579736,-40.7037187420263,0 -56.7566669996822,-40.7039360272258,0 -56.75805005626509,-40.7047148356211,0 -56.76267530102431,-40.7073246987758,0 -56.7666670003817,-40.7095732341174,0 -56.7697395098704,-40.7102617110091,0 -56.7747041093072,-40.7113701092431,0 -56.7766670001819,-40.7118095620616,0 -56.77791333823,-40.7120878824498,0 -56.7834907303129,-40.7133330001178,0 -56.7859614332735,-40.7140385668263,0 -56.786666999982,-40.714590324284,0 -56.7906953206325,-40.7193046792675,0 -56.7941401449517,-40.7233329999179,0 -56.7953046950556,-40.7246953046446,0 -56.7966669997822,-40.7262895427282,0 -56.8004377519007,-40.7295610272196,0 -56.8047822346124,-40.7333329997181,0 -56.8059675374718,-40.7340312423479,0 -56.8066669995823,-40.7344438396115,0 -56.80883374787909,-40.7355009683949,0 -56.8126435620507,-40.7373564379492,0 -56.8166670002818,-40.7393168871646,0 -56.8192487875015,-40.7407499919186,0 -56.82310498870419,-40.7433330004176,0 -56.8250214925478,-40.7449785079517,0 -56.82666700008199,-40.7471025312568,0 -56.8292646558392,-40.7507353435612,0 -56.8311225661534,-40.7533330002178,0 -56.8334333570637,-40.7565654217568,0 -56.8366669998821,-40.7610869063356,0 -56.8377107008881,-40.7622905193919,0 -56.8386152425993,-40.7633330000179,0 -56.8433930744308,-40.7666069261687,0 -56.84666699968229,-40.7688505781916,0 -56.8493269119074,-40.7706743088722,0 -56.85320630662569,-40.773332999818,0 -56.8553449780882,-40.7746562424916,0 -56.8566670003817,-40.7756743083226,0 -56.86067578865671,-40.7793242113432,0 -56.8646662676341,-40.7833329996182,0 -56.8656391677134,-40.7843608320867,0 -56.86666700018179,-40.7854472580844,0 -56.87107618012161,-40.788923820378,0 -56.876666999982,-40.7933330003177,0 -56.8830378495171,-40.7969609293034,0 -56.88666699978219,-40.7990288007385,0 -56.889461189782,-40.8005400313973,0 -56.894225593836,-40.8033330001178,0 -56.89595655045441,-40.8040434492457,0 -56.8966669995823,-40.8044731363261,0 -56.8996613849649,-40.806326164221,0 -56.9021772536773,-40.807822745823,0 -56.9066670002818,-40.8109916914134,0 -56.9082685624442,-40.8117314377556,0 -56.9105610431576,-40.813332999918,0 -56.9144697341908,-40.8155302658091,0 -56.9166670000819,-40.8170048751748,0 -56.9209956133568,-40.8190043864432,0 -56.9254487386683,-40.8221147385044,0 -56.9266669998821,-40.822895988559,0 -56.92699781010079,-40.8230009691194,0 -56.9280170972112,-40.8233329997181,0 -56.9347102125063,-40.8252910081734,0 -56.9366669996822,-40.8267021406912,0 -56.9411030351769,-40.8288969649229,0 -56.9462116781264,-40.8333330004176,0 -56.9465424883451,-40.8334575115549,0 -56.9466670003817,-40.8335063402454,0 -56.94694531987061,-40.8336113199064,0 -56.9537922444165,-40.836208976563,0 -56.9566670001819,-40.8372978433208,0 -56.960399909728,-40.8396000897723,0 -56.9637373127268,-40.8433330002177,0 -56.9648542554195,-40.8451445235009,0 -56.966666999982,-40.8480864181536,0 -56.9689692464335,-40.8510307535664,0 -56.9707697835986,-40.8533330000179,0 -56.97335767361769,-40.8566435465624,0 -56.9766669997822,-40.8608745042549,0 -56.9777461017012,-40.8622538987984,0 -56.97858960732449,-40.8633329998181,0 -56.9792378008838,-40.8659038009196,0 -56.9802168046618,-40.8697831956379,0 -56.9811115797356,-40.8733329996182,0 -56.9813520584507,-40.8780180582867,0 -56.9814130936393,-40.8785869064605,0 -56.9816291584589,-40.8833330003177,0 -56.9822114335108,-40.8877885663892,0 -56.9823310622287,-40.8889970627642,0 -56.9828669511488,-40.8933330001178,0 -56.9828120196589,-40.8971879800412,0 -56.9827802816846,-40.899446281121,0 -56.9827241289154,-40.903332999918,0 -56.9811738362035,-40.9078398363393,0 -56.98065625748019,-40.90934374202,0 -56.9792829666355,-40.9133329997181,0 -56.9788020101046,-40.9154667887613,0 -56.9766669997822,-40.9209379808031,0 -56.9760542071359,-40.922720206872,0 -56.9758430256351,-40.9233330004176,0 -56.97560254692,-40.9243974532798,0 -56.9747468338992,-40.9314116130554,0 -56.9741792070047,-40.9333330002177,0 -56.9750007403918,-40.9350004808874,0 -56.9766669997822,-40.9378642496354,0 -56.9786066971413,-40.9413945230388,0 -56.97967115000349,-40.9433330000179,0 -56.9819807205338,-40.9480180586864,0 -56.9828571854108,-40.9495219652665,0 -56.984973884637,-40.953332999818,0 -56.98553174579341,-40.954468253607,0 -56.9866669995823,-40.9567753824779,0 -56.9887409747162,-40.9612578050036,0 -56.9898945387019,-40.9633329996182,0 -56.9935896074743,-40.9664091720456,0 -56.99666700028181,-40.9689726481691,0 -56.9996577227257,-40.9703422769745,0 -57.0060932694888,-40.9733330003177,0 -57.00651563249041,-40.9734843670099,0 -57.00666700008199,-40.9735380781198,0 -57.006927009374,-40.973594230889,0 -57.0147334062217,-40.9752665939781,0 -57.0166669998821,-40.975681632901,0 -57.02081250759111,-40.9774785080267,0 -57.0221540604615,-40.9778471599184,0 -57.02666699968229,-40.9813334879501,0 -57.0276569904777,-40.9823417889423,0 -57.02862989055691,-40.9833330001178,0 -57.0326130445563,-40.9873881754239,0 -57.0366670003817,-40.9915165933161,0 -57.0377192458465,-40.9922807535539,0 -57.0391657792772,-40.993332999918,0 -57.043123299001,-40.9968779214789,0 -57.0466670001819,-41.0000493087286,0 -57.04839917807961,-41.0016020430998,0 -57.05033277174,-41.0033329997181,0 -57.0527082598783,-41.0072905194419,0 -57.0558332600968,-41.012498039253,0 -57.056333748104,-41.0133330004176,0 -57.0564912184949,-41.0135087810054,0 -57.056666999982,-41.0138896402946,0 -57.06020825950349,-41.0197905194169,0 -57.0623335040879,-41.0233330002177,0 -57.06438672646621,-41.0256132735337,0 -57.0666669997822,-41.0305546794548,0 -57.06782666836601,-41.0321733323334,0 -57.0682929767394,-41.0333330000179,0 -57.0720271075649,-41.0379716716553,0 -57.074999519812,-41.0416655191484,0 -57.07634107268229,-41.0433329998181,0 -57.0766669995823,-41.0437382730029,0 -57.0806257405854,-41.0493754807937,0 -57.0826411212907,-41.0533329996182,0 -57.0836616287811,-41.0563383711189,0 -57.0851215899893,-41.0617875900252,0 -57.0855927816815,-41.0633330003176,0 -57.0860297928406,-41.0639702068595,0 -57.0866670002818,-41.0649028245057,0 -57.0899519125507,-41.0700493082289,0 -57.0917158284227,-41.0733330001178,0 -57.0934516683598,-41.07654833184,0 -57.0955476148305,-41.0822123942865,0 -57.0960310139201,-41.083332999918,0 -57.0961909259704,-41.0838090740295,0 -57.0966670000819,-41.0852397380235,0 -57.09934400212401,-41.0906572189555,0 -57.1006660235181,-41.0933329997181,0 -57.1035468829822,-41.0964531175173,0 -57.1066669998821,-41.0998295816698,0 -57.1085896074244,-41.1014091715959,0 -57.110929695549,-41.1033330004176,0 -57.11495313288069,-41.1050468672191,0 -57.1166669996823,-41.1057768478232,0 -57.1205830156936,-41.1072490155296,0 -57.1221247639467,-41.1078740155733,0 -57.1266670003817,-41.1094291916039,0 -57.1297431719098,-41.1102568277904,0 -57.13481031024759,-41.1114775315628,0 -57.13666700018191,-41.1119536056743,0 -57.1378742752776,-41.1121269455021,0 -57.14281934413741,-41.1133330002177,0 -57.1459626545528,-41.114038566027,0 -57.146666999982,-41.1141948160379,0 -57.1476716389349,-41.1143388595507,0 -57.1551691969009,-41.114832023479,0 -57.1566669997821,-41.1150859299717,0 -57.1585566480708,-41.1152226485064,0 -57.16435865033141,-41.1156401290887,0 -57.1666669995823,-41.1158085855977,0 -57.1694904858971,-41.1161577069126,0 -57.1733637769167,-41.1166362226835,0 -57.17666700028181,-41.1170439375276,0 -57.1807124098498,-41.1173784097857,0 -57.1824189534719,-41.1175810468278,0 -57.186667000082,-41.1179057542471,0 -57.1914191976378,-41.1180864181536,0 -57.1918964921294,-41.1181035079705,0 -57.1966669998821,-41.1182866135363,0 -57.2010127029738,-41.1176787033095,0 -57.2025336993707,-41.1174663005293,0 -57.20666699968219,-41.1168876875167,0 -57.2096894609998,-41.1163554606359,0 -57.2141706622462,-41.1158281170739,0 -57.2166670003817,-41.1154301679678,0 -57.2187299884981,-41.1153959883342,0 -57.2242158277982,-41.1157841717021,0 -57.2266670001819,-41.1157475504091,0 -57.22923780038411,-41.11590380042,0 -57.2338190997716,-41.1161796800482,0 -57.236666999982,-41.1163530198759,0 -57.23997876780579,-41.1166435467622,0 -57.24318677544931,-41.1168144449306,0 -57.2466669997822,-41.1171440347694,0 -57.25153394363659,-41.1181987227928,0 -57.25176587699359,-41.1182353440858,0 -57.2566669995823,-41.1195024339901,0 -57.2594941488359,-41.1205058516637,0 -57.2662324298827,-41.1228984296188,0 -57.2666670002818,-41.1230522379703,0 -57.26683789845019,-41.1231621018495,0 -57.26710157068091,-41.1233330000179,0 -57.2729169998196,-41.1270830002802,0 -57.2766670000819,-41.1295024337903,0 -57.2789961011891,-41.1310038987109,0 -57.2826093829166,-41.133332999818,0 -57.2847749099341,-41.135225089766,0 -57.2866669998821,-41.1368779222782,0 -57.2900300371564,-41.1399711836232,0 -57.29334790777969,-41.1433329996182,0 -57.2949336014045,-41.1450663987952,0 -57.2966669996823,-41.1470585859849,0 -57.3000178304584,-41.1499833908208,0 -57.3038569418443,-41.1533330003177,0 -57.3053571854857,-41.1546415939343,0 -57.3066670003817,-41.1557841718021,0 -57.3110542071859,-41.1589457933136,0 -57.31544263437,-41.162107413926,0 -57.31666700018191,-41.1629912028816,0 -57.31688672614141,-41.1631132732589,0 -57.3171418539134,-41.1633330001178,0 -57.3226545487684,-41.1673442300522,0 -57.326666999982,-41.1702641524686,0 -57.3287605056927,-41.1712382738272,0 -57.3320564040798,-41.173332999918,0 -57.3349897542737,-41.1750102463258,0 -57.33666699978221,-41.1759697186276,0 -57.34020093522489,-41.1768681566401,0 -57.34253980296949,-41.1774614178102,0 -57.34666699958229,-41.1785087808555,0 -57.35034131649849,-41.1796586837012,0 -57.3547382890408,-41.1814042893764,0 -57.3566670002818,-41.1820903246087,0 -57.3575190503639,-41.1824809496361,0 -57.3591950763917,-41.1833329997181,0 -57.3640876545216,-41.1859135665578,0 -57.366667000082,-41.187273429625,0 -57.3701753003498,-41.1898246992504,0 -57.37499951921241,-41.1933330004176,0 -57.3759638748329,-41.1940361245674,0 -57.3766669998821,-41.1945537032908,0 -57.38121411873649,-41.197881339652,0 -57.3817365798792,-41.1982621989413,0 -57.38666699968219,-41.2018705973501,0 -57.3875422441792,-41.2024565353408,0 -57.38866651184999,-41.2033330002178,0 -57.3932624593949,-41.2067363199252,0 -57.3966670003817,-41.2092582932356,0 -57.39885205887541,-41.2111479415242,0 -57.4013801349852,-41.2133330000179,0 -57.4042158277982,-41.2157841715023,0 -57.4066670001819,-41.2179008707286,0 -57.409391609635,-41.2206083903649,0 -57.4117829672101,-41.2233329998181,0 -57.413926521092,-41.226074699088,0 -57.416666999982,-41.2298442308265,0 -57.4181086500941,-41.2318901291261,0 -57.4191254964445,-41.2333329996182,0 -57.4222004475926,-41.2377983323271,0 -57.424560066294,-41.2412260668295,0 -57.4260102617641,-41.2433330003176,0 -57.4262702710561,-41.2437309494237,0 -57.4266669997822,-41.2442875902001,0 -57.43050489078801,-41.2494951091119,0 -57.43333325952231,-41.2533330001178,0 -57.4347041096069,-41.2552958909926,0 -57.4366669995823,-41.2578569254567,0 -57.4391401442023,-41.2608598552981,0 -57.4410053785953,-41.263332999918,0 -57.442479987961,-41.2675200113394,0 -57.443364998196,-41.2700297772524,0 -57.4445283279199,-41.2733329997181,0 -57.4448383862825,-41.2751616137174,0 -57.4461359937811,-41.2828032151962,0 -57.446226326184,-41.2833330004176,0 -57.4463093336088,-41.2836894449119,0 -57.4466670002818,-41.2848246996002,0 -57.448876472671,-41.2911235269292,0 -57.4497675857055,-41.2933330002177,0 -57.4504047931466,-41.2970707930826,0 -57.45077222465839,-41.299226554362,0 -57.4514729080482,-41.3033330000179,0 -57.4501691968509,-41.3068364178664,0 -57.44839551524079,-41.3116044839597,0 -57.44775220500019,-41.313332999818,0 -57.4473786697897,-41.3140458906053,0 -57.4466670002818,-41.3149418869585,0 -57.44254224442901,-41.3192094650447,0 -57.4385554274909,-41.3233329996182,0 -57.4366669995823,-41.3252861247548,0 -57.43215039832219,-41.3288163981582,0 -57.4277216878056,-41.3322783122942,0 -57.4266669997822,-41.3331035077206,0 -57.4265278395881,-41.3331938401236,0 -57.4263154377072,-41.3333330003177,0 -57.4209138262121,-41.3375810469277,0 -57.416666999982,-41.3416655194481,0 -57.41577222490821,-41.342439445424,0 -57.414737068361,-41.3433330001178,0 -57.4102192458215,-41.3468852457574,0 -57.4066670001819,-41.3503032145217,0 -57.40479810374939,-41.3514628831055,0 -57.4017890702094,-41.353332999918,0 -57.39851758571799,-41.3551835861535,0 -57.3966670003817,-41.3565141520065,0 -57.3926667556662,-41.359333976282,0 -57.3913093342583,-41.3633329997181,0 -57.3914814528068,-41.3681474528426,0 -57.39149488058419,-41.3685063398956,0 -57.39166700003199,-41.3733330004176,0 -57.39166700003199,-41.3833330002178,0 -57.3925886306607,-41.3874101486594,0 -57.3925886306607,-41.3892558515763,0 -57.39322461682259,-41.3933330000179,0 -57.3944148030007,-41.3955864177789,0 -57.3966670003817,-41.4009697190772,0 -57.397447029157,-41.4025517497634,0 -57.39765821065789,-41.403332999818,0 -57.3997602617267,-41.4064262620623,0 -57.4013068923991,-41.4086943279808,0 -57.4044111407615,-41.4133329996182,0 -57.4053217852721,-41.414678214528,0 -57.4066670001819,-41.4166679609576,0 -57.4095380939079,-41.4204619065917,0 -57.4116669996323,-41.4233330003177,0 -57.41380933403351,-41.4261894449868,0 -57.416666999982,-41.4300004804378,0 -57.4181025472947,-41.4318974528052,0 -57.4191670001569,-41.4333330001178,0 -57.42327710785221,-41.4367241133271,0 -57.4266669997822,-41.4395829996557,0 -57.4287360915973,-41.4412651284828,0 -57.4310566482457,-41.443332999918,0 -57.434022956794,-41.4459770427063,0 -57.4366669995823,-41.4483330002677,0 -57.43947095532031,-41.4505278244994,0 -57.4428828203858,-41.4533329997181,0 -57.4449799881359,-41.455020011864,0 -57.4466670002818,-41.4563774332719,0 -57.4505695876163,-41.4594316325637,0 -57.45531446109351,-41.4633330004176,0 -57.4566670000819,-41.464805168124,0 -57.4608100661316,-41.4691899332688,0 -57.4645039136247,-41.4733330002177,0 -57.46543653127091,-41.474563468829,0 -57.4666669998821,-41.4761918865463,0 -57.4704401936599,-41.47955858586,0 -57.4746662671345,-41.4833330000179,0 -57.4756794514455,-41.4843193278746,0 -57.4766669996823,-41.4854765547991,0 -57.4798457110107,-41.4901542893889,0 -57.48136792778759,-41.4933329998181,0 -57.4820405352424,-41.4979594649573,0 -57.4821662676591,-41.4988334881749,0 -57.4828205640178,-41.5033329996182,0 -57.48146680464931,-41.5081328045852,0 -57.4813093342584,-41.5086894453616,0 -57.4800007406416,-41.5133330003177,0 -57.4793195878287,-41.5159868088441,0 -57.47740796640451,-41.5225932537756,0 -57.4772077719211,-41.5233330001178,0 -57.4771015700813,-41.5237675705169,0 -57.4766669996823,-41.5255546799045,0 -57.475177742159,-41.5318437423948,0 -57.47477490973431,-41.5333329999179,0 -57.4759065023831,-41.5340947184964,0 -57.4766669996823,-41.5346049722417,0 -57.4805561601386,-41.5372221603744,0 -57.4866670003817,-41.5413334884497,0 -57.4878083578694,-41.5421904218504,0 -57.4890754468743,-41.5433329997181,0 -57.49280713693981,-41.5471928629602,0 -57.49666700018181,-41.5515873947425,0 -57.497499519687,-41.5525004809124,0 -57.49826001788549,-41.5533330004176,0 -57.5022724690991,-41.5577275313005,0 -57.506666999982,-41.5625395427656,0 -57.50705396296999,-41.5629448168498,0 -57.50742383614111,-41.5633330002178,0 -57.5131806717505,-41.5668193282494,0 -57.51666699978221,-41.5689311441569,0 -57.5194086990522,-41.5705913007479,0 -57.5239375077098,-41.5733330000179,0 -57.525757576351,-41.5742436445285,0 -57.52666699958229,-41.5746977464038,0 -57.52913404140291,-41.5758012613191,0 -57.53263501759189,-41.5773637614284,0 -57.5366670002818,-41.5791679606328,0 -57.53977368940421,-41.5802250894163,0 -57.5455183185155,-41.5821855386317,0 -57.5466670000819,-41.582576163659,0 -57.547195564024,-41.5828032145967,0 -57.5481147538927,-41.583332999818,0 -57.55321607186421,-41.5867827074559,0 -57.5566669998821,-41.5894804613542,0 -57.5587568435535,-41.5912431559469,0 -57.5612348714921,-41.5933329996182,0 -57.56407056430499,-41.5959282146154,0 -57.5666669996822,-41.598306144413,0 -57.5694660721015,-41.6005351482784,0 -57.572979255688,-41.6033330003177,0 -57.574861579898,-41.6051396402821,0 -57.5766670003817,-41.6068705977998,0 -57.5799653395288,-41.6100346600714,0 -57.5834040601492,-41.6133330001178,0 -57.5849628982191,-41.6150371011813,0 -57.5866670001819,-41.6174785078268,0 -57.5889240799823,-41.6210771404976,0 -57.5903388754387,-41.623332999918,0 -57.5927778395256,-41.6272221603743,0 -57.59651441201051,-41.6331816330259,0 -57.5966096268328,-41.6333329997181,0 -57.596666999982,-41.6334111247236,0 -57.6013728105068,-41.6386284102729,0 -57.6056171950774,-41.6433330004176,0 -57.60611524232451,-41.6438847578752,0 -57.6066669997822,-41.6444975505215,0 -57.6111018148968,-41.6488969647231,0 -57.6154353105911,-41.6533330002177,0 -57.6160285726605,-41.6539702067596,0 -57.6166669995823,-41.6547026290231,0 -57.62062696096541,-41.6593730386348,0 -57.6239851149211,-41.6633330000179,0 -57.6252802816596,-41.6647197186401,0 -57.6266670002818,-41.6662016520845,0 -57.63028150238939,-41.6697197189898,0 -57.6339668045244,-41.6733329998181,0 -57.6353791583215,-41.6746220628578,0 -57.63666700008201,-41.6757988203592,0 -57.6409467855657,-41.6790532150338,0 -57.646295906331,-41.6833329996182,0 -57.6465034257924,-41.6834965746072,0 -57.6466669998821,-41.6836235274038,0 -57.6478828203358,-41.6845488200719,0 -57.6521943437939,-41.6878056564059,0 -57.6566669996823,-41.6913627853642,0 -57.6577851636544,-41.6922148363456,0 -57.6592158285476,-41.6933330003177,0 -57.6634052816284,-41.696594719071,0 -57.6666670003817,-41.6992704998336,0 -57.66899854314819,-41.7010014573513,0 -57.6713508377709,-41.7033330001178,0 -57.67417676574509,-41.7058232345546,0 -57.67666700018189,-41.708015617127,0 -57.6794941485361,-41.7105058515638,0 -57.6827021561795,-41.713332999918,0 -57.6846980063079,-41.715300773212,0 -57.686666999982,-41.7177788011507,0 -57.6889875566304,-41.7210136643491,0 -57.6906525956407,-41.7233329997181,0 -57.69316480231371,-41.7268364175666,0 -57.69666699978221,-41.7317167891984,0 -57.6973481525951,-41.7326518476046,0 -57.6978437581828,-41.7333330004176,0 -57.7032282789619,-41.7367704997587,0 -57.7066669995823,-41.7389677656498,0 -57.70933911920499,-41.7406596602151,0 -57.7135554278407,-41.7433330002177,0 -57.71544263447,-41.7445585855103,0 -57.7166670002818,-41.7454033124129,0 -57.7211640700658,-41.7488359293346,0 -57.7264240797075,-41.7533330000179,0 -57.7266670000819,-41.7535527268768,0 -57.7282124103744,-41.7548784103104,0 -57.7319306717631,-41.758069328137,0 -57.7366669998821,-41.7621318284211,0 -57.7373457110357,-41.7626542886645,0 -57.73822583795201,-41.763332999818,0 -57.7437922439169,-41.7662089768627,0 -57.7466669996822,-41.7676933519666,0 -57.75038648235019,-41.7696147382296,0 -57.755684333665,-41.7723491134208,0 -57.7566670003817,-41.7728569255067,0 -57.756985603203,-41.7730131755176,0 -57.75756177545549,-41.7733329996182,0 -57.7637849203377,-41.7762163007416,0 -57.7666670001819,-41.7775639573107,0 -57.7707526930823,-41.7792460861379,0 -57.7742072831396,-41.7808745038552,0 -57.776666999982,-41.7819755780105,0 -57.7776984944899,-41.7823027261898,0 -57.780027595597,-41.7833330003177,0 -57.7848139727866,-41.7851860273133,0 -57.7866669997822,-41.7860161051591,0 -57.790596443571,-41.7872612228271,0 -57.7923066483331,-41.7876933515669,0 -57.7966669995823,-41.7893681563153,0 -57.8000849683466,-41.7899150313536,0 -57.803853279705,-41.7905204999211,0 -57.8066670002818,-41.7909697184777,0 -57.8084199300357,-41.7915800703639,0 -57.81063794688369,-41.7933330001178,0 -57.813410163748,-41.7965898355524,0 -57.81666700008201,-41.8004179608202,0 -57.818007331673,-41.8019926683269,0 -57.8191486891606,-41.803332999918,0 -57.82260572087731,-41.8073955002021,0 -57.8266669998821,-41.8121684496142,0 -57.82723584805589,-41.8127641524437,0 -57.8277778397754,-41.8133329997181,0 -57.832113777129,-41.8178862222713,0 -57.83666699968221,-41.8226664957621,0 -57.8370087969184,-41.8229912031815,0 -57.83727735156851,-41.8233330004176,0 -57.83765332843831,-41.8243193282743,0 -57.8403718341927,-41.8296293869866,0 -57.8412934648215,-41.8333330002177,0 -57.8419917074513,-41.8380082931482,0 -57.84210523247051,-41.8387700117266,0 -57.8427863843841,-41.8433330000179,0 -57.8432905353299,-41.8467094650697,0 -57.84385938260441,-41.85052538294,0 -57.84427808356669,-41.8533329998181,0 -57.844574715051,-41.8554252851487,0 -57.84546949012479,-41.8621367106406,0 -57.8456367262539,-41.8633329996182,0 -57.8458161697804,-41.8641826089402,0 -57.8466670003817,-41.8682182536695,0 -57.84755689213681,-41.8724418863839,0 -57.84774488102139,-41.8733330003176,0 -57.8482270588316,-41.8748930587676,0 -57.8496711506031,-41.8803300702765,0 -57.8507221756878,-41.8833330001178,0 -57.8525666582246,-41.8874321207957,0 -57.8543671953897,-41.8910331951258,0 -57.85547559362371,-41.893332999918,0 -57.85607373811239,-41.8939262619874,0 -57.85666700018189,-41.8945170823974,0 -57.8610883866197,-41.8989116132803,0 -57.86553540823251,-41.9033329997181,0 -57.8662873610728,-41.9037114182473,0 -57.866666999982,-41.903904288652,0 -57.8672700277895,-41.9039360275256,0 -57.8756123126581,-41.9043876877416,0 -57.87666699978221,-41.9044438396115,0 -57.87784131652351,-41.9045073164594,0 -57.8850996170536,-41.9049003831461,0 -57.8866669995823,-41.9049858322304,0 -57.8883418043308,-41.9050078044665,0 -57.8946638260747,-41.9053349535452,0 -57.89666700028179,-41.9053618082008,0 -57.8990534745382,-41.9057182535945,0 -57.9038178785922,-41.9061821212079,0 -57.9066670000819,-41.9066655193981,0 -57.9103864827499,-41.9070537027661,0 -57.9130341875776,-41.9069658129219,0 -57.9166669998821,-41.9074785074271,0 -57.9206586992395,-41.9073246990756,0 -57.9227558669896,-41.9072441324108,0 -57.9266669996822,-41.9070927657185,0 -57.93059644347111,-41.9072612222276,0 -57.9326508871287,-41.9073491129711,0 -57.9366670003817,-41.9075224527989,0 -57.941489997965,-41.908511222315,0 -57.9419367757616,-41.908601554718,0 -57.9466670001819,-41.9095732344172,0 -57.9495515216854,-41.9104472576348,0 -57.95602857216079,-41.9133330004176,0 -57.9564130934895,-41.9135869060108,0 -57.956666999982,-41.913957999562,0 -57.9598579178086,-41.9201420823911,0 -57.9615058670021,-41.9233330002177,0 -57.9632624587954,-41.9267363199252,0 -57.9666669997821,-41.9333330000179,0 -57.9751191485298,-41.9348808519697,0 -57.9766669995823,-41.9351640547773,0 -57.9789082108452,-41.9355742112808,0 -57.9835712972775,-41.9364287030222,0 -57.9866670002818,-41.9369951095366,0 -57.9907209552078,-41.939280265272,0 -57.9933833081931,-41.943332999818,0 -57.9935456619027,-41.9464531176172,0 -57.9931306229798,-41.9497978437954,0 -57.99326245909509,-41.9533329996182,0 -57.9928571859103,-41.9571415934097,0 -57.9926289136934,-41.9592949139291,0 -57.99219922661301,-41.9633330003177,0 -57.99398877765989,-41.9660112227397,0 -57.99666700008199,-41.9698613202437,0 -57.9985090409594,-41.971489737961,0 -58.0001020586631,-41.9733330001178,0 -58.00417188302589,-41.975828116974,0 -58.0066669998821,-41.9773588791089,0 -58.0109895094582,-41.9790092699618,0 -58.0143855059863,-41.9810502849426,0 -58.01666699968221,-41.9822514572389,0 -58.0174751052919,-41.9825248943084,0 -58.0198701249063,-41.983332999918,0 -58.0251630938017,-41.984836906498,0 -58.0266670003817,-41.9856279222907,0 -58.0298042070984,-41.9864702066347,0 -58.03274121843239,-41.9872587816674,0 -58.03666700018189,-41.9883110271322,0 -58.0404328689817,-41.9895683512983,0 -58.0460212480821,-41.9933329997181,0 -58.04625928513789,-41.9937407145623,0 -58.0466669999821,-41.9949687424135,0 -58.0485297927157,-42.0014702067846,0 -58.0490644612558,-42.0033330004176,0 -58.04867627698849,-42.0053422774241,0 -58.0472468342739,-42.0127543863059,0 -58.0471345296348,-42.0133330002178,0 -58.0472224194791,-42.0138871993348,0 -58.04965406038659,-42.0203447183341,0 -58.04993116039469,-42.0233330000179,0 -58.0513239827156,-42.0279887614721,0 -58.0514814531065,-42.0285185466935,0 -58.0529206624586,-42.0333329998181,0 -58.0533637773164,-42.0366362222838,0 -58.0538886801185,-42.0405546799545,0 -58.0542609940496,-42.0433329996182,0 -58.0543098218408,-42.0456889571796,0 -58.0552509839457,-42.0519169844812,0 -58.05528882651809,-42.0533330003177,0 -58.05495923667941,-42.0550419846998,0 -58.0542036209003,-42.060869621236,0 -58.053645759744,-42.0633330001178,0 -58.0552729570813,-42.0647270428187,0 -58.05666699978219,-42.0659233317963,0 -58.060504890788,-42.0694951098114,0 -58.0653120198338,-42.073332999918,0 -58.0662006912089,-42.0737993082914,0 -58.0666669995823,-42.0740434490459,0 -58.06748487093,-42.0741508712657,0 -58.0748786696149,-42.0751201093055,0 -58.0766670002818,-42.075354484322,0 -58.0790022050876,-42.0756669843438,0 -58.0837128980318,-42.0762871019681,0 -58.0866670000819,-42.0766850510742,0 -58.09057813277461,-42.0772441326106,0 -58.09249219495879,-42.0775078048413,0 -58.0966669998821,-42.0781108317494,0 -58.10084424646481,-42.0791557540348,0 -58.1030378494171,-42.0797050707324,0 -58.1066669996823,-42.0806108319243,0 -58.10883008593969,-42.08116991436,0 -58.1157392660542,-42.0833329997181,0 -58.1164533772215,-42.0835478441576,0 -58.1166670003817,-42.0836113201063,0 -58.1170417559722,-42.083708976588,0 -58.1245857009693,-42.0854130785507,0 -58.1266670001819,-42.0860014573014,0 -58.1301057208023,-42.0867704999586,0 -58.1326569904277,-42.0873442305518,0 -58.136666999982,-42.0882426676649,0 -58.14081494935041,-42.0891850510492,0 -58.1431232986013,-42.0897905196168,0 -58.1466669997822,-42.0906401289387,0 -58.1487641675322,-42.0912358317682,0 -58.1556977615424,-42.0933330004176,0 -58.15642652176651,-42.0935722578534,0 -58.1566669995823,-42.0936528245182,0 -58.1571442949732,-42.0938090745291,0 -58.16394727324799,-42.096052726552,0 -58.1666670002818,-42.0969511636652,0 -58.1712617265474,-42.0979277266832,0 -58.17192945158279,-42.0980693285367,0 -58.17666700008189,-42.0990776286296,0 -58.1801753003498,-42.0998246990506,0 -58.1839643635645,-42.1006303630008,0 -58.1866669998821,-42.1012065352534,0 -58.18847119908649,-42.1015288010133,0 -58.19666699968221,-42.1033330002177,0 -58.2022712482195,-42.1077275311006,0 -58.2066670003817,-42.1120537027161,0 -58.20746289859391,-42.1125371018057,0 -58.2082050856961,-42.1133330000179,0 -58.2130451739956,-42.1169536058242,0 -58.2166670001819,-42.1203740153485,0 -58.2185078206793,-42.1214921793206,0 -58.22022412914021,-42.123332999818,0 -58.2239094312752,-42.1260893472455,0 -58.226666999982,-42.1286943279808,0 -58.22935132610281,-42.1306474531174,0 -58.2311274493723,-42.1333329996182,0 -58.230839363246,-42.1375053628822,0 -58.2307160724887,-42.139285148191,0 -58.23043531044121,-42.1433330003177,0 -58.23019116968671,-42.1468583904024,0 -58.2299726641071,-42.1500273359927,0 -58.22974317151009,-42.1533330001178,0 -58.229730965012,-42.1563969651478,0 -58.2299421465128,-42.1600566330072,0 -58.2299311603947,-42.1633329999179,0 -58.2335334551048,-42.1664653242153,0 -58.23666699978219,-42.1700224531737,0 -58.2380708082212,-42.1719291912791,0 -58.23910352310911,-42.1733329997181,0 -58.2433979567503,-42.1766020425502,0 -58.2466669995823,-42.179092276987,0 -58.24891065250449,-42.1810893474953,0 -58.25082959800751,-42.1833330004176,0 -58.253162361154,-42.1868388590261,0 -58.2566670002818,-42.1930253826152,0 -58.2568317947515,-42.1933330002178,0 -58.25752637534189,-42.1941923752779,0 -58.2612287672937,-42.1987700117266,0 -58.26491773236741,-42.2033330000179,0 -58.2666670000819,-42.2046220621584,0 -58.26987989104411,-42.2065458909801,0 -58.2721162189883,-42.2078837809117,0 -58.2766669998821,-42.2106083903649,0 -58.2783711018448,-42.2116288987546,0 -58.28121900205521,-42.213332999818,0 -58.28453443191851,-42.2154643481011,0 -58.2866669996823,-42.2171196213734,0 -58.2900153887991,-42.2199858317807,0 -58.2939277418717,-42.2233329996182,0 -58.29540357251679,-42.2245976487624,0 -58.2966670003817,-42.2256767497821,0 -58.30141309333951,-42.2285869064605,0 -58.302726570275,-42.2293925704108,0 -58.3066670001818,-42.2318071215014,0 -58.3076899493316,-42.2323100511679,0 -58.3097700272649,-42.2333330003177,0 -58.3137788164392,-42.2362211838605,0 -58.316666999982,-42.2385283127314,0 -58.319407478872,-42.2405937425071,0 -58.32304517359591,-42.2433330001178,0 -58.32515088670401,-42.244849113196,0 -58.3266669997822,-42.2460600512304,0 -58.3310993732375,-42.248901847742,0 -58.3342597734697,-42.2509257738054,0 -58.33666699958231,-42.2524687424385,0 -58.3372785718486,-42.2527226480317,0 -58.3387482987949,-42.253332999918,0 -58.3438361898882,-42.2561650315909,0 -58.3466670002818,-42.2600004800381,0 -58.34782910962561,-42.2621708903743,0 -58.34845044763,-42.2633329997181,0 -58.35153516361689,-42.2684648361832,0 -58.3544599684527,-42.2733330004176,0 -58.3553681722033,-42.2746318282962,0 -58.35666700008189,-42.2768144451305,0 -58.35919507619181,-42.2808037028286,0 -58.36079785963349,-42.2833330002177,0 -58.3632136311041,-42.2867851486156,0 -58.3666669998821,-42.2925932536756,0 -58.3670087971183,-42.2929912027818,0 -58.3672651443709,-42.2933330000179,0 -58.3726972734603,-42.2973027262398,0 -58.37666699968221,-42.301145499665,0 -58.3777448812213,-42.3022538987984,0 -58.3787922442666,-42.3033329998181,0 -58.3842243733561,-42.3057744064636,0 -58.3866670003817,-42.3069316324888,0 -58.39106031088459,-42.3089384687353,0 -58.3932941971694,-42.3099589762257,0 -58.3966670001819,-42.3115019457582,0 -58.3981489336263,-42.3118510661737,0 -58.4044233479591,-42.3133329996182,0 -58.4062385332816,-42.3137626875979,0 -58.406666999982,-42.3138627848396,0 -58.4073591389131,-42.3140239181692,0 -58.4149091876089,-42.3150908126908,0 -58.41666699978219,-42.3156157145935,0 -58.4212836991833,-42.3179496990194,0 -58.421806160326,-42.3181938397739,0 -58.4266669995823,-42.3210454020236,0 -58.4280842366981,-42.3219169844812,0 -58.43039014428971,-42.3233330003177,0 -58.43427808436601,-42.325720694954,0 -58.4366670002818,-42.3271904219004,0 -58.4407356033653,-42.3292631757549,0 -58.4445344314188,-42.3311992110747,0 -58.446667000082,-42.3322880778325,0 -58.447359139013,-42.3326396408067,0 -58.4487177808009,-42.3333330001178,0 -58.4526533282884,-42.3373466717115,0 -58.4566669998821,-42.3414384683106,0 -58.4576057203277,-42.3423954998524,0 -58.4585261305764,-42.3433329999179,0 -58.4625568928863,-42.3474443279933,0 -58.4666669996823,-42.3516337810741,0 -58.46779248863239,-42.3522075116673,0 -58.4699995193623,-42.3533329997181,0 -58.47371167795149,-42.3562871017683,0 -58.4756672438482,-42.3623320235041,0 -58.4761884846108,-42.3633330004176,0 -58.4763850179542,-42.3636137615658,0 -58.4766670003817,-42.3641996995564,0 -58.479405036713,-42.3705961833671,0 -58.480575691415,-42.3733330002178,0 -58.4829340897364,-42.3770659097639,0 -58.486383796475,-42.3830497972103,0 -58.4865510335034,-42.3833330000179,0 -58.4865888751764,-42.3834111250234,0 -58.48666700018191,-42.3836039963273,0 -58.4893330152065,-42.3906669847935,0 -58.4903400958187,-42.393332999818,0 -58.49175855241519,-42.3982402270048,0 -58.49183423666071,-42.3984990159168,0 -58.49323072102091,-42.4033329996182,0 -58.49357862105651,-42.4064213785438,0 -58.49406079886669,-42.4107280195824,0 -58.4943537674124,-42.4133330003177,0 -58.49468946094981,-42.4153105393499,0 -58.4954072341565,-42.4220732342923,0 -58.4956001054605,-42.4233330001178,0 -58.4958503499137,-42.4241484298062,0 -58.49666699998199,-42.4285576097458,0 -58.4978181232078,-42.4321830979716,0 -58.4980830158185,-42.433332999918,0 -58.5021552809414,-42.4378447187587,0 -58.5066669997822,-42.4428422774491,0 -58.5069563062885,-42.4430424728318,0 -58.5073750081501,-42.4433329997181,0 -58.5128364335545,-42.4471635666453,0 -58.51666699958231,-42.449949211287,0 -58.51857495896709,-42.4514238206527,0 -58.5208796461787,-42.4533330004176,0 -58.5239997639779,-42.4559990154422,0 -58.5266670002818,-42.4582792887581,0 -58.5295771560608,-42.4604228435393,0 -58.5335273517058,-42.4633330002177,0 -58.5356733472472,-42.4643266521532,0 -58.53666700008189,-42.4647856364479,0 -58.5387861409676,-42.4654521402041,0 -58.54317090611239,-42.4668290939874,0 -58.5466669998821,-42.4679277264834,0 -58.5507795492368,-42.4692192302832,0 -58.5533674392559,-42.4700346599715,0 -58.55666699968219,-42.4710698165188,0 -58.55830884607631,-42.4716923749031,0 -58.5611030351769,-42.4733330000179,0 -58.56471143358571,-42.4752885668138,0 -58.5666670003817,-42.4765165937657,0 -58.5716230544604,-42.4782890549958,0 -58.57168897296769,-42.4783110272321,0 -58.5766670001819,-42.4802470625518,0 -58.5791169512862,-42.4808818283337,0 -58.5855940017617,-42.4833329998181,0 -58.586399665712,-42.4835991137081,0 -58.586666999982,-42.4837040933692,0 -58.5871674879891,-42.4838334887245,0 -58.5947346274011,-42.4852641527185,0 -58.5966669997822,-42.4858720629453,0 -58.5996503981473,-42.4863163981832,0 -58.60315991969449,-42.4868388593259,0 -58.6066669995823,-42.4873637621279,0 -58.6106074294892,-42.4893925706106,0 -58.6132233963426,-42.4933329996182,0 -58.6144331130977,-42.4955668868024,0 -58.6166670002818,-42.4996977463539,0 -58.6179426346448,-42.5020561446753,0 -58.6186335522966,-42.5033330003177,0 -58.62247876738109,-42.5075224533984,0 -58.62437940268719,-42.5110454027231,0 -58.62578687316559,-42.5133330001178,0 -58.6260236898414,-42.5139750899784,0 -58.626667000082,-42.5164116133053,0 -58.6280170974111,-42.5219829025888,0 -58.6283430252104,-42.5233329999179,0 -58.62887891413061,-42.5255449139665,0 -58.6299665605083,-42.5300346605711,0 -58.63076612075981,-42.5333329997181,0 -58.6329914625859,-42.5370073166343,0 -58.6366669998821,-42.542978995784,0 -58.6368012776568,-42.5431987226429,0 -58.6368891684004,-42.5433330004176,0 -58.6372431721346,-42.5439091717708,0 -58.6405940020115,-42.5494047777083,0 -58.64307202905091,-42.5533330002177,0 -58.6444440995156,-42.5555546800044,0 -58.6466669996822,-42.5591533126752,0 -58.64825025164781,-42.5617509684324,0 -58.6492475665219,-42.5633330000179,0 -58.6534650955377,-42.566536125242,0 -58.6566670003817,-42.5689653244901,0 -58.6591352616829,-42.5708647385168,0 -58.6624177322925,-42.573332999818,0 -58.6650739824782,-42.5749272379016,0 -58.66666700018191,-42.5758818277841,0 -58.67117749774329,-42.5788237224368,0 -58.6743732988886,-42.5810405198041,0 -58.67666699998199,-42.5826127847522,0 -58.6771149981586,-42.5828837810616,0 -58.6777595296785,-42.5833329996182,0 -58.68318067175061,-42.5868193285492,0 -58.6866669997822,-42.5892094648449,0 -58.689230476805,-42.5907695232948,0 -58.69291577894,-42.5933330003177,0 -58.695269294842,-42.5947319254379,0 -58.69666699958231,-42.595615715293,0 -58.70161451010151,-42.5983842692186,0 -58.70397779084231,-42.6006450119577,0 -58.7066670002818,-42.6031743084475,0 -58.7068269123321,-42.6033330001178,0 -58.7126484451696,-42.6073515550302,0 -58.7166670000819,-42.6110283127064,0 -58.71796094554121,-42.6120390544588,0 -58.7196149984334,-42.613332999918,0 -58.7237873616974,-42.6162138593821,0 -58.7266669998821,-42.6188481364323,0 -58.7293183667492,-42.620681632851,0 -58.73315137533561,-42.6233329997181,0 -58.7352863847588,-42.6247123942616,0 -58.73666699968229,-42.6261137619405,0 -58.7405256425444,-42.6294731362762,0 -58.7437849196383,-42.6333330004176,0 -58.7453742753025,-42.6346269449775,0 -58.7466670003817,-42.6356791913416,0 -58.7508869710568,-42.6391118082633,0 -58.7560737381125,-42.6433330002178,0 -58.7563752520162,-42.6436235271041,0 -58.7566670001819,-42.6440336836076,0 -58.760203377284,-42.6497978441951,0 -58.7623725663408,-42.6533330000179,0 -58.7640046460975,-42.6559941326231,0 -58.766666999982,-42.660332511636,0 -58.7680756917397,-42.6619243089597,0 -58.7693208085084,-42.6633329998181,0 -58.77293409023599,-42.6670659102635,0 -58.7766669997822,-42.6709257735056,0 -58.77785108226159,-42.6721489180381,0 -58.7789961017886,-42.6733329996182,0 -58.782786384484,-42.6772148359959,0 -58.7866669995823,-42.6814580001865,0 -58.7875202718431,-42.6824809493363,0 -58.7881477126468,-42.6833330003176,0 -58.7913166582371,-42.6879814376932,0 -58.79160108232411,-42.6883989182754,0 -58.794962898319,-42.6933330001178,0 -58.7957172928188,-42.6942827066815,0 -58.7966670002818,-42.6954765548991,0 -58.80042066168419,-42.6995805588957,0 -58.8035981526326,-42.703332999918,0 -58.80514478330511,-42.7048539963149,0 -58.806667000082,-42.7064116131054,0 -58.8103510818369,-42.7096489179631,0 -58.814210945079,-42.7133329997181,0 -58.8155036701582,-42.7144975507213,0 -58.8166669998821,-42.7155864183785,0 -58.8207893140756,-42.7192094649448,0 -58.8251093828916,-42.7233330004176,0 -58.8259296949994,-42.7240703051004,0 -58.8266669996822,-42.7247612227522,0 -58.8313691481676,-42.7286308517324,0 -58.8361494216584,-42.7333330002177,0 -58.83644239020409,-42.733557609496,0 -58.8366670003817,-42.7337455974813,0 -58.83827222458351,-42.7349394456988,0 -58.8421894609748,-42.7378105394248,0 -58.84666700018191,-42.7414164961743,0 -58.8477534261796,-42.7422465740202,0 -58.8491755448155,-42.7433330000179,0 -58.85349805439169,-42.7465019456083,0 -58.85666699998199,-42.7490556559937,0 -58.8590925371908,-42.7509086838886,0 -58.8622675855806,-42.753332999818,0 -58.8648066487078,-42.7551933517917,0 -58.8666669997822,-42.756692375053,0 -58.8707478102632,-42.7592534104165,0 -58.8760017171055,-42.7633329996182,0 -58.8763618245385,-42.7636381755613,0 -58.87666699958229,-42.7639555589019,0 -58.88124463693039,-42.7687553629696,0 -58.8856098714983,-42.7733330003177,0 -58.8861408770998,-42.7738603438797,0 -58.8866670002818,-42.7744340744729,0 -58.89102735153101,-42.7789726488686,0 -58.8952143629525,-42.7833330001178,0 -58.89594312317649,-42.7840580974032,0 -58.8966670000819,-42.7848466715366,0 -58.9010456624274,-42.7889531171925,0 -58.905713631279,-42.793332999918,0 -58.9061774979931,-42.793821281427,0 -58.9066669998821,-42.7944633712875,0 -58.910348640877,-42.7996513596225,0 -58.9129621660711,-42.8033329997181,0 -58.9145393143378,-42.8054619063419,0 -58.9166669996823,-42.8083330000679,0 -58.9187788164891,-42.8112211836107,0 -58.92028028140981,-42.8133330004176,0 -58.9228938066038,-42.8171049729161,0 -58.9266670003817,-42.8226323168279,0 -58.926957527268,-42.8230424724321,0 -58.9271626050701,-42.8233330002178,0 -58.9283674394057,-42.8250322188618,0 -58.931103034977,-42.8288969645233,0 -58.9342439046325,-42.8333330000179,0 -58.9353364334296,-42.8346635667701,0 -58.9366670001819,-42.8362651289325,0 -58.9400178300588,-42.8399833903212,0 -58.9430170978607,-42.843332999818,0 -58.9447468340991,-42.8452543869803,0 -58.946666999982,-42.8473930584428,0 -58.9494831622182,-42.8505180586614,0 -58.9520039142492,-42.8533329996182,0 -58.9542133866385,-42.8557866136612,0 -58.9566669997822,-42.8585209879532,0 -58.9589484943775,-42.8610527270017,0 -58.9609907306377,-42.8633330003176,0 -58.964087654022,-42.8659111245987,0 -58.9666669995823,-42.8680009691694,0 -58.969837166452,-42.8701616128681,0 -58.9740510334284,-42.8733330001178,0 -58.975645271512,-42.8743535076082,0 -58.9766670002818,-42.8750175706044,0 -58.98126294692739,-42.8779301680428,0 -58.9817585525151,-42.8782402264053,0 -58.98666700008191,-42.881414054415,0 -58.9878388751639,-42.882161124836,0 -58.98968213642139,-42.883332999918,0 -58.9939668043245,-42.8860331954755,0 -58.9966669998821,-42.8877788011507,0 -59.0003584066151,-42.8896415938844,0 -59.0056477125718,-42.8923149338871,0 -59.0066669996822,-42.8928276292916,0 -59.00699781080031,-42.8930009691194,0 -59.0074995191874,-42.8933329997181,0 -59.0132563556962,-42.8967436444036,0 -59.0166670003818,-42.8987651288076,0 -59.0195344320683,-42.9004643474516,0 -59.0243745194684,-42.9033330004176,0 -59.0259614334734,-42.9040385662268,0 -59.02666700018191,-42.904380363463,0 -59.028864266073,-42.9055302654094,0 -59.0325617756054,-42.9074370035149,0 -59.036666999982,-42.9096464768034,0 -59.0392036214499,-42.9107963787499,0 -59.04347730233561,-42.9133330002177,0 -59.04554761543011,-42.9144536058492,0 -59.0466669997822,-42.9150590744167,0 -59.049821297215,-42.9164872967513,0 -59.0524580159246,-42.9175419847747,0 -59.05666699958229,-42.9198564377244,0 -59.0590766682536,-42.9209233322459,0 -59.0645161214218,-42.9233330000179,0 -59.0660529863562,-42.9239482343235,0 -59.0666670002818,-42.924285148241,0 -59.0681159744726,-42.924783195488,0 -59.0738740313614,-42.9261259687384,0 -59.076667000082,-42.9274663012288,0 -59.0801594318123,-42.9298417893671,0 -59.0852937090374,-42.933332999818,0 -59.0860908285289,-42.9339091720706,0 -59.0866669998821,-42.9343266526528,0 -59.09025708809409,-42.9369243084101,0 -59.0918928298901,-42.9381059492301,0 -59.0966669996823,-42.9415605392874,0 -59.0978925858741,-42.9421074143257,0 -59.1006342851441,-42.9433329996182,0 -59.10480420674871,-42.9451957932512,0 -59.10666700038171,-42.9460283127564,0 -59.1109858479185,-42.9476518480543,0 -59.1120100174483,-42.9479912027318,0 -59.1166670001818,-42.9500151287951,0 -59.11865674571219,-42.951343253888,0 -59.1206965412123,-42.9533330003177,0 -59.12341504696681,-42.9565849533329,0 -59.126666999982,-42.9604765545493,0 -59.1281391676884,-42.9618608324114,0 -59.12970410945711,-42.9633330001178,0 -59.1331684652524,-42.9668315355469,0 -59.1366669997822,-42.9717314377556,0 -59.1376594313376,-42.9723417887425,0 -59.1390253981036,-42.9733329999179,0 -59.1434284743446,-42.9765727464351,0 -59.1466669995824,-42.9798735272415,0 -59.1486176839589,-42.9813823162409,0 -59.1507111896696,-42.9833329997181,0 -59.1541425862113,-42.9858574137886,0 -59.1566670002818,-42.9884306565495,0 -59.159430671788,-42.990569328012,0 -59.1623969803363,-42.9933330004176,0 -59.1647663656752,-42.9952324144443,0 -59.16666700008191,-42.9973759683263,0 -59.1702802809102,-42.9997197184902,0 -59.1741328200736,-43.0033330002178,0 -59.1756281812955,-43.004370597525,0 -59.1766669998821,-43.0050932540504,0 -59.1815302816971,-43.0084697191022,0 -59.1824262771509,-43.0090922774866,0 -59.1866669996822,-43.0120366128994,0 -59.1872968830447,-43.0127031175548,0 -59.1875813062322,-43.0133330000179,0 -59.18780469513051,-43.0144706954662,0 -59.1890705646548,-43.0209282144655,0 -59.189542976727,-43.023332999818,0 -59.1907099684902,-43.0292900308102,0 -59.19150342594231,-43.0333329996182,0 -59.19115186296811,-43.037817862904,0 -59.1910639722245,-43.0389360277754,0 -59.1907185138483,-43.0433330003177,0 -59.1904243240233,-43.0470903246587,0 -59.19021314252241,-43.049788078557,0 -59.1899348221343,-43.0533330001178,0 -59.1908857499773,-43.0575517504129,0 -59.1913374101933,-43.0586625894069,0 -59.1919917074513,-43.063332999918,0 -59.19296948995,-43.0670317307298,0 -59.19390454925551,-43.0705693282119,0 -59.1946345289603,-43.0733329997181,0 -59.1950166095289,-43.074983390571,0 -59.1966670003817,-43.0821074142257,0 -59.1969331133724,-43.0830668865275,0 -59.1970063550592,-43.0833330004176,0 -59.1971357504145,-43.0838017495511,0 -59.1990998616693,-43.0908989176509,0 -59.1997736895041,-43.0933330002177,0 -59.20207837671569,-43.0979204024046,0 -59.20247510544171,-43.0991411052777,0 -59.20413770279269,-43.1033330000179,0 -59.2052656325029,-43.1047343667976,0 -59.20666700018189,-43.1064775308134,0 -59.209910407839,-43.1100908125409,0 -59.21282056451741,-43.1133329998181,0 -59.21457349427129,-43.1154252851488,0 -59.216666999982,-43.1182792890579,0 -59.2187067945829,-43.1212944253974,0 -59.2199995196621,-43.1233329996182,0 -59.2225227124532,-43.1274785082265,0 -59.2251838459577,-43.1318510659739,0 -59.2260871663896,-43.1333330003177,0 -59.22666699978221,-43.1340458902056,0 -59.2312397538116,-43.1387602460885,0 -59.2356745680269,-43.1433330001178,0 -59.2361628495358,-43.1438359297843,0 -59.23666699958229,-43.1443559492676,0 -59.2395075766133,-43.1461747966295,0 -59.24214063238419,-43.147859367116,0 -59.2466670002818,-43.1507548747376,0 -59.2480329670478,-43.151965812772,0 -59.24894116989901,-43.153332999918,0 -59.2507795487372,-43.1574443279933,0 -59.2513276441554,-43.1586723558445,0 -59.25341138502731,-43.1633329997181,0 -59.2545966878868,-43.1654033128126,0 -59.256667000082,-43.1690190353002,0 -59.258145271487,-43.1718535077331,0 -59.25873242985771,-43.1733330004176,0 -59.25973218549189,-43.1763969645482,0 -59.2607417068642,-43.1792582925361,0 -59.2619697347154,-43.1833330002177,0 -59.2629499588734,-43.1870512616064,0 -59.2638679274628,-43.190535148878,0 -59.264606453425,-43.1933330000179,0 -59.2651106034716,-43.1948881760484,0 -59.2666669998821,-43.1996879801162,0 -59.2681171953523,-43.2018828043479,0 -59.269074226894,-43.203332999818,0 -59.2726862873422,-43.2073149334374,0 -59.2766669996823,-43.2116996994815,0 -59.2774433673175,-43.2125566328822,0 -59.27814771274669,-43.2133329996182,0 -59.281371589827,-43.2180375897629,0 -59.28162305466019,-43.2183769453397,0 -59.2839741289029,-43.2233330003177,0 -59.2846284261609,-43.2253715745385,0 -59.2866670003817,-43.2317338787155,0 -59.287179694887,-43.2333330001178,0 -59.2927851638042,-43.2372148355961,0 -59.2966670001818,-43.2407841719519,0 -59.2981110919533,-43.2418876877665,0 -59.2991999587111,-43.243332999918,0 -59.302652107109,-43.2473466715117,0 -59.306666999982,-43.2520170820227,0 -59.3073762287299,-43.2526225505902,0 -59.3079121167507,-43.2533329997181,0 -59.3121650466795,-43.2578349528208,0 -59.3166669997822,-43.2625981364948,0 -59.3170625081282,-43.2629374920716,0 -59.31736158037261,-43.2633330004176,0 -59.32248242982019,-43.2675175701797,0 -59.3266669995823,-43.2709379806033,0 -59.3281855543198,-43.2718144454802,0 -59.3302692951918,-43.2733330002177,0 -59.3342756427067,-43.2757231365135,0 -59.3366670002818,-43.2771513597474,0 -59.3413410719329,-43.2786577070875,0 -59.34230298589399,-43.27896776545,0 -59.34666700008191,-43.2803764572077,0 -59.3488190993219,-43.2811796794986,0 -59.35362744964701,-43.2833330000179,0 -59.3556721266673,-43.2843290936127,0 -59.3566669998821,-43.2848564371748,0 -59.36014600383501,-43.2868120039707,0 -59.3620930252729,-43.2879057540472,0 -59.36666699968221,-43.2904765542496,0 -59.36906690261539,-43.2909330977842,0 -59.37549146326041,-43.2921562423167,0 -59.3766670003817,-43.292380851595,0 -59.377475105092,-43.2925248942084,0 -59.3816645581728,-43.2933329998181,0 -59.3859162677215,-43.2940825118984,0 -59.38666700018189,-43.2942167887737,0 -59.3877241289653,-43.2943901286015,0 -59.3945527424151,-43.295447257385,0 -59.396666999982,-43.2958037027786,0 -59.3992866288748,-43.2959526287108,0 -59.40417554496539,-43.2958256759142,0 -59.4066669997821,-43.2959941324232,0 -59.40924634534251,-43.2959111249984,0 -59.4142500077317,-43.2957499925681,0 -59.4189326247408,-43.2955986249765,0 -59.4245844806892,-43.2954155194107,0 -59.4266670002818,-43.2953471601433,0 -59.42856519302921,-43.2952324138448,0 -59.43517285923999,-43.2948271406599,0 -59.436667000082,-43.294736808257,0 -59.4379218825888,-43.2945878832242,0 -59.4464216387476,-43.2935771405726,0 -59.4466669998821,-43.2935502850176,0 -59.4468598711861,-43.293525871122,0 -59.4484882889034,-43.2933329998181,0 -59.45572949961669,-43.2923954997524,0 -59.4566669996822,-43.2922075117672,0 -59.4582587970058,-43.2917412033938,0 -59.4636213455486,-43.2902885662643,0 -59.4666670003817,-43.2893339763818,0 -59.47106519330401,-43.2877299725602,0 -59.4731953203077,-43.286804679892,0 -59.4766670001819,-43.285403312213,0 -59.4783344808516,-43.2850004806876,0 -59.48258374784171,-43.2833330000179,0 -59.485650154531,-43.2823149332875,0 -59.48666699998201,-43.2819047776833,0 -59.4885493241919,-43.281450675808,0 -59.4939753495827,-43.2806401285391,0 -59.4966669997822,-43.2798124923526,0 -59.5010420000882,-43.2789579997118,0 -59.5020881427536,-43.2787553635691,0 -59.5066669995823,-43.2778618088753,0 -59.5100715405691,-43.2767363199252,0 -59.5166670002818,-43.2733330002177,0 -59.5227753988655,-43.269441398102,0 -59.52666700008191,-43.2669609294034,0 -59.5291450271213,-43.2658110274569,0 -59.5350349201254,-43.2633330004176,0 -59.5361176831845,-43.26278368372,0 -59.5366669998821,-43.2625004809124,0 -59.53761914810509,-43.2623808512952,0 -59.5442426837528,-43.2609086835888,0 -59.54666699968231,-43.2606669844937,0 -59.54999951936231,-43.2600004807376,0 -59.5527790603053,-43.2594438399612,0 -59.5566670003817,-43.2586674723259,0 -59.5611115803351,-43.2577788009509,0 -59.5624995193373,-43.2575004805627,0 -59.56666700018189,-43.2566679610575,0 -59.5707075273304,-43.257373527766,0 -59.5723408283665,-43.257659172233,0 -59.576666999982,-43.2584160074927,0 -59.5808503493641,-43.2591484297562,0 -59.5828291096756,-43.2594951094117,0 -59.5866669997822,-43.2601664964866,0 -59.5890339434617,-43.2609648363581,0 -59.5952338948284,-43.2618998947643,0 -59.5966669995823,-43.2622636642367,0 -59.5974897542487,-43.2625102457512,0 -59.6008100665313,-43.2633330004176,0 -59.60547803538301,-43.2645219644171,0 -59.6066670002818,-43.264712394961,0 -59.6081489337263,-43.2648149338621,0 -59.6147309647621,-43.2652690348381,0 -59.616667000082,-43.2654033126128,0 -59.61888990024859,-43.2655571209643,0 -59.6240852126624,-43.2659135663579,0 -59.6266669998821,-43.2660917895045,0 -59.6293794019378,-43.2660454024733,0 -59.6340070874571,-43.2659916913634,0 -59.6366669996822,-43.2659477459916,0 -59.63895581835629,-43.2656230394717,0 -59.6455317456935,-43.2644682542065,0 -59.64666700038169,-43.2642973551388,0 -59.6474836504501,-43.2641508708659,0 -59.6520039137496,-43.2633330004176,0 -59.65605298625629,-43.262720206872,0 -59.6566670001819,-43.262627433709,0 -59.6574995196871,-43.2625004809124,0 -59.664737068361,-43.2614042891765,0 -59.66666699998201,-43.2611113206309,0 -59.6701582113324,-43.2598417890673,0 -59.6724787679807,-43.2591459880968,0 -59.6766669997822,-43.2572831953631,0 -59.6797590407471,-43.2564262619624,0 -59.68565625783,-43.2543437423698,0 -59.68666699958231,-43.2540288006886,0 -59.6872224199786,-43.2538896404945,0 -59.6894465414247,-43.2533329997181,0 -59.69529126777769,-43.2519584884934,0 -59.6966670002818,-43.2515288005137,0 -59.6988337476793,-43.2511674727007,0 -59.7036909257956,-43.2503569254317,0 -59.70666700008189,-43.2498613207433,0 -59.7111311115115,-43.2488701095679,0 -59.7120722736165,-43.2487382734525,0 -59.7166669998821,-43.2474711835482,0 -59.7195075760138,-43.2461723556696,0 -59.7246662671345,-43.243332999918,0 -59.72592603296,-43.2425932535758,0 -59.72666699968229,-43.2421562424166,0 -59.7288105544635,-43.2411894451367,0 -59.73274854271101,-43.2394145431466,0 -59.7366670003817,-43.2376469652352,0 -59.74033399231979,-43.2369999920559,0 -59.74357129717761,-43.2364287031221,0 -59.74666700018179,-43.2358818280838,0 -59.7488337484787,-43.2354985271353,0 -59.755714851759,-43.2342851483409,0 -59.756666999982,-43.2341166918318,0 -59.75730908984261,-43.2339750899784,0 -59.7611115799354,-43.2333330001178,0 -59.7657148515591,-43.2323808518947,0 -59.7666669997822,-43.2321830972721,0 -59.76790113043279,-43.2320976481878,0 -59.7749470290821,-43.2316118083382,0 -59.7766669995823,-43.2314946212797,0 -59.7786420978545,-43.2313579027449,0 -59.7843012769823,-43.2309672777176,0 -59.7866670002818,-43.2308037027287,0 -59.7892548903009,-43.2307451091994,0 -59.79378003691911,-43.2304472582343,0 -59.7966670000819,-43.2303862230457,0 -59.7989814530316,-43.2310185471682,0 -59.8059992757459,-43.2333330001178,0 -59.8065083082118,-43.2334916917881,0 -59.8066669998821,-43.2335405195793,0 -59.8070844804644,-43.2337504807001,0 -59.8131940994281,-43.236804679992,0 -59.8166669996822,-43.238540519929,0 -59.8198286211939,-43.2401713793057,0 -59.8256855549444,-43.243332999918,0 -59.8263117753681,-43.2436870036523,0 -59.82666700038169,-43.2439091721705,0 -59.8285920486841,-43.2452592694996,0 -59.8322065507916,-43.2477934493082,0 -59.8366670001819,-43.2509208902868,0 -59.8380305252884,-43.2519706949915,0 -59.8397089920763,-43.2533329997181,0 -59.8435896071746,-43.2564091721455,0 -59.84666699998201,-43.2588505778918,0 -59.8491987381312,-43.2608012613691,0 -59.8523176346511,-43.2633330004176,0 -59.8546931227893,-43.2653080977905,0 -59.8566669997822,-43.2669487229052,0 -59.8601997148449,-43.269800285155,0 -59.86434766421329,-43.2733330002177,0 -59.86560010506079,-43.2743998947393,0 -59.86666699958231,-43.2753080975906,0 -59.8707710035789,-43.2774370042143,0 -59.871951424019,-43.2780497968606,0 -59.8766670002818,-43.2804936442662,0 -59.8785371170942,-43.2814628832054,0 -59.8821418534637,-43.2833330000179,0 -59.8851215897895,-43.2848784103103,0 -59.88666700008199,-43.2856791918412,0 -59.89154004673571,-43.2882060466717,0 -59.8917072828648,-43.2882939374152,0 -59.8966669998821,-43.2908647385168,0 -59.8984687574272,-43.291531242273,0 -59.9033320392422,-43.2933329998181,0 -59.9057575764509,-43.2942436443287,0 -59.90666699968229,-43.2945829999055,0 -59.9084528886898,-43.2951201092056,0 -59.9133979566503,-43.2966020426501,0 -59.9166670003817,-43.2975834880875,0 -59.9210896071996,-43.298909171521,0 -59.9227387776724,-43.2994047771087,0 -59.9266670001819,-43.3005839762694,0 -59.9289118734841,-43.3010893475953,0 -59.93632276198579,-43.302988761622,0 -59.936666999982,-43.3030693282868,0 -59.9368781814828,-43.3031205977373,0 -59.937617927825,-43.3033329996182,0 -59.9449311598451,-43.3050688395552,0 -59.9466669997822,-43.3055180590111,0 -59.9495466388662,-43.3062114183223,0 -59.95296338635111,-43.3070366128493,0 -59.9566669995823,-43.3079301675431,0 -59.9610188063727,-43.3089824139072,0 -59.9627277907549,-43.3093950120701,0 -59.9666670002818,-43.3103447186338,0 -59.96883374767929,-43.3111674724009,0 -59.974545417537,-43.3133330003176,0 -59.9760835037507,-43.3139164957497,0 -59.9766670000819,-43.3141386642679,0 -59.9780012288735,-43.3146660078299,0 -59.98329175610959,-43.3167094644702,0 -59.9866669998821,-43.3180961839917,0 -59.9903339918203,-43.3196660081797,0 -59.9950007402919,-43.3216679611075,0 -59.9966669996822,-43.3223808518948,0 -59.9973225173203,-43.3226762620998,0 -59.9987714924104,-43.3233330001178,0 -60.00420728353931,-43.325791495681,0 -60.00666700038169,-43.3269047772337,0 -60.01105664884519,-43.3289433514545,0 -60.0133344805018,-43.3300004802379,0 -60.0166670001819,-43.3315483321897,0 -60.0178767169369,-43.332124503543,0 -60.0205122152665,-43.333332999918,0 -60.0249152906081,-43.3350859296719,0 -60.02666699998199,-43.3357329019518,0 -60.03030347432581,-43.3369706955411,0 -60.03228345501739,-43.3377177659621,0 -60.0366669997822,-43.339048331815,0 -60.0398664629669,-43.3401323161534,0 -60.0449604568595,-43.3416264569954,0 -60.04666699958231,-43.3421660079549,0 -60.0475312579612,-43.3424687422386,0 -60.04999951926241,-43.3433329997181,0 -60.0548945390517,-43.3451054609482,0 -60.0566670002818,-43.345666984144,0 -60.0602570875945,-43.3469243083101,0 -60.0623457108858,-43.3476542889143,0 -60.066667000082,-43.349165519573,0 -60.06964307436831,-43.3503569261312,0 -60.0763899007733,-43.3530571207895,0 -60.0766669998821,-43.3531669846686,0 -60.07678540822,-43.3532158124597,0 -60.0770661702675,-43.3533330004176,0 -60.083800789275,-43.3561992108249,0 -60.08666699968219,-43.3574370035149,0 -60.0907734453382,-43.3592265545618,0 -60.0939411696492,-43.3606059491052,0 -60.0966670003817,-43.361794914004,0 -60.0976557698978,-43.3623442307016,0 -60.0994343339273,-43.3633330002177,0 -60.1017707600125,-43.3682304607671,0 -60.1019599683778,-43.3686259691132,0 -60.10420484168009,-43.3733330000179,0 -60.10364820090369,-43.3763530196761,0 -60.1030305258381,-43.3796953050942,0 -60.10235913876319,-43.383332999818,0 -60.1014716877681,-43.3881376872044,0 -60.1013837970246,-43.3886162029753,0 -60.1005134358463,-43.3933329996182,0 -60.0993269117076,-43.3959916914633,0 -60.0966670003817,-43.3994316324638,0 -60.0950178299089,-43.4016826094648,0 -60.09386060388369,-43.4033330003177,0 -60.0894563063634,-43.4061210857195,0 -60.08666699968219,-43.4072368089315,0 -60.0827168049366,-43.4093828044728,0 -60.07812451943101,-43.4118754805689,0 -60.0766669998821,-43.4126664963617,0 -60.0762348711423,-43.412900871378,0 -60.0754389729302,-43.4133330001178,0 -60.0697529373481,-43.416418937384,0 -60.066667000082,-43.4180961837918,0 -60.06259351367961,-43.4192582931357,0 -60.0600007403419,-43.4200004802379,0 -60.0566670002818,-43.420952628461,0 -60.0547517168183,-43.4214164960744,0 -60.0471186597983,-43.422881339702,0 -60.04666699958231,-43.422981437843,0 -60.0463703689973,-43.423037589713,0 -60.0447627031362,-43.423332999918,0 -60.03792676560771,-43.4245927657435,0 -60.0366669997822,-43.4248246991006,0 -60.0346674885137,-43.4253325120857,0 -60.02988355298359,-43.4265507732995,0 -60.02666699998199,-43.4273686446472,0 -60.0220405348427,-43.4287065354782,0 -60.020988289378,-43.429011710522,0 -60.0166670001819,-43.4302617106094,0 -60.0142536703706,-43.4309184495268,0 -60.006920905975,-43.4330790941249,0 -60.00666700038169,-43.4331498941522,0 -60.0065253985283,-43.433191398764,0 -60.0061543049771,-43.4333329997181,0 -59.999184089674,-43.4358500897098,0 -59.9966669996822,-43.4367582925611,0 -59.99220166787259,-43.4388676677087,0 -59.9901753010492,-43.4398246992504,0 -59.9866669998821,-43.441482414182,0 -59.9854096757159,-43.4420756753521,0 -59.9827461014514,-43.4433330004176,0 -59.9787336502377,-43.4454008709534,0 -59.9766670000819,-43.4467778238375,0 -59.97295606277201,-43.4496220629078,0 -59.9681171957519,-43.4533330002178,0 -59.9672956623649,-43.4539628826809,0 -59.9666670002818,-43.4544438401111,0 -59.961989265692,-43.4586552654281,0 -59.9567915116189,-43.4633330000179,0 -59.956737800509,-43.4634038009446,0 -59.9566669995823,-43.4635014574263,0 -59.95248242982021,-43.469148430056,0 -59.9493830647765,-43.4733329998181,0 -59.9484345776935,-43.4751005777294,0 -59.9466669997822,-43.4785698168435,0 -59.94511670707029,-43.4817827069064,0 -59.9444440996155,-43.4833329996182,0 -59.942963386551,-43.4870366128494,0 -59.9422224198288,-43.4888871990849,0 -59.94044385579929,-43.4933330003176,0 -59.9399677816878,-43.496633781124,0 -59.9393940510945,-43.5006059490053,0 -59.9389997640279,-43.5033330001178,0 -59.940349861357,-43.5070170818728,0 -59.9410566484455,-43.5089433514545,0 -59.942666755966,-43.513332999918,0 -59.94367871899771,-43.5163212816018,0 -59.9454255450528,-43.5220927653688,0 -59.94582471453889,-43.5233329997181,0 -59.9459882886286,-43.5240117108717,0 -59.9466669997822,-43.5277788009508,0 -59.9474799887105,-43.5325200114893,0 -59.9476191480052,-43.5333330004176,0 -59.9485175860177,-43.5351835857538,0 -59.9505769120948,-43.5394218675251,0 -59.9524763261215,-43.5433330002177,0 -59.9535127030488,-43.5464872967513,0 -59.95415479290929,-43.5508207933449,0 -59.9547822346124,-43.5533330000179,0 -59.95499951981201,-43.5550004806876,0 -59.9560004958262,-43.5626664960619,0 -59.9560871661897,-43.563332999818,0 -59.9560700763729,-43.5639311443068,0 -59.955822273579,-43.5724882736149,0 -59.9557978596835,-43.5733329996182,0 -59.9557502522723,-43.5742485274475,0 -59.95498975407381,-43.5816557539099,0 -59.9549140707277,-43.5833330003177,0 -59.95508741055549,-43.5849125902438,0 -59.9551276929886,-43.5917949139041,0 -59.955269294842,-43.5933330001178,0 -59.95546338652601,-43.5945366131741,0 -59.9566669995823,-43.6019999924057,0 -59.95686719496499,-43.6031328045353,0 -59.9568818440218,-43.603332999918,0 -59.9569135819962,-43.6035795823318,0 -59.95800000799391,-43.6119999922058,0 -59.9581721265424,-43.6133329997181,0 -59.9583955154406,-43.6150615155764,0 -59.9591425858616,-43.6208574141383,0 -59.9594624099622,-43.6233330004176,0 -59.9600654377697,-43.6267314377056,0 -59.96063306466411,-43.6293657147559,0 -59.9612751545247,-43.6333330002178,0 -59.96325635559631,-43.6367436449032,0 -59.9666670002818,-43.6416655193482,0 -59.9673457105361,-43.6426542888643,0 -59.9678132401888,-43.6433330000179,0 -59.97033277183991,-43.646999991956,0 -59.9714204182177,-43.6485795818821,0 -59.9746870193904,-43.653332999818,0 -59.97549390462,-43.6545048749,0 -59.9766670000819,-43.6562114176228,0 -59.97956739102221,-43.6604326095772,0 -59.98156201987129,-43.6633329996182,0 -59.9838007894748,-43.6661992109248,0 -59.9866669998821,-43.6698662028629,0 -59.9882307203714,-43.6717705002084,0 -59.9896723713828,-43.6733330003177,0 -59.99339673647021,-43.6766044848091,0 -59.9966669996822,-43.6789360275756,0 -59.9994856035777,-43.6805156175017,0 -60.0045173419018,-43.6833330001178,0 -60.0058955160651,-43.6841044844344,0 -60.00666700038169,-43.6845366131741,0 -60.0092170487278,-43.6858842697432,0 -60.0124238359912,-43.6875761643085,0 -60.0166670001819,-43.689814933912,0 -60.01890821054539,-43.6910917886551,0 -60.0233320386426,-43.693332999918,0 -60.02545240080761,-43.6945463787123,0 -60.02666699998199,-43.6952421796828,0 -60.0306269613652,-43.6972929613011,0 -60.0319868244324,-43.6980131761671,0 -60.0366669997822,-43.700320305038,0 -60.03896558419429,-43.701033194926,0 -60.04621167732701,-43.7033329997181,0 -60.0465363847463,-43.7034623941741,0 -60.04666699958231,-43.703516105284,0 -60.0469599690273,-43.7036259691631,0 -60.05372388434969,-43.7062748943708,0 -60.0566670002818,-43.7073442305518,0 -60.06126538858679,-43.7087358315933,0 -60.0623396071871,-43.7090043871427,0 -60.066667000082,-43.7102153242777,0 -60.06915601323939,-43.7108427659808,0 -60.07593701927799,-43.7126030198135,0 -60.0766669998821,-43.7127885661394,0 -60.07710279066121,-43.7128984300185,0 -60.0788398518776,-43.7133330004176,0 -60.0851081625116,-43.7148906172082,0 -60.08666699968219,-43.7152885663143,0 -60.0892670979981,-43.7159330978342,0 -60.0931220779215,-43.7168779219785,0 -60.0966670003817,-43.7177592692748,0 -60.10098828867849,-43.7190117110216,0 -60.10289868972271,-43.7195634684792,0 -60.1066670001819,-43.7206547768964,0 -60.1086921466252,-43.7213090741544,0 -60.1146992266879,-43.7233330002177,0 -60.1161652906956,-43.7238359298842,0 -60.116666999982,-43.7240117113714,0 -60.11772046672611,-43.7243852456825,0 -60.12354199956361,-43.7264580004363,0 -60.1266669997822,-43.7275712810897,0 -60.1308820880379,-43.7291191330415,0 -60.1333637771166,-43.7300297775521,0 -60.1366669995823,-43.7312431563465,0 -60.1381709061624,-43.7318290934379,0 -60.14202832774509,-43.7333330000179,0 -60.1446149982835,-43.7353837816362,0 -60.1466670002818,-43.7370121993535,0 -60.1501923903665,-43.7398076097334,0 -60.1546369703199,-43.7433329998181,0 -60.15576978334881,-43.7442314378305,0 -60.1566670000819,-43.7449418869585,0 -60.1613459550517,-43.7486528242684,0 -60.1644465413747,-43.7511137614908,0 -60.1666669998821,-43.7528740153235,0 -60.1669563063884,-43.7530424727319,0 -60.1674506915961,-43.7533329996182,0 -60.1732612383154,-43.7567387618843,0 -60.1766669996822,-43.7587358323927,0 -60.1795649489632,-43.7604350510367,0 -60.1845087965437,-43.7633330003177,0 -60.1858198318197,-43.7641801679803,0 -60.1866670003817,-43.7647270430186,0 -60.1909834062591,-43.7676494061951,0 -60.1918037183669,-43.7681962812334,0 -60.1966670001819,-43.7717119064793,0 -60.1977094808079,-43.7722905194918,0 -60.1991657790774,-43.7733330001178,0 -60.203333259922,-43.7766679605579,0 -60.20666699998199,-43.7793339764818,0 -60.2090913168108,-43.7809086839885,0 -60.2128193439376,-43.7833329999179,0 -60.215150886704,-43.7848491129961,0 -60.2166669997821,-43.7858330000928,0 -60.2212116778766,-43.7887871012437,0 -60.22381177529311,-43.7904789958089,0 -60.22666699958229,-43.7923344644639,0 -60.2273115311023,-43.7926884690975,0 -60.2284834061842,-43.7933329997181,0 -60.2335627519194,-43.7964360277004,0 -60.2366670002818,-43.798242667665,0 -60.2404755940734,-43.799524406626,0 -60.244000984158,-43.8006669844937,0 -60.246667000082,-43.8015483317901,0 -60.2480183186904,-43.8019829021891,0 -60.2522211995487,-43.8033330004176,0 -60.2553339923698,-43.8046660079299,0 -60.2566669998821,-43.8052372968637,0 -60.2600007399421,-43.8066679608577,0 -60.262333503988,-43.8076664961118,0 -60.26666699968219,-43.8095244064262,0 -60.2689851155706,-43.8110136639494,0 -60.2725922927001,-43.8133330002178,0 -60.2750727613988,-43.8149272383014,0 -60.2766670003817,-43.8159526291105,0 -60.2807197340285,-43.8192802654718,0 -60.2840473712891,-43.8233330000179,0 -60.2850727620982,-43.8249272381015,0 -60.2866670001819,-43.8274077068002,0 -60.2889851151709,-43.831013664449,0 -60.2904768143534,-43.833332999818,0 -60.28823560309061,-43.8349003832461,0 -60.2866670001819,-43.8359990157419,0 -60.28235303506451,-43.8390190354001,0 -60.2777778402751,-43.8422221597248,0 -60.2766670003817,-43.8430009690194,0 -60.2764765707371,-43.8431425699736,0 -60.27625074017949,-43.8433329996182,0 -60.271177498143,-43.8478422776989,0 -60.26666699968219,-43.8518510659738,0 -60.2657783283072,-43.8524443280432,0 -60.2644453198956,-43.8533330003177,0 -60.2597785723232,-43.8564433514795,0 -60.2566669998821,-43.8585185469933,0 -60.25377881633929,-43.860444816575,0 -60.249445320645,-43.8633330001178,0 -60.2479170001694,-43.8645830002052,0 -60.246667000082,-43.865605949355,0 -60.2424165118125,-43.8690825116486,0 -60.2372224197788,-43.873332999918,0 -60.23693311327251,-43.8735991129087,0 -60.2366670002818,-43.8738456953225,0 -60.2322089925509,-43.8788749919872,0 -60.2282575765259,-43.8833329997181,0 -60.22751050610489,-43.8841752849614,0 -60.22666699958229,-43.8851274331844,0 -60.2231696854326,-43.8898344649886,0 -60.2210529862063,-43.8933330004176,0 -60.2196430740686,-43.8963090738047,0 -60.2166669997821,-43.9025908122161,0 -60.21642896272639,-43.9030937418826,0 -60.21631543770719,-43.9033330002177,0 -60.2137177810507,-43.9103837812864,0 -60.21263135505299,-43.9133330000179,0 -60.2103620687544,-43.9170292891703,0 -60.20926709739861,-43.9207329024015,0 -60.2081965408377,-43.9233329998181,0 -60.2075886306108,-43.9242558517261,0 -60.20666699998199,-43.9259843675845,0 -60.2037153395912,-43.9303813401267,0 -60.2024799885606,-43.9333329996182,0 -60.1990876540719,-43.9357548747876,0 -60.1966670001819,-43.9375004804627,0 -60.1927119221175,-43.9393779222532,0 -60.18898633575079,-43.9410136640493,0 -60.1866670003817,-43.942063468754,0 -60.1858064040423,-43.9424736252575,0 -60.18400098445781,-43.9433330003177,0 -60.17907178503479,-43.9457377847709,0 -60.1766669996822,-43.9468242107687,0 -60.17225904102191,-43.9489238201781,0 -60.1699995195621,-43.9500004804378,0 -60.1666669998821,-43.9515873944426,0 -60.1654450757296,-43.9521098555853,0 -60.1625935134798,-43.9533330001178,0 -60.1583881909622,-43.9550541909981,0 -60.1566670000819,-43.9556523363862,0 -60.1534345785429,-43.9565654216568,0 -60.1507111894698,-43.9573759689258,0 -60.1466670002818,-43.9584721597623,0 -60.1427778398254,-43.9594438394616,0 -60.1398151933164,-43.9601860274632,0 -60.1366669995823,-43.9609721599372,0 -60.134778572573,-43.9614433516293,0 -60.1272248609385,-43.963332999918,0 -60.126746346067,-43.9634135665828,0 -60.1266669997822,-43.9634257730809,0 -60.1265559164224,-43.9634453045571,0 -60.11817578898139,-43.9648417889174,0 -60.116666999982,-43.9650932537506,0 -60.1145551831751,-43.9654448167249,0 -60.10960401151589,-43.9662700121513,0 -60.1066670001819,-43.966758292761,0 -60.1024262776506,-43.9675737224493,0 -60.1011738359037,-43.9678398363393,0 -60.0966670003817,-43.9686650308664,0 -60.0926374593512,-43.9693022383076,0 -60.09033155086041,-43.9696684494393,0 -60.08666699968219,-43.9702495041113,0 -60.0840058670771,-43.9706718671129,0 -60.07844678519091,-43.9715532144093,0 -60.0766669998821,-43.9718364181161,0 -60.0753889238597,-43.9720561449751,0 -60.0685749585675,-43.9733329997181,0 -60.0669465408502,-43.9736137617656,0 -60.066667000082,-43.9736625895568,0 -60.06630078895019,-43.9736992108499,0 -60.05781079852951,-43.9744755784851,0 -60.0566670002818,-43.974595207203,0 -60.0553083575946,-43.9746904220253,0 -60.0483820876632,-43.9750468674189,0 -60.04666699958231,-43.9751762618749,0 -60.04472241980379,-43.975278800776,0 -60.0389179767832,-43.9755839767191,0 -60.0366669997822,-43.9757011637777,0 -60.0344355542574,-43.9755644452429,0 -60.0285371167944,-43.9752031174299,0 -60.02666699998199,-43.9750883711314,0 -60.025098396174,-43.9749028239062,0 -60.0173139724618,-43.9739799728974,0 -60.0166670001819,-43.973904288652,0 -60.0161347733011,-43.9738652265989,0 -60.0118464433586,-43.9733329997181,0 -60.00724073007561,-43.9727592691249,0 -60.00666700038169,-43.9726884690975,0 -60.0059492262757,-43.9726152265114,0 -59.99781812290799,-43.9721806561124,0 -59.9966669996822,-43.9720512616564,0 -59.9950446856637,-43.9717094644202,0 -59.9893855056366,-43.9706132735837,0 -59.9866669998821,-43.9700175707542,0 -59.9823017653142,-43.9689677660495,0 -59.9812788161644,-43.9687211836357,0 -59.9766670000819,-43.9676127854017,0 -59.97326245909521,-43.9667387612848,0 -59.9688483967361,-43.9655131759922,0 -59.9666670002818,-43.9649370037397,0 -59.96540235113749,-43.9645976481629,0 -59.96108838691949,-43.963332999918,0 -59.95770215612961,-43.9622978433707,0 -59.9566669995823,-43.9619218674002,0 -59.9546589429558,-43.9613261636715,0 -59.94999219538351,-43.9600078043167,0 -59.9466669997822,-43.9589750894288,0 -59.94228833833609,-43.9577104411838,0 -59.9405415113816,-43.9572075115174,0 -59.936666999982,-43.9560893475453,0 -59.9343916090854,-43.9556083910144,0 -59.92748120859081,-43.9541459881468,0 -59.9266670001819,-43.9539750899784,0 -59.92612012514359,-43.9538798751561,0 -59.92296094529141,-43.9533330001178,0 -59.9176374588017,-43.9523613204186,0 -59.9166670003817,-43.9521196213234,0 -59.9148396076617,-43.9515068277778,0 -59.9100190508385,-43.9499809489616,0 -59.90666699968229,-43.9487871016434,0 -59.902528816052,-43.9474711839479,0 -59.9000007399421,-43.9466679607577,0 -59.8966669998821,-43.9456059495549,0 -59.8947431719598,-43.94525682824,0 -59.887222419579,-43.9438896401947,0 -59.88666700008199,-43.9437871012937,0 -59.8862324296828,-43.9437675707168,0 -59.8841657795271,-43.9433330003177,0 -59.8778205642676,-43.9421782150525,0 -59.8766670002818,-43.9419706955911,0 -59.8752387770479,-43.9419047770838,0 -59.8672553792323,-43.9427446206677,0 -59.86666699958231,-43.942708000274,0 -59.86629956807059,-43.9429667891859,0 -59.8659773023106,-43.9433330003177,0 -59.8610932695387,-43.9477592691749,0 -59.8566669997822,-43.9517705000085,0 -59.8557502515728,-43.9524150315285,0 -59.8549433672426,-43.9533330001178,0 -59.8506013261902,-43.957268546706,0 -59.84666699998201,-43.9608329997431,0 -59.845199714695,-43.961865714631,0 -59.84390821089519,-43.963332999918,0 -59.8432868728908,-43.9667143473892,0 -59.8427827228443,-43.9694487225805,0 -59.8420686116771,-43.9733329997181,0 -59.8430634839925,-43.9769365157076,0 -59.8441267164748,-43.9807914965303,0 -59.8448274007639,-43.9833330004176,0 -59.8450166091292,-43.9849833903711,0 -59.8447614822566,-43.9914287028723,0 -59.8449274980056,-43.9933330002177,0 -59.84535962674531,-43.9946415938344,0 -59.84666699998201,-43.999788078457,0 -59.84735425559439,-44.0026469647855,0 -59.84751905096341,-44.0033330000179,0 -59.8521369707445,-44.0078618086755,0 -59.8566669997822,-44.0121391524999,0 -59.8572993239046,-44.0127006756956,0 -59.85806958784121,-44.013332999818,0 -59.8628681715289,-44.0171318278715,0 -59.86666699958231,-44.0201396410316,0 -59.86842969507429,-44.0215703050255,0 -59.8705988850305,-44.0233329996182,0 -59.873946052868,-44.026052726652,0 -59.8766670002818,-44.0282646407006,0 -59.8794636310417,-44.0305351482784,0 -59.88290601370149,-44.0333330003177,0 -59.8852290120092,-44.0347709883903,0 -59.88666700008199,-44.0356621014248,0 -59.89140576986029,-44.0385942303394,0 -59.892779060705,-44.0394438396614,0 -59.8966669998821,-44.0418510666734,0 -59.897606941607,-44.0423930583929,0 -59.8992353593243,-44.0433330001178,0 -59.9039484939278,-44.0460502854922,0 -59.90666699968229,-44.0476201096803,0 -59.9102729573311,-44.0497270431684,0 -59.9159760818306,-44.053332999918,0 -59.91638379667479,-44.0536162027256,0 -59.9166670003817,-44.0538456953225,0 -59.9211201247939,-44.0577861252294,0 -59.9216999590858,-44.058298820634,0 -59.9266670001819,-44.0626933515169,0 -59.92701734187681,-44.0629838793025,0 -59.9274409261578,-44.0633329997181,0 -59.93210645335011,-44.0678935472494,0 -59.936666999982,-44.0723491133209,0 -59.9372016676228,-44.0727983318775,0 -59.93783643340461,-44.0733330004176,0 -59.9424238355915,-44.077576163709,0 -59.9466669997822,-44.081499503799,0 -59.94767163873509,-44.0823295816448,0 -59.949195075892,-44.0833330002177,0 -59.9539240799323,-44.0860771402478,0 -59.9566669995823,-44.087500480163,0 -59.96060620910921,-44.0893950117703,0 -59.964693123289,-44.091357902645,0 -59.9666670002818,-44.0923076092088,0 -59.967407967004,-44.0925932536757,0 -59.9693330153063,-44.0933330000179,0 -59.9742487869519,-44.0957499918686,0 -59.9766670000819,-44.0969389567674,0 -59.980952888365,-44.099048331915,0 -59.9837641681818,-44.1004301681177,0 -59.9866669998821,-44.1018583904523,0 -59.9876508869788,-44.1023491136207,0 -59.9896662676841,-44.1033329998181,0 -59.9938093337337,-44.1061894453866,0 -59.9966669996822,-44.1068339769064,0 -60.00078443145631,-44.1074516519721,0 -60.0023005445345,-44.1077006760453,0 -60.00666700038169,-44.1083330001678,0 -60.0105659256769,-44.109434074323,0 -60.0134711990366,-44.1101371993722,0 -60.0166670001819,-44.1109843670349,0 -60.01847974384499,-44.111521476335,0 -60.02461499798369,-44.1133329996182,0 -60.0261872638311,-44.1138115153891,0 -60.02666699998199,-44.113938469085,0 -60.0274677815129,-44.1141337811491,0 -60.03422803479591,-44.1157719646044,0 -60.0366669997822,-44.1163627850145,0 -60.0402070389236,-44.1168730387597,0 -60.0427741779859,-44.1172270433933,0 -60.04666699958231,-44.1177958906678,0 -60.0514033277014,-44.1185966721986,0 -60.05205152126061,-44.1187187425759,0 -60.0566670002818,-44.1195244065261,0 -60.0598664625671,-44.120132316753,0 -60.0643147054593,-44.1209794844156,0 -60.066667000082,-44.1214287029722,0 -60.0682050862957,-44.121794914104,0 -60.07466626733439,-44.1233330003176,0 -60.0762824785535,-44.1237187420263,0 -60.0766669998821,-44.1238090744292,0 -60.0772919999258,-44.1239580003614,0 -60.0843586504313,-44.1256401291886,0 -60.08666699968219,-44.1261894449868,0 -60.0903034749254,-44.1269706950415,0 -60.0925849686213,-44.1274150311787,0 -60.0966670003817,-44.1283329997681,0 -60.1001862867677,-44.1298149332126,0 -60.1059834066089,-44.1326494065448,0 -60.1066670001819,-44.1329667889861,0 -60.1068940511195,-44.1331059491802,0 -60.1072468335745,-44.1333330001178,0 -60.107036873353,-44.1337040936689,0 -60.1066670001819,-44.1343583909269,0 -60.1029829175276,-44.139648918163,0 -60.10041699974471,-44.143332999918,0 -60.09887769315101,-44.1455424723072,0 -60.0966670003817,-44.1487187419763,0 -60.0940583576071,-44.1507255782228,0 -60.0906672443978,-44.1533329997181,0 -60.08866773223,-44.1553325118859,0 -60.08666699968219,-44.1590483316152,0 -60.0853632893842,-44.1620292892203,0 -60.0847919995511,-44.1633330004176,0 -60.0800007399421,-44.1666655191983,0 -60.0766669998821,-44.1689848554666,0 -60.07410352375859,-44.1707695231949,0 -60.0704182207243,-44.1733330002177,0 -60.0679438557243,-44.1746098558601,0 -60.066667000082,-44.1752690355375,0 -60.0620380941826,-44.1787040941186,0 -60.0591657791773,-44.1808354415024,0 -60.0566670002818,-44.182688468498,0 -60.05630078915,-44.1829667888862,0 -60.0558454668948,-44.1833330000179,0 -60.050907723013,-44.1875737225492,0 -60.04666699958231,-44.1916044839597,0 -60.0449384846233,-44.193332999818,0 -60.04063184358471,-44.1972978436206,0 -60.0366669997822,-44.2009453049818,0 -60.03532910895121,-44.2019951096865,0 -60.0336237875077,-44.2033329996182,0 -60.02947339648,-44.2061406173955,0 -60.02666699998199,-44.2080375897629,0 -60.0233942951106,-44.2100590741669,0 -60.01809522251649,-44.2133330003177,0 -60.0171931233639,-44.2138603438797,0 -60.0166670001819,-44.214121574451,0 -60.0153034741759,-44.2146953050442,0 -60.0102387774975,-44.2169047774335,0 -60.00666700038169,-44.2183329997681,0 -60.00274488067171,-44.2194121016871,0 -59.9997700276646,-44.2202299730348,0 -59.9966669996822,-44.2210820231168,0 -59.9945734939715,-44.2212407147871,0 -59.98828809352069,-44.2217119064792,0 -59.9866669998821,-44.2218339768565,0 -59.9850666580998,-44.2217338787155,0 -59.977619148305,-44.2223808518947,0 -59.9766670000819,-44.2222978435706,0 -59.9752387777473,-44.2219047777832,0 -59.9696394125288,-44.2203593674908,0 -59.9666670002818,-44.2195390544837,0 -59.96385450008509,-44.2161454996151,0 -59.9615241776986,-44.2133330003177,0 -59.9593232497681,-44.2106767501319,0 -59.9566669995823,-44.2074711832485,0 -59.95479200035049,-44.2052079997493,0 -59.9532380447,-44.2033329996182,0 -59.9510334547301,-44.1989653242902,0 -59.9497431722096,-44.1964091722455,0 -59.94819043783839,-44.193332999818,0 -59.9478254470867,-44.1921733321335,0 -59.9466669997822,-44.1880009688696,0 -59.9457136311791,-44.184285148241,0 -59.9455280839539,-44.1833330000179,0 -59.9453327718899,-44.1819999925056,0 -59.9443964922043,-44.1756035077956,0 -59.9440644607063,-44.1733330002177,0 -59.9428559652306,-44.1695219647668,0 -59.9422834550174,-44.1677153239031,0 -59.9408942947359,-44.1633330004176,0 -59.939215827948,-44.1607841715522,0 -59.936666999982,-44.1569145425721,0 -59.9352985915567,-44.1547026285235,0 -59.93445264427411,-44.1533329997181,0 -59.9308649977214,-44.1475297770775,0 -59.9282697836236,-44.143332999918,0 -59.9276045002475,-44.1423954998524,0 -59.9266670001819,-44.1417314377556,0 -59.92307813324921,-44.1397441329853,0 -59.9213056720191,-44.1386943282806,0 -59.9166670003817,-44.1365385661019,0 -59.9143525465328,-44.1356474530675,0 -59.9083332599719,-44.1333330001178,0 -59.90734937287521,-44.1326494065448,0 -59.90666699968229,-44.1323979417116,0 -59.9057368245947,-44.132402824131,0 -59.8995783769405,-44.1304204026794,0 -59.8966669998821,-44.1304277267581,0 -59.8935859450353,-44.130251945271,0 -59.8902277910797,-44.1297734295001,0 -59.88666700008199,-44.1296025313317,0 -59.8823750081001,-44.129041008136,0 -59.88112256635329,-44.128877433147,0 -59.8766670002818,-44.128293937715,0 -59.8722810138577,-44.1277202071218,0 -59.8708674396806,-44.1275346598966,0 -59.86666699958231,-44.1269829024389,0 -59.86252271315271,-44.1274760663673,0 -59.860993172297,-44.1276591719332,0 -59.8566669997822,-44.1281743089971,0 -59.8520576253591,-44.1287236247954,0 -59.851171394744,-44.1288286053558,0 -59.84666699998201,-44.129365714656,0 -59.8430695876913,-44.1297368082071,0 -59.8398774494847,-44.130122550815,0 -59.8366670001819,-44.1304643480512,0 -59.8344795000289,-44.1311454999648,0 -59.8300629960104,-44.1333330001178,0 -59.827899909753,-44.1345659103884,0 -59.82666700038169,-44.1352690354376,0 -59.8221211019073,-44.1387871014435,0 -59.8180964432961,-44.141902335924,0 -59.8166669996822,-44.143010734158,0 -59.81648999781509,-44.1431572184308,0 -59.8162983477904,-44.143332999918,0 -59.8126643142067,-44.1473344650135,0 -59.8117097243243,-44.1483769456395,0 -59.808059822203,-44.1533329997181,0 -59.8075153888241,-44.1541826090401,0 -59.8066669998821,-44.1555034100543,0 -59.8041547932091,-44.1608207928452,0 -59.80296704869029,-44.1633330004176,0 -59.801763435634,-44.1682353433864,0 -59.80172559396091,-44.1683915933973,0 -59.80051343554659,-44.1733330002177,0 -59.80006421699,-44.1767314375058,0 -59.7995783771403,-44.1804228433395,0 -59.7991938558118,-44.1833330000179,0 -59.7988996659868,-44.1855668863027,0 -59.79805860112349,-44.1919413987765,0 -59.79787549645701,-44.193332999818,0 -59.7979682696199,-44.194634269356,0 -59.7980537187041,-44.201946280996,0 -59.79816602334319,-44.2033329996182,0 -59.8011103596553,-44.2077763591916,0 -59.8015522541332,-44.2084477462664,0 -59.8048713460357,-44.2133330003177,0 -59.80559033962239,-44.2144096605774,0 -59.8066669998821,-44.2160258708972,0 -59.8100300371564,-44.2199711832235,0 -59.81300000774411,-44.2233330001178,0 -59.8147028884275,-44.2252983317526,0 -59.8166669996822,-44.227563956911,0 -59.81932202948799,-44.2306791913915,0 -59.821667000032,-44.233332999918,0 -59.8256648030882,-44.2343339768315,0 -59.82666700038169,-44.2346049722416,0 -59.8284675375468,-44.235132316703,0 -59.8337556231235,-44.2362455973564,0 -59.8366670001819,-44.2373295816948,0 -59.84141919683841,-44.2385820234416,0 -59.84256543764479,-44.2392314373809,0 -59.84666699998201,-44.2409941328729,0 -59.8487666093915,-44.2412333903087,0 -59.8553144607937,-44.2419804607296,0 -59.8566669997822,-44.2421342699805,0 -59.8577424396618,-44.2422563394584,0 -59.8666010819743,-44.2432670821101,0 -59.86666699958231,-44.2432744061888,0 -59.8667255940109,-44.2432744061888,0 -59.87652173638901,-44.2431889571046,0 -59.8766670002818,-44.2431865154453,0 -59.8768147049346,-44.2431865154453,0 -59.88643506672489,-44.2431010663611,0 -59.88666700008199,-44.2430986247017,0 -59.8868623121459,-44.2431376876541,0 -59.88724195105521,-44.2433329997181,0 -59.8923505940046,-44.2476494064949,0 -59.8962251054043,-44.2528911050404,0 -59.89657178505979,-44.2533330004176,0 -59.8966669998821,-44.2534892504285,0 -59.9013874585643,-44.2586113202562,0 -59.9057380449748,-44.2633330002178,0 -59.90601270332349,-44.2639872965764,0 -59.90666699968229,-44.2655375901876,0 -59.90947095542019,-44.2705278238999,0 -59.9110468824077,-44.2733330000179,0 -59.91209302507299,-44.2779081957066,0 -59.9123457111856,-44.2790117106219,0 -59.9133332594224,-44.2833329998181,0 -59.91363599370611,-44.2863627852143,0 -59.91353833812379,-44.2902055586396,0 -59.91378736129759,-44.2933329996182,0 -59.9141157307564,-44.2958842692436,0 -59.9148408280417,-44.3015068279777,0 -59.9150752030581,-44.3033330003177,0 -59.915554939209,-44.304443840211,0 -59.9166670003817,-44.307019523732,0 -59.9184943922024,-44.3115068277779,0 -59.9190986403899,-44.3133330001178,0 -59.9199091876588,-44.316575187395,0 -59.9206562580798,-44.3193437422199,0 -59.9216023026041,-44.323332999918,0 -59.9224860915598,-44.3275126872607,0 -59.9229267656577,-44.3295927651939,0 -59.9237177814504,-44.3333329997181,0 -59.9228327712154,-44.3371660074053,0 -59.9223957600562,-44.3390605390126,0 -59.9214106525795,-44.3433330004176,0 -59.9203303302805,-44.346995109037,0 -59.9186665116502,-44.35133348805,0 -59.91799024215591,-44.3533330002177,0 -59.91751660970371,-44.3541826095397,0 -59.9166670003817,-44.3552080003489,0 -59.9085419998134,-44.3633330000179,0 -59.9075239339823,-44.3641899334186,0 -59.90666699968229,-44.364912589944,0 -59.9025471271482,-44.3692119060046,0 -59.8986005935425,-44.373332999818,0 -59.8976179277252,-44.3742827072811,0 -59.8966669998821,-44.3752031175298,0 -59.89319532000799,-44.3798613206434,0 -59.8906062087095,-44.3833329996182,0 -59.88900464654719,-44.3856718673628,0 -59.88666700008199,-44.389644035244,0 -59.8853706129634,-44.3920366131991,0 -59.8847187573647,-44.3933330003177,0 -59.8833332600219,-44.3966655190984,0 -59.8823554766239,-44.3990214766598,0 -59.8805647051969,-44.4033330001178,0 -59.8798945394014,-44.4065605392374,0 -59.87944043752611,-44.4105595626737,0 -59.8789472735978,-44.413332999918,0 -59.8790412671407,-44.4157060472962,0 -59.8797688069848,-44.4202299726351,0 -59.8798640218071,-44.4233329997181,0 -59.8803974690679,-44.4270634685042,0 -59.8807148515091,-44.4292851482909,0 -59.88129224414169,-44.4333330004176,0 -59.88234937292519,-44.437649406295,0 -59.8827924886824,-44.4394584879188,0 -59.8837421952461,-44.4433330002178,0 -59.8843171462193,-44.4456840744604,0 -59.8860358963395,-44.4527031175548,0 -59.8861909259704,-44.4533330000179,0 -59.8862836991333,-44.4537163009664,0 -59.88666700008199,-44.4552788010758,0 -59.88825147242749,-44.4617485274725,0 -59.88863965669471,-44.463332999818,0 -59.89199781065039,-44.4680009686697,0 -59.8933479079796,-44.470015128995,0 -59.8956049886792,-44.4733329996182,0 -59.8960883868695,-44.4739116135301,0 -59.8966669998821,-44.4746928635847,0 -59.9008161696305,-44.4791826092899,0 -59.904650398597,-44.4833330003177,0 -59.90561963663681,-44.484380363363,0 -59.90666699968229,-44.485515617152,0 -59.910752693482,-44.4892485275975,0 -59.9152241289903,-44.4933330001178,0 -59.91597852349,-44.4940214770095,0 -59.9166670003817,-44.4946513594726,0 -59.9212043534981,-44.4987968671816,0 -59.9261701742141,-44.503332999918,0 -59.9264069899905,-44.50359178883,0 -59.9266670001819,-44.504016593491,0 -59.9299885328444,-44.5100102457762,0 -59.9314899977651,-44.5133329997181,0 -59.9329316487765,-44.517068351823,0 -59.9345197831614,-44.5211845623177,0 -59.9353486406272,-44.5233330004176,0 -59.93571485175899,-44.5242851486407,0 -59.936666999982,-44.5267509691818,0 -59.9388435140169,-44.5311577074622,0 -59.9399177326172,-44.5333330002177,0 -59.939344002024,-44.5360112226398,0 -59.9379231037682,-44.5420756758517,0 -59.93764478338,-44.5433330000179,0 -59.93745191207601,-44.5441166917319,0 -59.936666999982,-44.5471635660457,0 -59.9357795489869,-44.552444328443,0 -59.9356306230547,-44.553332999818,0 -59.935420661934,-44.5545781174861,0 -59.9343403396349,-44.5610063401704,0 -59.93394971460761,-44.5633329996182,0 -59.9343537674124,-44.5656450118078,0 -59.93550733229749,-44.5721733317338,0 -59.9357111897196,-44.5733330003177,0 -59.9359333573385,-44.5740654216818,0 -59.936666999982,-44.5764824144318,0 -59.9390009844079,-44.580999015692,0 -59.9404035724668,-44.5833330001178,0 -59.9426142652361,-44.5873857346639,0 -59.9448872144733,-44.5915532146091,0 -59.9458576737925,-44.5933329999179,0 -59.9462397534618,-44.5937602462383,0 -59.9466669997822,-44.5942387620092,0 -59.95096021304331,-44.5990410077363,0 -59.95479810314989,-44.6033329997181,0 -59.955943122677,-44.6040580979029,0 -59.9566669995823,-44.6045219646169,0 -59.96019239056631,-44.6068583907021,0 -59.9619709554951,-44.6080278241247,0 -59.9666670002818,-44.6112211836107,0 -59.96823560319051,-44.6117656169896,0 -59.97151441176071,-44.6133330004176,0 -59.9751032795926,-44.6148954996276,0 -59.9766670000819,-44.6155766524405,0 -59.98010205866299,-44.6167680589987,0 -59.9825422440293,-44.617456534991,0 -59.9866669998821,-44.6191972582469,0 -59.9899519121509,-44.6200468675688,0 -59.9950800856774,-44.6217460862128,0 -59.9966669996822,-44.6222075121669,0 -59.99756909973411,-44.6224296797859,0 -60.0012116777767,-44.6233330002178,0 -60.0055451734709,-44.6244536058492,0 -60.00666700038169,-44.6250371012812,0 -60.0115461507342,-44.6282109292909,0 -60.0116950757671,-44.6283061441132,0 -60.0166670001819,-44.6320268480605,0 -60.0173835530085,-44.6326152268113,0 -60.0182539141867,-44.6333330000179,0 -60.01747998821081,-44.6341459880469,0 -60.0166670001819,-44.6349980390282,0 -60.01250074061661,-44.6391655198728,0 -60.0078950273336,-44.643332999818,0 -60.0072102124812,-44.6438749924369,0 -60.00666700038169,-44.6442314378306,0 -60.0027778399253,-44.6472221602745,0 -60.0015217361392,-44.648188956655,0 -59.9966669996822,-44.6519218671004,0 -59.9959968338867,-44.6526616134427,0 -59.99544507642909,-44.6533329996182,0 -59.9913691483675,-44.6580351481036,0 -59.9875019610466,-44.6624980391531,0 -59.9867780841412,-44.6633330003177,0 -59.9866669998821,-44.6635038984861,0 -59.9827741773863,-44.669441398002,0 -59.9802229077609,-44.6733330001178,0 -59.9788813557899,-44.6755473558258,0 -59.9766670000819,-44.6787114180974,0 -59.9746601638354,-44.6813261636715,0 -59.9730012285238,-44.683332999918,0 -59.97007276164861,-44.6867387612847,0 -59.9666670002818,-44.6906987226679,0 -59.9659760817307,-44.6926420820664,0 -59.9657307205962,-44.6933329997181,0 -59.9655598224278,-44.6944413988514,0 -59.9644270093989,-44.7010917891547,0 -59.9640937575209,-44.7033330004176,0 -59.9645576251343,-44.7054423746658,0 -59.9657978594836,-44.7124638594195,0 -59.9659760817307,-44.7133330002177,0 -59.96607617987179,-44.7139238206278,0 -59.9666670002818,-44.7173906171832,0 -59.9682563550467,-44.7217436443536,0 -59.96883618933861,-44.7233330000179,0 -59.9700837477667,-44.7267485271228,0 -59.97093091632869,-44.7290703050505,0 -59.9724873127392,-44.7333329998181,0 -59.9746015703062,-44.7353984295938,0 -59.9766670000819,-44.7377226482815,0 -59.9794038160332,-44.7405961836669,0 -59.9820100171485,-44.7433329996182,0 -59.9843659747099,-44.7456328044104,0 -59.9866669998821,-44.7482231369881,0 -59.98915967597821,-44.7508403242215,0 -59.9915339437365,-44.7533330003177,0 -59.9941303791136,-44.7558696208862,0 -59.9966669996822,-44.7587236247954,0 -59.9997346267516,-44.7602641526685,0 -60.0053120197339,-44.7633330001178,0 -60.00594190219699,-44.7640580974032,0 -60.00666700038169,-44.7663579021954,0 -60.00941846449051,-44.7705815349099,0 -60.0112116775768,-44.773332999918,0 -60.01266675546629,-44.7773344650135,0 -60.0124995193373,-44.7791655197729,0 -60.0132575758764,-44.7833329997181,0 -60.0142854083449,-44.7857133711751,0 -60.0166670001819,-44.7912285076894,0 -60.0174360428391,-44.7925639568611,0 -60.0175752030332,-44.7933330004176,0 -60.0174030835854,-44.7940678634411,0 -60.0166670001819,-44.7972026284984,0 -60.0155012287986,-44.8021684492145,0 -60.01522779082979,-44.8033330002177,0 -60.0102094802833,-44.8068754801193,0 -60.00666700038169,-44.8100981368195,0 -60.0053437577082,-44.8120097582437,0 -60.0045149002424,-44.8133330000179,0 -60.0016169509615,-44.8182817309171,0 -60.001474128728,-44.8185258707722,0 -59.9986591877712,-44.823332999818,0 -59.9979231034684,-44.8245878832242,0 -59.9966669996822,-44.8267338787654,0 -59.9947871171317,-44.8314531170677,0 -59.9940376050514,-44.8333329996182,0 -59.9928632892094,-44.8371367109904,0 -59.992240730825,-44.8389067305611,0 -59.99103101407,-44.8433330003177,0 -59.9898762288049,-44.8465434496205,0 -59.9881794509209,-44.851821769459,0 -59.98766431475631,-44.8533330001178,0 -59.9873969804862,-44.8540629807219,0 -59.9866669998821,-44.8560478438329,0 -59.98466992937369,-44.8613359294096,0 -59.9839912191194,-44.863332999918,0 -59.9834516681599,-44.8665483316402,0 -59.9829389727553,-44.8696049725914,0 -59.9823127523316,-44.8733329997181,0 -59.9820576245597,-44.8779423750406,0 -59.9820246662053,-44.8786894454615,0 -59.9817597735947,-44.8833330004176,0 -59.9816670004317,-44.888332999868,0 -59.98156934395,-44.8933330002177,0 -59.98212476344699,-44.8978740153735,0 -59.98225293752301,-44.8989189376588,0 -59.9827937088625,-44.9033330000179,0 -59.9837348709674,-44.9062651289325,0 -59.9861091387257,-44.9127739182817,0 -59.9863007887504,-44.9133329998181,0 -59.98637158967711,-44.9136284100231,0 -59.9866669998821,-44.9145195230575,0 -59.98869458798481,-44.9213066327948,0 -59.9893891676759,-44.9233329996182,0 -59.9902534260547,-44.9269194257908,0 -59.9906953205326,-44.9293046796672,0 -59.99181836692411,-44.9333330003176,0 -59.9924567947452,-44.9375444256347,0 -59.99280347440081,-44.939468253557,0 -59.9934187087064,-44.9433330001178,0 -59.9939533772465,-44.9460454021735,0 -59.9951911699365,-44.9518559488929,0 -59.99549024218091,-44.953332999918,0 -59.9956989820224,-44.9543022379578,0 -59.9966669996822,-44.958789542903,0 -59.9979377516259,-44.9620634690538,0 -59.9984309164536,-44.9633329997181,0 -59.9979401932853,-44.9646074137011,0 -59.9966669996822,-44.972422355907,0 -59.996580330218,-44.9732451096741,0 -59.9965730061393,-44.9733330004176,0 -59.9965363848463,-44.9734623948736,0 -59.99421826985719,-44.9808842694934,0 -59.9935896077741,-44.9833330002177,0 -59.9922761308387,-44.9877226486813,0 -59.99199536879119,-44.9886625895069,0 -59.9905988844309,-44.9933330000179,0 -59.98971265471519,-44.996379875231,0 -59.9881123129328,-45.0018876876666,0 -59.9876923906912,-45.003332999818,0 -59.98747266383229,-45.0041386637683,0 -59.9866669998821,-45.00708300008031,0 -59.9853303303304,-45.0119975504465,0 -59.9849763265961,-45.01333299961819,0 -59.9844196858198,-45.01558153495979,0 -59.983296638529,-45.0199614176852,0 -59.9824799884607,-45.0233330003177,0 -59.9813874587642,-45.02805223861991,0 -59.9812190022551,-45.02878221832469,0 -59.98016553551099,-45.0333330001178,0 -59.9805866781326,-45.0372514568892,0 -59.9807966383541,-45.0392045820258,0 -59.98123975411129,-45.043332999918,0 -59.9818964921294,-45.0481035076707,0 -59.98199292733171,-45.048660148447,0 -59.982678962564,-45.05333299971809,0 -59.9833295977827,-45.0566704027169,0 -59.9842378006339,-45.0609038011694,0 -59.984727302523,-45.0633330004176,0 -59.98508252753659,-45.0649174727631,0 -59.9866669998821,-45.0719829019893,0 -59.986914802676,-45.0730864178039,0 -59.9869697341659,-45.0733330002178,0 -59.98705884528939,-45.0737236252451,0 -59.9887653889115,-45.0812333906085,0 -59.9892426834031,-45.0833330000179,0 -59.9895576250843,-45.08622362522009,0 -59.9895136797125,-45.0904863199876,0 -59.9899201741766,-45.093332999818,0 -59.99000684364079,-45.09667284357679,0 -59.98981031029749,-45.1001909104821,0 -59.9899067463992,-45.1033329996182,0 -59.990773445538,-45.1074394452741,0 -59.99108594555991,-45.1089140546398,0 -59.9920185623068,-45.1133330003177,0 -59.9927619706884,-45.11723924969161,0 -59.9933637772165,-45.1200297776521,0 -59.9940192948545,-45.12333300011781,0 -59.994329353217,-45.125671866963,0 -59.99553418755269,-45.1322001877884,0 -59.9956989820224,-45.13333299991799,0 -59.9958100662815,-45.1341899333187,0 -59.9966669996822,-45.1408354412026,0 -59.99696729320599,-45.1430327070937,0 -59.9970075765384,-45.1433329997181,0 -59.9970612867489,-45.1437285080642,0 -59.99816724422289,-45.151833976257,0 -59.998371101645,-45.1533330004176,0 -59.9987360914974,-45.1554008709534,0 -59.9994648517215,-45.1605351481785,0 -59.9999995193623,-45.1633330002177,0 -59.9993806230173,-45.1660454022734,0 -59.9966669996822,-45.1710478433832,0 -59.9960358968391,-45.1727006758954,0 -59.9957978597833,-45.17333300001789,0 -59.9943147050595,-45.1756865159199,0 -59.9922627030613,-45.1789287031971,0 -59.98951612137189,-45.183332999818,0 -59.9884162675966,-45.1850810471526,0 -59.9866669998821,-45.18786425013501,0 -59.9845478589964,-45.19121385963191,0 -59.98322583760229,-45.19333299961819,0 -59.9807880938954,-45.1974540934316,0 -59.9782465900081,-45.20175341039149,0 -59.9773127519819,-45.2033330003177,0 -59.977093025123,-45.2037578049787,0 -59.9766670000819,-45.2045830004051,0 -59.9736884841362,-45.2103544841721,0 -59.9721503988218,-45.2133330001178,0 -59.97028394314939,-45.2169511642648,0 -59.9673335040379,-45.22266649616179,0 -59.9669892660418,-45.2233329999179,0 -59.9668781817826,-45.22354540269809,0 -59.9666670002818,-45.2239579999617,0 -59.9648322834831,-45.23149706253929,0 -59.9643598714109,-45.2333329997181,0 -59.9648261797843,-45.2351738202156,0 -59.9666670002818,-45.242424796667,0 -59.9669795003036,-45.2430205003957,0 -59.96714307439331,-45.24333300041761,0 -59.967666755916,-45.24433153477249,0 -59.9704169996448,-45.24958299995551,0 -59.97238111089951,-45.2533330002178,0 -59.9736884841362,-45.2563115152642,0 -59.9756525953909,-45.2623173749469,0 -59.97603345468009,-45.2633330000179,0 -59.9763203204264,-45.26367967967339,0 -59.9766670000819,-45.2641337815488,0 -59.9805744707352,-45.2694267504442,0 -59.9834589922386,-45.273332999818,0 -59.98502881642671,-45.2749711832735,0 -59.9866669998821,-45.27683641766649,0 -59.9895210037913,-45.28047899570899,0 -59.9914143141193,-45.2833329996182,0 -59.99337598461399,-45.2866240155858,0 -59.9966669996822,-45.2921464761789,0 -59.99719922656299,-45.2928007734369,0 -59.9976337969621,-45.2933330003177,0 -60.00167920742939,-45.29832079327,0 -60.0017854083699,-45.298452628486,0 -60.0057453688536,-45.30333300011781,0 -60.0061555253571,-45.3038456955224,0 -60.00666700038169,-45.3044829020643,0 -60.0110542071859,-45.30894579311379,0 -60.0153669510239,-45.313332999918,0 -60.0159858473689,-45.3140141527309,0 -60.0166670001819,-45.3148881759485,0 -60.0201630939516,-45.31983690594841,0 -60.0224531330056,-45.3233329997181,0 -60.0240742266442,-45.32592577305589,0 -60.02666699998199,-45.3300737224243,0 -60.0279878009962,-45.3320121994034,0 -60.02888867976869,-45.3333330004176,0 -60.0317304762804,-45.33826952302,0 -60.0319038161082,-45.3385698165438,0 -60.0346467366575,-45.3433330002177,0 -60.03538404134041,-45.3446147382795,0 -60.0366669997822,-45.3468437421449,0 -60.0393476638636,-45.3506523359365,0 -60.0412336501128,-45.3533330000179,0 -60.0431538159958,-45.3568461836044,0 -60.0446577225758,-45.36132372281149,0 -60.0454926837403,-45.3633329998181,0 -60.0454755939235,-45.3645244063762,0 -60.045370613363,-45.372036613399,0 -60.0453523031662,-45.37333299961819,0 -60.0450849688962,-45.3749150312037,0 -60.0440961993801,-45.3807621992161,0 -60.0436616289809,-45.3833330003177,0 -60.0432258382018,-45.3867753829775,0 -60.0429731520892,-45.38963915262471,0 -60.042461677964,-45.3933330001178,0 -60.04238477333859,-45.3976152263616,0 -60.0423920974173,-45.39905809775299,0 -60.0423115316518,-45.403332999918,0 -60.0426362381718,-45.4073637613285,0 -60.0428925863238,-45.4095585855602,0 -60.04321851322381,-45.4133329997181,0 -60.04338819101219,-45.4166118082883,0 -60.04357617989669,-45.4202421798327,0 -60.043736091947,-45.42333300041761,0 -60.0438801345605,-45.4261210858194,0 -60.0441206132756,-45.4307866130117,0 -60.04425244939101,-45.4333330002178,0 -60.0452375568677,-45.4347612225523,0 -60.04666699958231,-45.4368339764068,0 -60.0493195877287,-45.44067919149139,0 -60.0511494221081,-45.4433330000179,0 -60.0536616287811,-45.4463383715186,0 -60.0566670002818,-45.4489482346733,0 -60.05921826990721,-45.4507817301927,0 -60.0627644118481,-45.453332999818,0 -60.0650336990459,-45.454966300854,0 -60.066667000082,-45.45614061759539,0 -60.0710285726105,-45.458972648369,0 -60.0746687089937,-45.4613359300091,0 -60.0766669998821,-45.46263231622839,0 -60.0770918045431,-45.4629081949572,0 -60.0777473221812,-45.4633329996182,0 -60.0822065511913,-45.4677934490084,0 -60.08666699968219,-45.47225145673931,0 -60.0871931228643,-45.4728080975157,0 -60.0876423414209,-45.4733330003177,0 -60.0884846266641,-45.4751494060203,0 -60.0906367268034,-45.47936327299661,0 -60.09217725377721,-45.48333300011781,0 -60.0932295001413,-45.48677050035829,0 -60.0946076734053,-45.4912724534609,0 -60.0952375567678,-45.493332999918,0 -60.09557813272459,-45.4944218675751,0 -60.0966670003817,-45.4978984298686,0 -60.09771314214781,-45.5022880783321,0 -60.0979487384435,-45.5033329997181,0 -60.0981904375386,-45.5048564377743,0 -60.0991218339055,-45.5108769456145,0 -60.0995161209722,-45.5133330004176,0 -60.1000410237742,-45.5167070238101,0 -60.1004780349333,-45.5195219647668,0 -60.1010712970027,-45.5233330002177,0 -60.10182324984311,-45.5281767496572,0 -60.1018818433723,-45.5285478441077,0 -60.1026252517539,-45.5333330000179,0 -60.1011152423745,-45.5377812420107,0 -60.1008772053187,-45.539124015261,0 -60.09975659968731,-45.5433329998181,0 -60.0990571366775,-45.54572313701311,0 -60.0968964920794,-45.5531035079205,0 -60.0966670003817,-45.5538871996345,0 -60.0946430743184,-45.5613090742543,0 -60.09409131596139,-45.5633330003176,0 -60.09118360184171,-45.5678496015778,0 -60.0894331128478,-45.5705668869522,0 -60.087652107159,-45.5733330001178,0 -60.0872053302617,-45.5738725510773,0 -60.08666699968219,-45.57451952335721,0 -60.08286084754999,-45.57952684778581,0 -60.0804816973724,-45.583332999918,0 -60.0791938556119,-45.5858598556478,0 -60.0766669998821,-45.59142870327199,0 -60.0760871655902,-45.59275438670561,0 -60.0758332599969,-45.5933329997181,0 -60.0752045979138,-45.5947954025857,0 -60.0730744709101,-45.5997392501662,0 -60.071533943037,-45.60333300041761,0 -60.0701118244011,-45.6067778238374,0 -60.06796704923989,-45.6120317306798,0 -60.0674336019791,-45.6133330002177,0 -60.0672126547402,-45.6138774335967,0 -60.066667000082,-45.6152177651877,0 -60.0646272054811,-45.6212919841377,0 -60.0639423906288,-45.62333300001791,0 -60.0625642164654,-45.6274345623551,0 -60.0621137775288,-45.6287797772649,0 -60.0605842366732,-45.633332999818,0 -60.0622224201285,-45.6377763593914,0 -60.06291455816029,-45.63958055859591,0 -60.0643281332367,-45.6433329996182,0 -60.0649824295954,-45.6450175701048,0 -60.066667000082,-45.6493583907771,0 -60.0678974686932,-45.6521025308071,0 -60.06844800577079,-45.6533330003177,0 -60.0698957595816,-45.6565605394373,0 -60.0709919513175,-45.65900682850231,0 -60.0729304273972,-45.66333300011781,0 -60.07391309411389,-45.66608690588589,0 -60.0766669998821,-45.67211717946419,0 -60.0770295489744,-45.6729692304456,0 -60.07718335732601,-45.673332999918,0 -60.0774555740155,-45.6741215740514,0 -60.0793806232172,-45.68061815600301,0 -60.0804670492149,-45.6833329997181,0 -60.08182325024279,-45.6881767500569,0 -60.0819795002537,-45.6886455000897,0 -60.083405280929,-45.6933330004176,0 -60.0836970290946,-45.6963041913853,0 -60.0841364828124,-45.7008037028286,0 -60.0843842847069,-45.7033330002178,0 -60.083709236492,-45.7062919846873,0 -60.08294995867359,-45.70961717938929,0 -60.0821015706309,-45.7133330000179,0 -60.0815693437502,-45.71823534388599,0 -60.0814997641028,-45.7184990152173,0 -60.0808100668311,-45.7233329998181,0 -60.0808698807404,-45.7275346602963,0 -60.0808918538759,-45.7291069261437,0 -60.0809528890645,-45.7333329996182,0 -60.08142896317609,-45.73809374253219,0 -60.0814716872685,-45.7385283129312,0 -60.0819526446987,-45.74333300031761,0 -60.0827387771728,-45.7472612228271,0 -60.0829524003329,-45.7496196211486,0 -60.083571296678,-45.7533330001178,0 -60.0841901930229,-45.75580858549781,0 -60.08587232185021,-45.7625395433652,0 -60.0860712968528,-45.76333299991801,0 -60.0862727126155,-45.7637260666046,0 -60.08666699968219,-45.76449755092121,0 -60.0896589434055,-45.7703422772742,0 -60.0911897046411,-45.7733329997181,0 -60.0933332594224,-45.7766655193981,0 -60.0966670003817,-45.7818535077332,0 -60.09732618005909,-45.7826738207402,0 -60.0978547440012,-45.78333300041759,0 -60.1017768637112,-45.78822313688821,0 -60.102663093427,-45.7893290934629,0 -60.1058747640091,-45.7933330002177,0 -60.1061848223716,-45.793816398408,0 -60.1066670001819,-45.7954399337059,0 -60.10841626789639,-45.80158495268341,0 -60.1089130938641,-45.80333300001791,0 -60.1103022541457,-45.80696825398169,0 -60.11111158013531,-45.8088896402447,0 -60.11260694135721,-45.813332999818,0 -60.1138190997716,-45.8161796796484,0 -60.1165095295911,-45.8231767496073,0 -60.11657300553971,-45.82333299961821,0 -60.116666999982,-45.8235527264771,0 -60.119666267784,-45.8303325121357,0 -60.1208723224996,-45.8333330003177,0 -60.1206489336014,-45.83731493393699,0 -60.1205048909879,-45.839495109112,0 -60.120285164129,-45.84333300011779,0 -60.120185065988,-45.8468510661237,0 -60.12003369929571,-45.8499663006043,0 -60.1199336011547,-45.853332999918,0 -60.1199018631804,-45.8565678631164,0 -60.1198664631667,-45.8601323161535,0 -60.11983472429311,-45.8633329997181,0 -60.11955762518421,-45.8662236249203,0 -60.119112068667,-45.8708891521126,0 -60.1188776936506,-45.8733330004176,0 -60.1186091390005,-45.8752739181568,0 -60.1176240315238,-45.8823759686759,0 -60.1174921954084,-45.8833330002178,0 -60.1173823324286,-45.88404833176501,0 -60.116666999982,-45.88823290242651,0 -60.11591260548231,-45.8925786055182,0 -60.1157819906463,-45.8933330000179,0 -60.1156965406628,-45.8943046797171,0 -60.11504102302469,-45.9017070237601,0 -60.11489820079129,-45.903332999818,0 -60.11505201004219,-45.9049492110372,0 -60.11564405083231,-45.9123100504684,0 -60.1157392656546,-45.9133329996182,0 -60.1158332600968,-45.91416796078269,0 -60.116666999982,-45.92208788264961,0 -60.11678784997919,-45.9232133707005,0 -60.1167988360974,-45.9233330003177,0 -60.1168159259142,-45.9234819253505,0 -60.1178425371033,-45.93215624261649,0 -60.1179731519394,-45.9333330001178,0 -60.11831250751621,-45.934978507652,0 -60.1193830640771,-45.94061571454349,0 -60.1199653400284,-45.94333299991801,0 -60.1212202225352,-45.9478862224711,0 -60.1213960040223,-45.9486039956778,0 -60.12281446061879,-45.9533329997181,0 -60.1238020097549,-45.9561992110247,0 -60.1260444413978,-45.9627104411339,0 -60.126259284938,-45.96333300041759,0 -60.1263776932759,-45.9636210856445,0 -60.1266669997822,-45.96432665235309,0 -60.12959058423801,-45.9704106370412,0 -60.13099561305711,-45.9733330002177,0 -60.1329340900362,-45.9770659097639,0 -60.1356745680268,-45.9823417888425,0 -60.13618970509081,-45.98333300001791,0 -60.1363532791805,-45.9836479416991,0 -60.1366669995823,-45.9842509686073,0 -60.140843025785,-45.9891581948947,0 -60.1451154862906,-45.9933329998181,0 -60.14591504654209,-45.9940849535577,0 -60.1466670002818,-45.9947319258376,0 -60.15139722470209,-45.9986015548179,0 -60.1543623128704,-46.0010283124067,0 -60.1566670000819,-46.0029130782759,0 -60.15689038898021,-46.0031083903399,0 -60.1571174390186,-46.00333299961821,0 -60.1579157788901,-46.0045829997056,0 -60.16094678556571,-46.009053214834,0 -60.1631513746362,-46.0133330003177,0 -60.1641877515634,-46.01581102735701,0 -60.1666669998821,-46.0217387620342,0 -60.1674641193736,-46.02253710190571,0 -60.16826123796569,-46.02333300011779,0 -60.17246411882401,-46.0275371013561,0 -60.1766669996822,-46.0317387618343,0 -60.1774641191737,-46.0325371017058,0 -60.1782612386652,-46.0333329999179,0 -60.1799995193623,-46.036665519598,0 -60.18114331850931,-46.0388579021704,0 -60.1834785233152,-46.0433329997181,0 -60.183430915904,-46.0465678629165,0 -60.1825007399172,-46.04916551957301,0 -60.1824714436022,-46.0533330004176,0 -60.1808271564481,-46.0574931562841,0 -60.1803107990041,-46.0596904221752,0 -60.1791669998571,-46.0633330002178,0 -60.17995191195121,-46.0666166912073,0 -60.1806135332879,-46.0693876876916,0 -60.1815559157728,-46.0733330000179,0 -60.18322705848189,-46.0767729410184,0 -60.1851032789931,-46.0817680589487,0 -60.1857575762511,-46.083332999818,0 -60.18591626792139,-46.08408495355769,0 -60.1864875568552,-46.0931523357117,0 -60.1865168531702,-46.0933329996182,0 -60.1865388263058,-46.0934599533142,0 -60.1866670003817,-46.0941850505995,0 -60.188036629187,-46.1019633715123,0 -60.18827710700279,-46.10333300031769,0 -60.1894233478092,-46.1060893477452,0 -60.1907404858847,-46.1092582933355,0 -60.19243482210929,-46.1133330001178,0 -60.1936897055154,-46.1163115160635,0 -60.19659253721579,-46.12333299991801,0 -60.1966670001819,-46.1235087814051,0 -60.2002387772977,-46.1297612226023,0 -60.2020515218602,-46.1333329997181,0 -60.20347730253539,-46.1365214767847,0 -60.2064057694107,-46.1430717698462,0 -60.2065217360892,-46.14333300041759,0 -60.2065669027403,-46.1434330976593,0 -60.20666699998199,-46.1436577069376,0 -60.21005689281131,-46.1499443277685,0 -60.2119294512831,-46.1533330002177,0 -60.2136665116002,-46.1563334883998,0 -60.2166669997821,-46.1612748943208,0 -60.2179389730052,-46.16333300001789,0 -60.2178388748641,-46.1645048750998,0 -60.2171308673955,-46.172869133104,0 -60.2170905840632,-46.1733329998181,0 -60.2169697340659,-46.1736357341018,0 -60.2166669997821,-46.17430467951731,0 -60.2139240801321,-46.1805913003482,0 -60.2127277911546,-46.18333299961821,0 -60.2109956132569,-46.1876616128931,0 -60.2098847733636,-46.19011522693611,0 -60.20849683436141,-46.1933330003177,0 -60.2078242269065,-46.1944902263429,0 -60.20666699998199,-46.1964775311131,0 -60.2044440998153,-46.20111132033109,0 -60.2033149488258,-46.20333300011779,0 -60.20021070136269,-46.2068754800193,0 -60.1966670001819,-46.2108012617688,0 -60.1956464917921,-46.2123124924275,0 -60.1950593343208,-46.2133329999179,0 -60.1922578202422,-46.2177421798577,0 -60.1917988359475,-46.2184648363831,0 -60.1887055746025,-46.2233329997181,0 -60.1879133375305,-46.2245805581462,0 -60.1866670003817,-46.2265434490209,0 -60.1840290603928,-46.2306938400486,0 -60.1823530352643,-46.2333330004176,0 -60.1824030843348,-46.2375956951851,0 -60.1824213945317,-46.23908739436769,0 -60.1824702223229,-46.2433330002177,0 -60.1827033769592,-46.2472954023609,0 -60.1827277908548,-46.249392570111,0 -60.1829389723557,-46.2533330000179,0 -60.1832685621944,-46.256731437306,0 -60.1836115798105,-46.2602763597661,0 -60.1839069900155,-46.263332999818,0 -60.1849409261828,-46.265059074017,0 -60.1866670003817,-46.2679448167998,0 -60.188684821847,-46.2713163985329,0 -60.18989209784199,-46.2733329996182,0 -60.1930036702831,-46.2769951091369,0 -60.1966670001819,-46.2813090742544,0 -60.19775708821899,-46.2822416910012,0 -60.1990302809227,-46.28333300031769,0 -60.2031440506574,-46.28685594964231,0 -60.20666699998199,-46.2898735276411,0 -60.2086396565948,-46.291360343505,0 -60.2109370197276,-46.2933330001178,0 -60.2143464431338,-46.2956547771462,0 -60.2166669997821,-46.29723436707231,0 -60.2202949296672,-46.29970507003289,0 -60.2256245198557,-46.30333299991801,0 -60.22633618936359,-46.3036625897567,0 -60.22666699958229,-46.303831047165,0 -60.2275983968485,-46.3042631759048,0 -60.2331831130102,-46.30681688629021,0 -60.2366670002818,-46.3084868086193,0 -60.2405439533408,-46.3094560466592,0 -60.24393506655,-46.3106010661862,0 -60.246667000082,-46.3113871995596,0 -60.24827222428371,-46.3117265551364,0 -60.2558320387176,-46.3133329997181,0 -60.2565290609673,-46.3134697191522,0 -60.2566669998821,-46.3135112228646,0 -60.2568916091604,-46.3135576089964,0 -60.2647688069349,-46.31522997298481,0 -60.26666699968219,-46.3156352461696,0 -60.2687641683316,-46.3154301683675,0 -60.2751960530554,-46.3148027266645,0 -60.2766670003817,-46.314661124811,0 -60.2779328690066,-46.3146000896224,0 -60.286251961259,-46.3137480386411,0 -60.2866670001819,-46.3137260664048,0 -60.2966669999821,-46.3137260664048,0 -60.2970197833363,-46.31368700435169,0 -60.3001984937654,-46.3133329997181,0 -60.30601392380349,-46.3126787033594,0 -60.3066669997822,-46.3125981366946,0 -60.3076069415071,-46.3123930588925,0 -60.31438184384701,-46.3110478439827,0 -60.3166669995823,-46.3105253828401,0 -60.3204231035434,-46.3095781170364,0 -60.3224091879337,-46.3090751873699,0 -60.3266670002818,-46.3080009687696,0 -60.3303925857492,-46.30705858628469,0 -60.3338032304347,-46.3061967695652,0 -60.3366670000819,-46.30547411303981,0 -60.33837598446411,-46.30504198430009,0 -60.34513990068581,-46.30333299991801,0 -60.34628247855349,-46.3029472582094,0 -60.3466669998821,-46.30282274617279,0 -60.3474360425393,-46.30256395726079,0 -60.3537751541,-46.3004423747158,0 -60.3566669996823,-46.29947313667589,0 -60.3613642657483,-46.2980302652845,0 -60.362287116757,-46.2977128828432,0 -60.3666670003817,-46.296289542928,0 -60.3689924394495,-46.29565966046491,0 -60.3761921464504,-46.2933330001178,0 -60.3765437094246,-46.2932109297406,0 -60.3766670001819,-46.2931669843688,0 -60.3769209066745,-46.29307909362521,0 -60.383961922005,-46.2906279221409,0 -60.38666699998199,-46.2897075118921,0 -60.39148023272651,-46.2881474534422,0 -60.3920210040661,-46.2879789960338,0 -60.3966669997822,-46.28650438666811,0 -60.399221931447,-46.28588671070311,0 -60.40567334764679,-46.28432665225319,0 -60.40666699958229,-46.28408495315799,0 -60.4072858968266,-46.28395067538329,0 -60.41025830817429,-46.28333300031769,0 -60.4155561603885,-46.28222216042429,0 -60.4166670002818,-46.281990226168,0 -60.4183845291227,-46.28161425019741,0 -60.4237482989448,-46.28041307790119,0 -60.4266670000819,-46.27978807785751,0 -60.4308027420529,-46.2791972574474,0 -60.4323151930917,-46.2789824139072,0 -60.4366669998821,-46.2783598555229,0 -60.4415620196714,-46.2784379805283,0 -60.4417756428316,-46.2784404221877,0 -60.45140576946069,-46.27859423053929,0 -60.45193677506211,-46.278601554618,0 -60.4566670003817,-46.2786772379641,0 -60.4612495192499,-46.2787504805502,0 -60.4620979081919,-46.2787626879477,0 -60.4666670001819,-46.27883592963439,0 -60.46996167728949,-46.2800395426907,0 -60.4753339924698,-46.281999991906,0 -60.476666999982,-46.2824858317557,0 -60.477284675947,-46.28271532435269,0 -60.478919197363,-46.28333300031769,0 -60.4845185625816,-46.2854814375183,0 -60.4866669997822,-46.2863383709191,0 -60.4916279371795,-46.2883720627205,0 -60.4917609945742,-46.2884257738303,0 -60.4966669995823,-46.2904374924963,0 -60.4985200274772,-46.2914799722229,0 -60.5018110425455,-46.2933330001178,0 -60.5049055251698,-46.2950932539505,0 -60.5066670002818,-46.29589891790069,0 -60.511314216378,-46.29868700420181,0 -60.5130793535293,-46.29974413298531,0 -60.51666700008191,-46.3018974535046,0 -60.5175642168151,-46.3024370035648,0 -60.5190595780371,-46.30333299991801,0 -60.524018073775,-46.305981926025,0 -60.5266669998821,-46.3073979409622,0 -60.53080640389241,-46.3091923753278,0 -60.53384473464671,-46.3105107346826,0 -60.53666699968231,-46.3117363199751,0 -60.5379633868008,-46.3120366134989,0 -60.5435285723856,-46.3133329997181,0 -60.5460798420111,-46.3139213784688,0 -60.5466670003817,-46.3140483321648,0 -60.5475422439793,-46.314207023835,0 -60.5544123611415,-46.3155888591385,0 -60.5566670001818,-46.3159819258252,0 -60.5597981031999,-46.3164653240154,0 -60.5630366293369,-46.3169633712625,0 -60.566666999982,-46.31752001203889,0 -60.57070020305191,-46.317366202788,0 -60.5727107013378,-46.31728807778251,0 -60.5766669997822,-46.31713671109031,0 -60.5799397046536,-46.3166044842096,0 -60.5850727614987,-46.314927238701,0 -60.58666699958229,-46.31458299980559,0 -60.5875214922231,-46.31418749235879,0 -60.5889582599157,-46.3133329997181,0 -60.59362134544871,-46.3102885661643,0 -60.5966670002818,-46.308298820634,0 -60.59962232271199,-46.30628954272821,0 -60.6039668045244,-46.30333299991801,0 -60.60503003700649,-46.3016972581219,0 -60.6066670000819,-46.2980375902625,0 -60.6090192947046,-46.2933330001178,0 -60.6092475660223,-46.2907524332782,0 -60.6098371660523,-46.28650438666811,0 -60.6100874105056,-46.28333300031769,0 -60.6106062087095,-46.2793950120701,0 -60.61085279112341,-46.2775175702796,0 -60.611403328201,-46.2733329996182,0 -60.61174878747649,-46.26841356683261,0 -60.6117609939747,-46.2682402270048,0 -60.6121052328701,-46.263332999818,0 -60.6110957105985,-46.2589042893015,0 -60.609999519762,-46.2566655196979,0 -60.60882886506,-46.2533330000179,0 -60.6078974686932,-46.25210253140661,0 -60.6066670000819,-46.2509086831892,0 -60.6035017165309,-46.2464970624894,0 -60.6012312089531,-46.2433330002177,0 -60.59932447084759,-46.2406743083726,0 -60.5966670002818,-46.2369706951415,0 -60.5956416094726,-46.23435839032741,0 -60.5952375566679,-46.2333330004176,0 -60.5948066483081,-46.2314726484439,0 -60.5929170000195,-46.2233329997181,0 -60.59178296661059,-46.2184477456669,0 -60.59173902123881,-46.2182597576816,0 -60.5905952229911,-46.2133329999179,0 -60.5894868238578,-46.2105131756425,0 -60.58666699958229,-46.2062358318182,0 -60.585362068005,-46.2046367113151,0 -60.58429761514281,-46.20333300011779,0 -60.5815266195578,-46.1984721599622,0 -60.5811555251074,-46.1978227460229,0 -60.57859693140319,-46.1933330003177,0 -60.5780769119199,-46.19192186690061,0 -60.5766669997822,-46.1890190352003,0 -60.5749091876089,-46.18509081269081,0 -60.5741230551349,-46.18333299961821,0 -60.572638680031,-46.17930467986701,0 -60.5721735920376,-46.1778251871826,0 -60.57020825950351,-46.1733329998181,0 -60.56978589650189,-46.17021288291821,0 -60.56730542780321,-46.16397020745899,0 -60.5671674879891,-46.16333300001789,0 -60.5672553787327,-46.1627446212672,0 -60.56840650195849,-46.1550712809149,0 -60.56866651214979,-46.1533330002177,0 -60.5690205158841,-46.1509794843157,0 -60.5697102131558,-46.1463774339713,0 -60.5701667557911,-46.14333300041759,0 -60.57202466610539,-46.1386894454615,0 -60.5766669997822,-46.1333329997181,0 -60.5816670001319,-46.12333299991801,0 -60.5836665114003,-46.120332511736,0 -60.58666699958229,-46.11733202355399,0 -60.5890205154844,-46.11568651601991,0 -60.5933332593224,-46.1133330001178,0 -60.5955561603885,-46.1122221602245,0 -60.5966670002818,-46.1116655194481,0 -60.5980183179909,-46.1119829027887,0 -60.6038081128541,-46.1133330001178,0 -60.6061262287424,-46.1138749918373,0 -60.6066670000819,-46.11399950387399,0 -60.6082063066757,-46.1148735270916,0 -60.612584969021,-46.1174150309789,0 -60.6166669998821,-46.1195829996557,0 -60.6191926343326,-46.12080614418819,0 -60.6246662671345,-46.12333299991801,0 -60.6260419996385,-46.1239579999617,0 -60.6266669996822,-46.1242436444286,0 -60.62866773223,-46.1253349528458,0 -60.6325495686077,-46.1274516520721,0 -60.63666700038171,-46.1296977457543,0 -60.63877149221051,-46.1312285078893,0 -60.6416669998321,-46.1333329997181,0 -60.64435865003161,-46.13564012858901,0 -60.6466670001819,-46.13777880095089,0 -60.64960767355521,-46.1403911057649,0 -60.6529169997197,-46.14333300041759,0 -60.65493604336359,-46.145063957036,0 -60.656666999982,-46.1466679608577,0 -60.66019605300541,-46.1498027268144,0 -60.6641669996073,-46.1533330002177,0 -60.6655134357964,-46.1544877854829,0 -60.6666669997822,-46.1555546800045,0 -60.67028760558849,-46.1597123942116,0 -60.6732295002412,-46.16333300001789,0 -60.6747858966518,-46.1652128825684,0 -60.6766669995823,-46.1675639568111,0 -60.6792085034696,-46.1707914959308,0 -60.6812116776767,-46.1733329998181,0 -60.6836909259954,-46.1763090741044,0 -60.6866670002818,-46.1797612225023,0 -60.68836133560711,-46.1816386642929,0 -60.6899995199618,-46.18333299961821,0 -60.6933332600219,-46.18666551929821,0 -60.69666700008201,-46.1900004806377,0 -60.6981818927801,-46.1918193279996,0 -60.6994440993657,-46.1933330003177,0 -60.7024726643819,-46.1975273358178,0 -60.7066669998821,-46.20333300011779,0 -60.70982495935441,-46.2101762617251,0 -60.7112812576239,-46.2133329999179,0 -60.7131672438732,-46.21683397700641,0 -60.71666699968231,-46.2220829996307,0 -60.7172077719211,-46.222793449658,0 -60.7176667562158,-46.2233329997181,0 -60.7219294509833,-46.2280693278371,0 -60.7266670003817,-46.2333330004176,0 -60.7303400960186,-46.2396611249609,0 -60.7324726637823,-46.2433330002177,0 -60.7340131916554,-46.2459868087442,0 -60.7366670001819,-46.2505571211142,0 -60.7376472243399,-46.2523539962399,0 -60.73818189288,-46.2533330000179,0 -60.74083203936711,-46.2574980392031,0 -60.7414582597908,-46.2585429605891,0 -60.74518506653751,-46.263332999818,0 -60.7457771073276,-46.2642216720924,0 -60.746666999982,-46.26555712126411,0 -60.74977735114381,-46.2702226484564,0 -60.7518513262776,-46.2733329996182,0 -60.7535712967779,-46.27642870352179,0 -60.7566669997822,-46.281999991906,0 -60.7571430738937,-46.2828569262061,0 -60.7574067461244,-46.28333300031769,0 -60.75833326007191,-46.284998039328,0 -60.76071485190889,-46.2892851479912,0 -60.7629633863511,-46.2933330001178,0 -60.7641975179011,-46.29580126141911,0 -60.7666669995823,-46.301025871047,0 -60.7673725662909,-46.3026274332094,0 -60.7677009357495,-46.30333299991801,0 -60.7682453691285,-46.3049125898441,0 -60.7699104081388,-46.310090812441,0 -60.77111158043499,-46.3133329997181,0 -60.7725007398172,-46.3175004805627,0 -60.77333325932241,-46.3200004807376,0 -60.77444409921581,-46.32333300041759,0 -60.77500073999211,-46.32500048018801,0 -60.7766670002818,-46.3300004805377,0 -60.777500740167,-46.3325004807126,0 -60.7777778401751,-46.3333330002177,0 -60.7786665115502,-46.3353325114862,0 -60.7805134357464,-46.3394877849333,0 -60.78358960727451,-46.346409171546,0 -60.7866670000819,-46.3533329998181,0 -60.78974317161,-46.3602568280901,0 -60.7911103596553,-46.36333299961819,0 -60.7928205644175,-46.3671806563622,0 -60.79466626733429,-46.3713310464906,0 -60.79555493960869,-46.3733330003176,0 -60.79589795722491,-46.3741020429749,0 -60.7966669998821,-46.37583544125249,0 -60.7990986407896,-46.3809013592103,0 -60.80026685383221,-46.3833330001178,0 -60.8023420484467,-46.387656730074,0 -60.80358838649479,-46.3902543867305,0 -60.80506665789991,-46.393332999918,0 -60.8056001051607,-46.3943998944395,0 -60.8066669996822,-46.3964116131054,0 -60.80909864058971,-46.40090135971,0 -60.81041577956451,-46.4033329997181,0 -60.81282056401779,-46.4071806564621,0 -60.81666700038171,-46.4133330004176,0 -60.820512214567,-46.4194877851331,0 -60.8229157795395,-46.4233330002177,0 -60.82435865003161,-46.4256401290887,0 -60.8266670001819,-46.4293339765817,0 -60.8282453688287,-46.43175341009171,0 -60.8292756429565,-46.4333330000179,0 -60.8318098218658,-46.4381913985142,0 -60.8321198811276,-46.4387871013436,0 -60.8344929276065,-46.443332999818,0 -60.8352375563681,-46.444761223052,0 -60.83666699998201,-46.4475004806626,0 -60.8387873612477,-46.4512114179725,0 -60.83999951966211,-46.4533329996182,0 -60.8422224198288,-46.4577788008509,0 -60.84296216617099,-46.4596269454271,0 -60.8445832598095,-46.46333300031769,0 -60.845315682073,-46.4646855393062,0 -60.8466669997822,-46.4671806561623,0 -60.84882886565959,-46.4711723555197,0 -60.8499995194622,-46.4733330001178,0 -60.8525642168651,-46.4774370041144,0 -60.8555549393089,-46.4822197183653,0 -60.8562495198994,-46.48333299991799,0 -60.8564106523297,-46.4835893480699,0 -60.8566669995823,-46.4839995036741,0 -60.8602570877943,-46.4897441327855,0 -60.8624995194372,-46.4933329997181,0 -60.8640351639916,-46.4959648360083,0 -60.8666670002818,-46.5004765548491,0 -60.8677485429608,-46.5022514568392,0 -60.8683332596722,-46.5033330004176,0 -60.87666700008199,-46.52000048033779,0 -60.8778266677664,-46.5221733323334,0 -60.8785712965281,-46.52333300001789,0 -60.8819440995405,-46.52805467997941,0 -60.883333259822,-46.52999803937799,0 -60.885714851659,-46.5333329998181,0 -60.8858332599969,-46.5341655193232,0 -60.8866669998821,-46.5400004808375,0 -60.8869794999039,-46.54302049959631,0 -60.8869367758115,-46.54333299961819,0 -60.88685254710731,-46.5435185468434,0 -60.8866669998821,-46.5441020431747,0 -60.8838093339336,-46.5504765547491,0 -60.883423592225,-46.5533330003177,0 -60.8812971272605,-46.55796190621701,0 -60.8809528883651,-46.5590483322147,0 -60.8793342363859,-46.5633330001178,0 -60.8777021566292,-46.5643681566651,0 -60.87666700008199,-46.5650224530237,0 -60.8717915117688,-46.56845751160481,0 -60.8673029864436,-46.573332999918,0 -60.8669599688275,-46.57362596846371,0 -60.8666670002818,-46.5739140545899,0 -60.8643122639997,-46.5756889574794,0 -60.86126172674729,-46.5779277261836,0 -60.8566669995823,-46.5819780199696,0 -60.8558344800771,-46.58250048021299,0 -60.8549653401782,-46.5833329997181,0 -60.85018018336869,-46.5868461833047,0 -60.8466669997822,-46.5899443279683,0 -60.8445832598095,-46.591250480825,0 -60.8424116290934,-46.5933330004176,0 -60.8389362871799,-46.5956010663361,0 -60.83666699998201,-46.5973637618281,0 -60.8327839432243,-46.59944872308009,0 -60.8273652419123,-46.6033330002177,0 -60.8268879474208,-46.6035527261773,0 -60.8266670001819,-46.6036552659777,0 -60.8261408769998,-46.6038603437798,0 -60.8196906820793,-46.6063554606359,0 -60.81666700038171,-46.6075273357179,0 -60.8125764241626,-46.6092412034188,0 -60.80916699985709,-46.610832999843,0 -60.8066669996822,-46.6119536054745,0 -60.8056538162706,-46.61231981660621,0 -60.8030305253384,-46.6133330000179,0 -60.7984614333485,-46.61512743348419,0 -60.7966669998821,-46.6158330001928,0 -60.7938667070828,-46.6161332928172,0 -60.78989331792221,-46.6165580974782,0 -60.7866670000819,-46.6169047771337,0 -60.7823188553309,-46.617681144769,0 -60.7812617265474,-46.6179277262835,0 -60.7766670002818,-46.6186455003895,0 -60.7728205648172,-46.6194877847335,0 -60.76986646276699,-46.6201323162534,0 -60.7666669995823,-46.62083299964319,0 -60.7640009845577,-46.6206669847934,0 -60.7596076740548,-46.6203911051653,0 -60.7566669997822,-46.62020799959951,0 -60.7530952226663,-46.61976122270219,0 -60.7506672437982,-46.6193339763819,0 -60.746666999982,-46.6188896402447,0 -60.74190503668801,-46.6180961836919,0 -60.7413337477542,-46.6180009688696,0 -60.7366670001819,-46.6172221604743,0 -60.73338574995229,-46.6166142502474,0 -60.7291669996573,-46.6158330001928,0 -60.7266670003817,-46.6153691325794,0 -60.72498731231461,-46.6150126871857,0 -60.7178657303191,-46.6133330000179,0 -60.7169062580173,-46.6130937425821,0 -60.71666699968231,-46.613020499996,0 -60.71619092557071,-46.6128569259064,0 -60.7094575269432,-46.6105424729567,0 -60.7066669998821,-46.6095829997556,0 -60.702318855131,-46.60768114496881,0 -60.700000740142,-46.6066679606578,0 -60.69666700008201,-46.6052080003489,0 -60.6955134351969,-46.6044877854829,0 -60.6936665118999,-46.6033330002177,0 -60.6896455153282,-46.600354484272,0 -60.6866670002818,-46.5980839766941,0 -60.6839521565667,-46.5960478441327,0 -60.6803327711405,-46.5933330004176,0 -60.67832105247449,-46.5916801679054,0 -60.6766669995823,-46.5902788011257,0 -60.67287915854631,-46.5871220629328,0 -60.6683332600718,-46.5833329997181,0 -60.6674189535219,-46.58258104687769,0 -60.6666669997822,-46.58194383943659,0 -60.6629096754411,-46.57709032425899,0 -60.6604035724669,-46.573332999918,0 -60.6591584547988,-46.5708427654812,0 -60.656666999982,-46.5635966714492,0 -60.65658521293719,-46.5633330001178,0 -60.6565437092248,-46.56320848808119,0 -60.6540974201598,-46.55590135975989,0 -60.65322339604279,-46.5533330003177,0 -60.6516047440637,-46.54839403515651,0 -60.65154126721571,-46.5482084879313,0 -60.6499165115377,-46.54333299961819,0 -60.6491193929456,-46.54087938647439,0 -60.6466670001819,-46.5333329998181,0 -60.6466670001819,-46.5333183516606,0 -60.64690991965699,-46.5235771407724,0 -60.6469160233557,-46.52333300001789,0 -60.6470234455755,-46.52297655462431,0 -60.64733350393801,-46.5139995039739,0 -60.6477778400752,-46.5133330002178,0 -60.6527644117481,-46.50943163236389,0 -60.656666999982,-46.5063774339714,0 -60.6583747639841,-46.5050395431404,0 -60.6605561604384,-46.5033330004176,0 -60.6628303300557,-46.4994951094117,0 -60.6666669997822,-46.4975444259344,0 -60.6697443925896,-46.49640917214549,0 -60.6741670003068,-46.495832999893,0 -60.6766669995823,-46.49518602761301,0 -60.67798291817709,-46.4946489183129,0 -60.68121289805669,-46.4933329997181,0 -60.6850007399921,-46.49166551994771,0 -60.6866670002818,-46.4912651291823,0 -60.6899995199618,-46.4900004800381,0 -60.6924177321925,-46.48908251144869,0 -60.69666700008201,-46.48747118354819,0 -60.6996674882639,-46.48633348809989,0 -60.7061103591058,-46.48388964069429,0 -60.7066669998821,-46.4836772379142,0 -60.7069172443353,-46.4835844647512,0 -60.7075764240127,-46.48333299991799,0 -60.7139277420716,-46.48059374230731,0 -60.71666699968231,-46.4787871014435,0 -60.7196674878642,-46.4763334882998,0 -60.7233332594224,-46.4733330001178,0 -60.72447217615,-46.471138175886,0 -60.7266670003817,-46.4669023357741,0 -60.727964606981,-46.4646318281963,0 -60.7287067949825,-46.46333300031769,0 -60.7276972736103,-46.4623027261898,0 -60.7266670003817,-46.4612504807251,0 -60.722941414015,-46.4570585859849,0 -60.71962964619119,-46.4533329996182,0 -60.7179780349583,-46.45202196524139,0 -60.71666699968231,-46.4515141522563,0 -60.7147627032361,-46.4514287031721,0 -60.7093452223041,-46.4506547771962,0 -60.7066669998821,-46.45055467995441,0 -60.70420850431891,-46.4508745040551,0 -60.6983686603853,-46.4516313402141,0 -60.69666700008201,-46.4518510661737,0 -60.6955073323974,-46.45217333193369,0 -60.6913349691335,-46.4533329996182,0 -60.6875910725699,-46.4542582931857,0 -60.6866670002818,-46.4543705978248,0 -60.6856062085596,-46.45439501172039,0 -60.6778986894729,-46.4545659098888,0 -60.6766669995823,-46.45459276544371,0 -60.6753791578218,-46.454622062658,0 -60.6681171952523,-46.4547831950883,0 -60.6666669997822,-46.454814933962,0 -60.6649116292683,-46.4550883710315,0 -60.6592951742328,-46.45596239424911,0 -60.656666999982,-46.4563701090932,0 -60.6530695876913,-46.45692919152889,0 -60.6506416097225,-46.45730760915881,0 -60.6466670001819,-46.45792528512381,0 -60.6422028887523,-46.4588676676087,0 -60.6409467849661,-46.45905321483391,0 -60.63666700038171,-46.45986620286291,0 -60.63347730293511,-46.4601420815918,0 -60.6296040119156,-46.46039598808431,0 -60.6266669996822,-46.4606401288389,0 -60.6238679281623,-46.4605327066191,0 -60.6197700269651,-46.4602299723353,0 -60.6166669998821,-46.4601201093555,0 -60.6132063070254,-46.4598710861816,0 -60.6103327716401,-46.4596660074802,0 -60.6066670000819,-46.4594047769089,0 -60.6021162191881,-46.45878221852449,0 -60.6013264237754,-46.4586747972041,0 -60.5966670002818,-46.4580351481035,0 -60.59295728335189,-46.4570414961681,0 -60.5894318923679,-46.45609911368311,0 -60.58666699958229,-46.4553569256815,0 -60.5850666578,-46.45493456267991,0 -60.5789375082593,-46.4533329996182,0 -60.5771345294349,-46.4528666912448,0 -60.5766669997822,-46.45274950418621,0 -60.5758918534262,-46.4525590745416,0 -60.5691084066276,-46.4508915938719,0 -60.566666999982,-46.4502934493831,0 -60.562355476524,-46.4476445232761,0 -60.5587885818276,-46.445454582363,0 -60.5566670001818,-46.4441508711657,0 -60.5561445390392,-46.4438554609607,0 -60.5553327713902,-46.443332999818,0 -60.54996411914869,-46.440037101431,0 -60.5466670003817,-46.4380107346077,0 -60.5436811603572,-46.4363188400424,0 -60.5390473711392,-46.4333330000179,0 -60.5375434645592,-46.4324565351409,0 -60.53666699968231,-46.4319438397364,0 -60.5318684159946,-46.4281328042854,0 -60.52991284919861,-46.4265800699143,0 -60.5266669998821,-46.4239995039739,0 -60.5263154378072,-46.4236845622927,0 -60.52592603315991,-46.4233330002177,0 -60.5209711994613,-46.4190288008384,0 -60.51666700008191,-46.415562004283,0 -60.51535962684531,-46.41463915237491,0 -60.5131696859322,-46.4133330004176,0 -60.509005867127,-46.41099413267311,0 -60.5066670002818,-46.409680656637,0 -60.50267285926499,-46.4073271407349,0 -60.497779060755,-46.4044462812708,0 -60.4966669995823,-46.4037895432528,0 -60.4963886800934,-46.40361132010631,0 -60.49595655045439,-46.4033329997181,0 -60.4899250564961,-46.40007372262411,0 -60.4866669997822,-46.39870409381881,0 -60.4830817948889,-46.3969169844312,0 -60.47744214633789,-46.39410936755329,0 -60.476666999982,-46.39372118328589,0 -60.4764082110701,-46.39359178883,0 -60.47588574992741,-46.393332999918,0 -60.4695173420516,-46.39048143766819,0 -60.4666670001819,-46.3892070236852,0 -60.46174390445761,-46.3884086838137,0 -60.4616120683422,-46.3883891523375,0 -60.4566670003817,-46.3875883708066,0 -60.45292310381811,-46.3870756754021,0 -60.4501044999227,-46.3867705003582,0 -60.44666699968219,-46.38632372256169,0 -60.443837410568,-46.3861625901314,0 -60.43945874822259,-46.386123527179,0 -60.4366669998821,-46.3859770429062,0 -60.4338264237504,-46.3861747966295,0 -60.42978589660179,-46.3864531170177,0 -60.4266670000819,-46.3866655197979,0 -60.42248731273921,-46.3875126874605,0 -60.4210212478323,-46.3876860272883,0 -60.4166670002818,-46.3887748949454,0 -60.4133344806017,-46.3900004802379,0 -60.4080647052219,-46.3919365155577,0 -60.40666699958229,-46.3924492109623,0 -60.4060725171329,-46.3927372970886,0 -60.4048493726004,-46.393332999918,0 -60.3996674879642,-46.3963334881,0 -60.3966669997822,-46.398464836383,0 -60.3941499097905,-46.4008159097264,0 -60.3914558179316,-46.4033329997181,0 -60.38962354279219,-46.4062895425283,0 -60.3870588453894,-46.4129399337309,0 -60.3868769611028,-46.4133330004176,0 -60.3867988360973,-46.4134648356336,0 -60.38666699998199,-46.4136894449119,0 -60.38278150156501,-46.41944872308009,0 -60.38098218567929,-46.4233330002177,0 -60.379381843897,-46.42604784393279,0 -60.3766670001819,-46.4306547775959,0 -60.37558789826279,-46.43225389809881,0 -60.3750874102557,-46.4333330000179,0 -60.37546704916501,-46.4345341723142,0 -60.3766670001819,-46.4383330003676,0 -60.3782453688287,-46.443332999818,0 -60.3789277420216,-46.4455937425571,0 -60.38022901155961,-46.4497709882405,0 -60.3812739338449,-46.4533329996182,0 -60.38243115987009,-46.4575688397301,0 -60.38298047656771,-46.45964647690331,0 -60.38397290812321,-46.46333300031769,0 -60.3846613850149,-46.4653373949048,0 -60.38666699998199,-46.4711772379391,0 -60.3872175370597,-46.47278124176089,0 -60.3874067463242,-46.4733330001178,0 -60.3878681722783,-46.4745341715147,0 -60.3899751057665,-46.4800248941335,0 -60.3912458577101,-46.48333299991799,0 -60.3926215902142,-46.4873784103853,0 -60.3939021069966,-46.4905668865525,0 -60.3949323811245,-46.4933329997181,0 -60.3952949293175,-46.4947050701828,0 -60.3966669997822,-46.499360831637,0 -60.3977021563294,-46.5022978438703,0 -60.398050056365,-46.5033330004176,0 -60.3983979572998,-46.50506395703591,0 -60.3994917073763,-46.5105082926236,0 -60.40005933427079,-46.5133330002178,0 -60.4011652908455,-46.51883592933459,0 -60.4020686112773,-46.52333300001789,0 -60.4027656326278,-46.5272343669724,0 -60.4036530836229,-46.5303178634786,0 -60.4043012771821,-46.5333329998181,0 -60.405138680006,-46.53486132029369,0 -60.40666699958229,-46.5376469649354,0 -60.4086811599076,-46.54131884019229,0 -60.4097846757222,-46.54333299961819,0 -60.4122981036745,-46.5477031175049,0 -60.41434644363341,-46.5510112223899,0 -60.4157575761512,-46.5533330003177,0 -60.41612989098171,-46.5538701096178,0 -60.4166670002818,-46.55454637911209,0 -60.42069409965299,-46.55930467946731,0 -60.4241023026791,-46.5633330001178,0 -60.42516309350189,-46.5648369066978,0 -60.4266670000819,-46.56697069574099,0 -60.42925000768171,-46.57074999231829,0 -60.4310139235537,-46.573332999918,0 -60.433166023693,-46.57683397700641,0 -60.4366669998821,-46.58252733576789,0 -60.4369624100871,-46.5830375895131,0 -60.4371345295349,-46.5833329997181,0 -60.4378584064403,-46.5845244062763,0 -60.44070386499131,-46.589294914029,0 -60.44331250776601,-46.5933330004176,0 -60.4442829670852,-46.5957182542939,0 -60.44666699968219,-46.60127489452071,0 -60.447291999726,-46.602708000174,0 -60.44756421641541,-46.6033330002177,0 -60.4474738849118,-46.604138664168,0 -60.44666699968219,-46.6091630784133,0 -60.4461115801852,-46.6127763592415,0 -60.44602613110101,-46.6133330000179,0 -60.44594434405619,-46.61405565654329,0 -60.4453584060656,-46.62202440620129,0 -60.4451984940152,-46.623332999818,0 -60.44521802549139,-46.6247807536288,0 -60.4461445394389,-46.6328105393749,0 -60.4461543042777,-46.6333329996182,0 -60.4463728107565,-46.6336284098232,0 -60.44666699968219,-46.633938469085,0 -60.4509724203409,-46.6390288009384,0 -60.45461499838341,-46.6433330003177,0 -60.4554902419811,-46.644509757819,0 -60.4566670003817,-46.6457573162471,0 -60.4601386793565,-46.6498613202437,0 -60.46307691196989,-46.6533330001178,0 -60.4646076741048,-46.65539110581481,0 -60.4666670001819,-46.65757616430849,0 -60.4698872152227,-46.6601127848771,0 -60.47530225359611,-46.66333299991799,0 -60.4763374101433,-46.6636625897567,0 -60.476666999982,-46.66375536291961,0 -60.4772334064965,-46.66389940643241,0 -60.4843073810807,-46.6656938398987,0 -60.4866669997822,-46.6662919843876,0 -60.4906672444977,-46.6673344650135,0 -60.492260261302,-46.66773973819829,0 -60.4966669995823,-46.66890428920149,0 -60.499993416463,-46.6700053633568,0 -60.5060993733873,-46.672766594103,0 -60.5066670002818,-46.67299120338131,0 -60.50693189289251,-46.6730693283868,0 -60.5078413161238,-46.6733329997181,0 -60.51499951941221,-46.6750004803878,0 -60.51666700008191,-46.6756425702484,0 -60.5197932206805,-46.6764579999367,0 -60.5227644125476,-46.677236808332,0 -60.5266669998821,-46.67825731672171,0 -60.5307404862844,-46.67925829273599,0 -60.5331989827468,-46.6798637613035,0 -60.53666699968231,-46.68071825394419,0 -60.5388178785422,-46.68118212065829,0 -60.5460798420111,-46.6827446207676,0 -60.5466670003817,-46.6828715744635,0 -60.54701001799789,-46.6829887615221,0 -60.54764356250029,-46.6833330004176,0 -60.5529694906494,-46.6870292886707,0 -60.5566670001818,-46.6902495037116,0 -60.5582282790118,-46.69177294176779,0 -60.5598286207942,-46.6933330002178,0 -60.5634150469668,-46.696584953233,0 -60.566666999982,-46.6995341719644,0 -60.5689045492055,-46.7010966720737,0 -60.5721113355696,-46.7033330000179,0 -60.57493726354391,-46.70506395663631,0 -60.5766669997822,-46.7061235270791,0 -60.5811396565699,-46.7088603439297,0 -60.5838606030843,-46.7105278245994,0 -60.58666699958229,-46.7122441330603,0 -60.58727979312791,-46.71272020717179,0 -60.58782666816611,-46.713332999818,0 -60.5907685628189,-46.7174345621553,0 -60.5915192952792,-46.7184819261,0 -60.5949995196121,-46.72333299961819,0 -60.59569654096249,-46.7243046793175,0 -60.5966670002818,-46.7256572183059,0 -60.6004853598115,-46.729514640788,0 -60.6042670980481,-46.7333330003177,0 -60.6055402907518,-46.73446093002791,0 -60.6066670000819,-46.735515617152,0 -60.6110774004016,-46.7389238201781,0 -60.6163288655846,-46.7433330001178,0 -60.61652173598929,-46.74347704273129,0 -60.6166669998821,-46.7436064371873,0 -60.6178693925584,-46.7445366131741,0 -60.62217481231771,-46.7478251874824,0 -60.6266669996822,-46.751570304426,0 -60.6277509840207,-46.7522490155795,0 -60.629478279499,-46.753332999918,0 -60.6339607011254,-46.7560405195543,0 -60.63666700038171,-46.7578422770994,0 -60.64015576917339,-46.7598442300272,0 -60.6431025471448,-46.7633329997181,0 -60.6447285232027,-46.76527147669731,0 -60.6466670001819,-46.76758104722749,0 -60.649291511494,-46.7707084882061,0 -60.6514936598045,-46.77333300041761,0 -60.6539558183063,-46.77604540247331,0 -60.656666999982,-46.779670890699,0 -60.6581269611902,-46.78187303900949,0 -60.6590083084866,-46.7833330002177,0 -60.6617817457309,-46.788218254269,0 -60.66208325963469,-46.7887480394904,0 -60.6646845783306,-46.7933330000179,0 -60.6654414144896,-46.7945585862097,0 -60.6666669997822,-46.7964311446815,0 -60.6692805249762,-46.80072069500401,0 -60.67068311303521,-46.803332999818,0 -60.672980476168,-46.8070195232324,0 -60.67549024208099,-46.81215624211679,0 -60.6761115800853,-46.8133329996182,0 -60.6763203199268,-46.8136796792737,0 -60.6766669995823,-46.81425340986691,0 -60.6802583081744,-46.8197416917257,0 -60.6821528397817,-46.8233330003177,0 -60.683853279705,-46.8261479412744,0 -60.6866670002818,-46.83080370272859,0 -60.687666755916,-46.8323320232043,0 -60.68819409947811,-46.8333330001178,0 -60.6891389236224,-46.8358037030784,0 -60.6905244218645,-46.8394755783352,0 -60.69201856270641,-46.84333299991789,0 -60.6933418044807,-46.8466581955192,0 -60.6956013259404,-46.8522661051966,0 -60.6960285722608,-46.8533329997181,0 -60.6962116778266,-46.8537871015934,0 -60.69666700008201,-46.8549125896442,0 -60.6993330160058,-46.8606669844937,0 -60.7005683670365,-46.8633330004176,0 -60.7019343338024,-46.868064445218,0 -60.70262036903479,-46.8692875897504,0 -60.7044160237804,-46.8733330002178,0 -60.7046442950981,-46.8753569253818,0 -60.70539868959781,-46.8820659101136,0 -60.70554151183129,-46.8833330000179,0 -60.7056550368504,-46.8843437417702,0 -60.7066669998821,-46.8933354414774,0 -60.7092512287612,-46.9007499920185,0 -60.7101508871537,-46.9033329996182,0 -60.7129597244117,-46.9070414961681,0 -60.71666699968231,-46.9117656168897,0 -60.7173505941545,-46.91264940584531,0 -60.7178779377166,-46.91333300031771,0 -60.721667000032,-46.9183329997681,0 -60.7255720290259,-46.9233330001178,0 -60.7260444410981,-46.9239555585022,0 -60.7266670003817,-46.9247636641118,0 -60.7306477127217,-46.92935350795799,0 -60.73366651199991,-46.933332999918,0 -60.7355915603022,-46.9344072185183,0 -60.7366670001819,-46.9350004805877,0 -60.7406684652774,-46.93733446501349,0 -60.7419611894573,-46.93804003082271,0 -60.746666999982,-46.9413334884497,0 -60.7479170000694,-46.9420829996307,0 -60.7499995196621,-46.9433329997181,0 -60.7543134847795,-46.9456865156201,0 -60.7566669997822,-46.9473344648136,0 -60.76041700004449,-46.9495830001553,0 -60.7666669995823,-46.95333300041761,0 -60.7734235917254,-46.9565776293541,0 -60.7766670002818,-46.95933397678161,0 -60.7784638754075,-46.961536125092,0 -60.7796296467907,-46.9633330002177,0 -60.7832331618809,-46.9667680587988,0 -60.7866670000819,-46.9700395432902,0 -60.78832837705291,-46.97167284342689,0 -60.7899213947565,-46.97333300001791,0 -60.793462654278,-46.976538566002,0 -60.7966669998821,-46.979778312519,0 -60.7983686601855,-46.98163133951459,0 -60.7999311602948,-46.9833329998181,0 -60.8031562577551,-46.98684374174519,0 -60.8066669996822,-46.9906669845936,0 -60.8079365312459,-46.9920634689539,0 -60.80909009613099,-46.9933329996182,0 -60.81287915844641,-46.99712206283291,0 -60.81666700038171,-47.00090868348891,0 -60.8178791578968,-47.0021220622833,0 -60.8190900959311,-47.0033330003177,0 -60.82319409992769,-47.0068046792925,0 -60.8266670001819,-47.0097441331852,0 -60.8286482012534,-47.01135301942631,0 -60.8310871662397,-47.0133330001178,0 -60.83416699980719,-47.0158330002927,0 -60.83666699998201,-47.01786425043471,0 -60.8397810140825,-47.02021776543749,0 -60.84377759585929,-47.023332999918,0 -60.845373054323,-47.02462694537721,0 -60.8466669997822,-47.0257402269299,0 -60.8506867750746,-47.029314445705,0 -60.8552082596534,-47.0333329997181,0 -60.8557514726523,-47.0342485275474,0 -60.8566669995823,-47.0357890545212,0 -60.8603425368785,-47.0396586835014,0 -60.8639143148937,-47.0405790937501,0 -60.8666670002818,-47.0418608318119,0 -60.8674030836853,-47.0425956957347,0 -60.8682905355797,-47.0433330004176,0 -60.8726826248032,-47.047317374797,0 -60.87666700008199,-47.05093065652449,0 -60.8778681714789,-47.0521318279215,0 -60.879315926189,-47.0533330002177,0 -60.8831709061124,-47.0568290939875,0 -60.8866669998821,-47.0600004803379,0 -60.8883332601718,-47.0616655193482,0 -60.8903413167983,-47.0633330000179,0 -60.8923518141848,-47.0676494058953,0 -60.8946406328588,-47.07130663299469,0 -60.8958149496002,-47.073332999818,0 -60.8960957107484,-47.0739042887519,0 -60.89666699968221,-47.0744926684019,0 -60.9006538166203,-47.0793461835794,0 -60.90392774187179,-47.0833329996182,0 -60.9051630938017,-47.0848369061982,0 -60.9066670003817,-47.08666796095761,0 -60.90935620892179,-47.09064257049819,0 -60.91117627756309,-47.09333300031771,0 -60.9129328693564,-47.09706590986381,0 -60.9151850667374,-47.1018510666734,0 -60.9158820880879,-47.1033330001178,0 -60.91586621865099,-47.10413378164869,0 -60.9164387288642,-47.11310594898031,0 -60.9164338455455,-47.113332999918,0 -60.91638867979371,-47.1136113203061,0 -60.9153620686046,-47.12202928942011,0 -60.9151276935881,-47.1233329997181,0 -60.9146662676341,-47.1253325118859,0 -60.9135419999633,-47.130208000199,0 -60.9128205647173,-47.13333300041761,0 -60.9094257894686,-47.1360917895045,0 -60.9066670003817,-47.138332999868,0 -60.90375806408339,-47.14042284353929,0 -60.89971021285599,-47.1433330002177,0 -60.8979401932852,-47.1446049725414,0 -60.89666699968221,-47.1455205003708,0 -60.8920002521099,-47.1480009690694,0 -60.8915644613308,-47.1482304607671,0 -60.8866669998821,-47.150832999843,0 -60.8852876053386,-47.15195360547451,0 -60.8843818441467,-47.15333300001791,0 -60.8828571857105,-47.1571415938095,0 -60.88217725417691,-47.1588432541129,0 -60.8803815994312,-47.1633329998181,0 -60.8801801836685,-47.16684618340459,0 -60.880000740142,-47.17000048083749,0 -60.87980909011739,-47.1733329996182,0 -60.880000740142,-47.1766655192982,0 -60.880000740142,-47.1800004806376,0 -60.8802155836822,-47.1833330003176,0 -60.8801045003224,-47.1867704996588,0 -60.8798811114241,-47.19011766839569,0 -60.879770027165,-47.1933330001178,0 -60.8790998613695,-47.1957646410253,0 -60.8771430741935,-47.2028569258064,0 -60.8770124593574,-47.203332999918,0 -60.87666700008199,-47.2038334879251,0 -60.87279004702301,-47.2094560466592,0 -60.8701154866404,-47.2133329997181,0 -60.8687080152626,-47.21537401559831,0 -60.8666670002818,-47.2183330000678,0 -60.8636372148855,-47.2203032150213,0 -60.8589741293525,-47.2233330004176,0 -60.8576838459327,-47.2243510662487,0 -60.8566669995823,-47.22564012928851,0 -60.8536359938061,-47.2303032148214,0 -60.85166700013189,-47.2333330002177,0 -60.8499995194622,-47.2366655198978,0 -60.8466669997822,-47.2433330000179,0 -60.8447309644624,-47.2513969644983,0 -60.84435865053129,-47.253332999818,0 -60.84393872828961,-47.2560600509306,0 -60.8433332597221,-47.2600004808375,0 -60.8428205643175,-47.2633329996182,0 -60.843257576376,-47.2667436443037,0 -60.8437251051295,-47.2703911056649,0 -60.8441023023793,-47.27333300031771,0 -60.8446467366575,-47.2753544847217,0 -60.8466669997822,-47.2828593667663,0 -60.84675977384439,-47.28324022695491,0 -60.84677075996261,-47.2833330001178,0 -60.8467695386832,-47.2834355390188,0 -60.8470527423901,-47.2929472582094,0 -60.84704785907141,-47.29333299991801,0 -60.8471211016575,-47.2937871017933,0 -60.8483881915617,-47.3016118088379,0 -60.8486665119499,-47.3033329997181,0 -60.85166700013189,-47.30833300006789,0 -60.8546662679339,-47.31333300041759,0 -60.8554060133767,-47.31459520700319,0 -60.8566669995823,-47.3166679608577,0 -60.8591669997572,-47.3208330000429,0 -60.8606672442979,-47.3233330002178,0 -60.86288282038581,-47.3271171801137,0 -60.8666670002818,-47.33333300001791,0 -60.8742854082449,-47.3357133714749,0 -60.87666700008199,-47.33666551969791,0 -60.8866669998821,-47.340000480138,0 -60.889167000057,-47.3408329996432,0 -60.89666699968221,-47.343332999818,0 -60.905850349414,-47.3441484295064,0 -60.9066670003817,-47.3442216720924,0 -60.9075922930498,-47.3442582933855,0 -60.9160456621775,-47.34395555820241,0 -60.9166670001819,-47.34398241375741,0 -60.91759351323,-47.3442582933855,0 -60.9246394118793,-47.3453593675407,0 -60.926666999982,-47.3462748944708,0 -60.93097852344,-47.3490214761601,0 -60.93477735149361,-47.3514433513296,0 -60.9366669997822,-47.3526469652852,0 -60.93718335722609,-47.3528178634536,0 -60.9380378498668,-47.35333299961821,0 -60.9437910234369,-47.3562089766629,0 -60.9466669995823,-47.3576469647356,0 -60.950946785066,-47.359053214834,0 -60.9545795973705,-47.3612455974064,0 -60.9566670002818,-47.36228807803229,0 -60.9581245198307,-47.3618754807688,0 -60.9610395589285,-47.3633330003177,0 -60.9648847731137,-47.3651152263865,0 -60.9666670000819,-47.36862840997309,0 -60.9689851150709,-47.37101366384951,0 -60.9693330160059,-47.3733330001178,0 -60.97280713664,-47.37719286335989,0 -60.9766669998821,-47.3814824136824,0 -60.9774018629056,-47.3825981368944,0 -60.9776276934633,-47.383332999918,0 -60.9773908767875,-47.3840580981027,0 -60.9779328694063,-47.3920659098138,0 -60.9777082601281,-47.3933329997181,0 -60.9775214925228,-47.3941874923589,0 -60.9766669998821,-47.398093742632,0 -60.9755671461069,-47.40223192536299,0 -60.97562940257481,-47.4033330004176,0 -60.9758869711068,-47.40411424957291,0 -60.9766669998821,-47.4077348553792,0 -60.9777778397754,-47.4122221603244,0 -60.9779878008962,-47.4133330002177,0 -60.9786384352156,-47.4153056559312,0 -60.9803315510602,-47.4196684488398,0 -60.98134961689129,-47.4233330000179,0 -60.9827485429109,-47.4272514567892,0 -60.9839509355872,-47.43061571444359,0 -60.9849201736271,-47.433332999818,0 -60.9854646070059,-47.4345341721143,0 -60.9866669996823,-47.4371928630601,0 -60.9886115803601,-47.4413896402197,0 -60.9895832600594,-47.4433329996182,0 -60.9920600667186,-47.4479399332812,0 -60.9930463945754,-47.4497123945114,0 -60.99504224380439,-47.45333300031771,0 -60.99562818179511,-47.45437059762489,0 -60.99666700038171,-47.4562138597818,0 -60.9998640219071,-47.46013719897249,0 -61.00246900174299,-47.4633330001178,0 -61.0037605055429,-47.4662407151368,0 -61.0066670001819,-47.47013475801261,0 -61.0080830160184,-47.4719169840815,0 -61.0092060624098,-47.47333299991791,0 -61.0116926348072,-47.4783061447127,0 -61.0119001542687,-47.4785673752841,0 -61.0154755934238,-47.4833329997181,0 -61.01666699998201,-47.4857158128344,0 -61.01884351401689,-47.4911577067627,0 -61.0204755937736,-47.49333300041759,0 -61.0207685623192,-47.4974345627548,0 -61.0208881910372,-47.4991118082633,0 -61.02119092622021,-47.5033330002178,0 -61.0195026936943,-47.5061674726507,0 -61.01666699998201,-47.5090898358272,0 -61.014800545209,-47.5114653239655,0 -61.013333259922,-47.51333300001789,0 -61.01084546714461,-47.5175126873606,0 -61.0066670001819,-47.5218168867399,0 -61.0060859455099,-47.5227519451461,0 -61.0057233964176,-47.523332999818,0 -61.00434033983479,-47.5256596601652,0 -61.00270337675941,-47.5293681558157,0 -60.9974995198869,-47.53333299961821,0 -61.00287305454781,-47.5371269452523,0 -61.0066670001819,-47.5409208908863,0 -61.008080574359,-47.5419194261406,0 -61.0097102124563,-47.5433330003177,0 -61.013859383104,-47.5461406171957,0 -61.01666699998201,-47.5488505784913,0 -61.0192927325735,-47.5507060471463,0 -61.0223176346511,-47.5533330001178,0 -61.0249116292682,-47.55508837153109,0 -61.0266669997822,-47.55678270685641,0 -61.03066602321841,-47.5593339764818,0 -61.0357136309793,-47.563332999918,0 -61.03636304491861,-47.5636357342017,0 -61.03666699958231,-47.5637993082914,0 -61.0377204672258,-47.5643876879414,0 -61.0428962481633,-47.5671049724165,0 -61.0466670002818,-47.5695488207215,0 -61.0490803300931,-47.5709208902868,0 -61.0533320387426,-47.5733329997181,0 -61.0556941000027,-47.5743046794174,0 -61.05666700008199,-47.5747929609263,0 -61.0592609937998,-47.5759257730559,0 -61.0626081625366,-47.57739061758289,0 -61.0666669998821,-47.5791679612324,0 -61.0691352620826,-47.580864738217,0 -61.0727265706747,-47.5833330004176,0 -61.0749336014046,-47.5850663986953,0 -61.07666699968221,-47.5869438395865,0 -61.0791401443022,-47.59085985559779,0 -61.07999951936231,-47.5933330002177,0 -61.0788996655871,-47.5955668865026,0 -61.07666699968221,-47.6000981368195,0 -61.07545850420649,-47.6021245036429,0 -61.0750727615986,-47.6033330000179,0 -61.0696418537885,-47.6063066326449,0 -61.0666669998821,-47.6079374920216,0 -61.0625459060687,-47.6092119060046,0 -61.05999951976199,-47.610000480138,0 -61.05666700008199,-47.61103075426589,0 -61.0549091879087,-47.6115751876447,0 -61.04923169768469,-47.61333299981811,0 -61.047407967004,-47.6140727461603,0 -61.0466670002818,-47.6148491128962,0 -61.0432734454131,-47.6199394456489,0 -61.041010261914,-47.6233329996182,0 -61.03927320159689,-47.6259379803535,0 -61.03666699958231,-47.6298466722861,0 -61.0347004475676,-47.63333300031769,0 -61.035102058713,-47.63489794118699,0 -61.03666699958231,-47.64100145735131,0 -61.0372089922012,-47.6427910074989,0 -61.0373737866708,-47.6433330001178,0 -61.03768018389331,-47.6443461835295,0 -61.039534431269,-47.6504643478513,0 -61.0404035720671,-47.65333299991801,0 -61.0416865314082,-47.6583134687915,0 -61.0416962971464,-47.6583622965827,0 -61.0428706129883,-47.6633329997181,0 -61.04411939269581,-47.66587938692409,0 -61.0466670002818,-47.6710698160192,0 -61.0474116290434,-47.67258837075669,0 -61.0477778401751,-47.67333300041759,0 -61.04982251719539,-47.6764897386105,0 -61.0512690506262,-47.6787309489741,0 -61.0543073804812,-47.6833330002178,0 -61.05525830832419,-47.68474169107609,0 -61.05666700008199,-47.6868071208519,0 -61.0593220289884,-47.6906767498321,0 -61.06114331800971,-47.69333300001789,0 -61.0634711996361,-47.6965288011632,0 -61.0666669998821,-47.7004936449657,0 -61.0682160722139,-47.7017851487656,0 -61.0698615797481,-47.703332999818,0 -61.0736420976047,-47.7063579018956,0 -61.07666699968221,-47.7093828048725,0 -61.0788215405816,-47.7111772383388,0 -61.0811115796357,-47.71333299961821,0 -61.0841975178012,-47.7158012618187,0 -61.0866670003817,-47.7182719647793,0 -61.08942823022859,-47.7205717695714,0 -61.0923615804226,-47.7233330003177,0 -61.0947529370984,-47.7252470625019,0 -61.0966670001819,-47.72716112468611,0 -61.0999030837602,-47.7300981369194,0 -61.1019856033529,-47.7333330001178,0 -61.1039167562533,-47.73608202346659,0 -61.106666999982,-47.7400004802379,0 -61.1080244222892,-47.7419755785101,0 -61.1089582594161,-47.743332999918,0 -61.1121125568489,-47.7478862224712,0 -61.114208504219,-47.750874504155,0 -61.11592969509929,-47.7533329997181,0 -61.11623731270181,-47.75376268769779,0 -61.1166669997822,-47.7543486247891,0 -61.1204939046699,-47.7595073168092,0 -61.1233332595223,-47.7633330004176,0 -61.12403882623081,-47.7659599533891,0 -61.12578321062669,-47.772449211262,0 -61.1260212476824,-47.7733330002177,0 -61.1260420004379,-47.7739580002615,0 -61.12633252732421,-47.78299852775979,0 -61.1263435134424,-47.7833330000179,0 -61.1262812578737,-47.7837187426258,0 -61.1266645588223,-47.79333544147741,0 -61.1229304279968,-47.7995976484127,0 -61.1207014241314,-47.8033329996182,0 -61.11914014440211,-47.8058061442381,0 -61.1166669997822,-47.8097221602495,0 -61.1152534256051,-47.81191942614051,0 -61.114302497762,-47.81333300031759,0 -61.11115918734661,-47.8178251876822,0 -61.1086018140225,-47.8213994064574,0 -61.1072224194791,-47.8233330001178,0 -61.106989265742,-47.8236552658778,0 -61.106666999982,-47.824102042775,0 -61.1027534256301,-47.82941942556601,0 -61.0998737874453,-47.83333299991799,0 -61.099060798517,-47.8357280195324,0 -61.0966670001819,-47.8427763589418,0 -61.09652173628899,-47.8431889571046,0 -61.0963630446188,-47.8436357340019,0 -61.0939130935144,-47.8505790937501,0 -61.0929414138151,-47.8533330004176,0 -61.0913044507398,-47.857971672055,0 -61.09090894329311,-47.8590898360271,0 -61.0894123616911,-47.8633330002177,0 -61.08888867926909,-47.8655546800044,0 -61.08717969488699,-47.8728203046133,0 -61.087058845789,-47.87333300001789,0 -61.0866670003817,-47.87555467980459,0 -61.0854389725305,-47.8821049728662,0 -61.0851118243511,-47.883332999818,0 -61.0842109455787,-47.8857890546211,0 -61.0829060140013,-47.88957323451711,0 -61.0814289629762,-47.8933329996182,0 -61.08000074064171,-47.8966655192982,0 -61.0775007404667,-47.9025004808125,0 -61.0771430737938,-47.9033330003177,0 -61.0770002515603,-47.90366747257579,0 -61.07666699968221,-47.904443840211,0 -61.0739997633783,-47.9106669841939,0 -61.0728571855106,-47.9133330001178,0 -61.0710004964757,-47.91766649581209,0 -61.0700007399421,-47.9200004802379,0 -61.06857129722751,-47.923332999918,0 -61.06793653144571,-47.9246025314816,0 -61.0666669998821,-47.9277763594914,0 -61.06495801549999,-47.931624015336,0 -61.0642854080451,-47.9333329997181,0 -61.06296338665091,-47.9370366129493,0 -61.06228101345791,-47.9389457927141,0 -61.06071485130931,-47.9433330004176,0 -61.059649178067,-47.9463163987828,0 -61.0574079668042,-47.9525932538755,0 -61.0571430741935,-47.9533330002178,0 -61.05700025196,-47.9536674724758,0 -61.05666700008199,-47.95428514844081,0 -61.053244147999,-47.9599101488342,0 -61.0509089431931,-47.9633330000179,0 -61.0490400467607,-47.9657060464968,0 -61.0466670002818,-47.96871874207619,0 -61.0446333084803,-47.9712993089159,0 -61.0430305250387,-47.9733329998181,0 -61.0401667562907,-47.9768339769064,0 -61.03666699958231,-47.9811113207308,0 -61.035757576351,-47.98242479676691,0 -61.0351289142679,-47.9833329996182,0 -61.0316657788526,-47.988332999968,0 -61.0282050859959,-47.99333300031759,0 -61.0275056229861,-47.9941728439016,0 -61.0266669997822,-47.9952080004488,0 -61.0231538161956,-47.99981981653131,0 -61.0204768141536,-48.0033330001178,0 -61.01857129642809,-48.005237296564,0 -61.01666699998201,-48.0071415939094,0 -61.0136787191975,-48.01034471913351,0 -61.0112495199493,-48.01333299991799,0 -61.0093330152064,-48.0159990158419,0 -61.0066670001819,-48.01999803927799,0 -61.0053571852858,-48.0220244061014,0 -61.0045100176232,-48.0233329997181,0 -61.0014289627764,-48.0280937426321,0 -61.0005549395587,-48.0294438399612,0 -60.9980390699471,-48.0333330004176,0 -60.9975312578612,-48.0341972578971,0 -60.99666700038171,-48.0356669839441,0 -60.99382764463009,-48.0404936444661,0 -60.992156501921,-48.0433330002177,0 -60.9901240313989,-48.0467900310351,0 -60.9866669996823,-48.0526664962617,0 -60.98643750798459,-48.0531035074209,0 -60.986349617241,-48.0533330000179,0 -60.984197518001,-48.0608647385168,0 -60.98349195129251,-48.063332999818,0 -60.98349195129251,-48.0733329996182,0 -60.98384961706611,-48.0761503831336,0 -60.9845918050677,-48.0812578048038,0 -60.9848640217572,-48.0833330003177,0 -60.9850373615849,-48.0849638596943,0 -60.98591870888131,-48.0925859296968,0 -60.9860004959261,-48.0933330001178,0 -60.9861115801852,-48.0938896408942,0 -60.9866669996823,-48.0966679605579,0 -60.98777051549679,-48.1022294841034,0 -60.9880000080939,-48.103332999918,0 -60.9888886794689,-48.1055546797047,0 -60.9904768147531,-48.1095244059265,0 -60.99333325942229,-48.1166655193982,0 -60.99555493920909,-48.1222221605242,0 -60.9960004957263,-48.12333300041761,0 -60.9961909253709,-48.1238090745291,0 -60.99666700038171,-48.125000480188,0 -60.9985188069973,-48.1314824139822,0 -60.9990473709394,-48.1333330002178,0 -61.0022065507916,-48.137793449608,0 -61.0066670001819,-48.1418657147309,0 -61.00733350393799,-48.1426664962618,0 -61.0079755937986,-48.1433330000179,0 -61.011701179266,-48.1482988207339,0 -61.01666699998201,-48.1530668868273,0 -61.0167878499793,-48.1532109294408,0 -61.0169050370378,-48.15333299981801,0 -61.01761670744499,-48.15428270728109,0 -61.0209748614007,-48.1590239178195,0 -61.0254987867396,-48.1633329996182,0 -61.0260127034235,-48.1639872968762,0 -61.0266669997822,-48.16482469880081,0 -61.0302058185437,-48.1697929611762,0 -61.0340730058645,-48.1733330003177,0 -61.0354377522504,-48.1745610272695,0 -61.03666699958231,-48.1756669847435,0 -61.0400739822285,-48.1799272378517,0 -61.04305493983351,-48.1833330001178,0 -61.0446967853283,-48.1853032150713,0 -61.0466670002818,-48.1876664958121,0 -61.0491853106535,-48.19081590992619,0 -61.051388679344,-48.19333299991799,0 -61.0527497636906,-48.1972514566893,0 -61.05390088691641,-48.2005668865525,0 -61.0548615804975,-48.2033329997181,0 -61.0525398025698,-48.2074614176103,0 -61.0519331136223,-48.2085991130586,0 -61.0488886800685,-48.2133330004176,0 -61.048222175413,-48.2148881755488,0 -61.0466670002818,-48.2172221599747,0 -61.0445417556974,-48.2212065352534,0 -61.0431745685515,-48.2233330002177,0 -61.0412226637949,-48.2278886644303,0 -61.039442878486,-48.2305571211142,0 -61.03777783947571,-48.2333330000179,0 -61.03716626720939,-48.233833488025,0 -61.03666699958231,-48.2341801676806,0 -61.0335432206431,-48.2364555585771,0 -61.03137281030691,-48.23803759016261,0 -61.0266669997822,-48.241467765425,0 -61.0255878987625,-48.2422538987984,0 -61.0241669996073,-48.2433329998181,0 -61.0198103103975,-48.2464750898534,0 -61.01666699998201,-48.24892626133779,0 -61.014118172016,-48.2507841716522,0 -61.010757576401,-48.25333299961819,0 -61.00838086698339,-48.25504686731901,0 -61.0066670001819,-48.25638475815,0 -61.00252515451221,-48.25919237502801,0 -60.99666700038171,-48.2633330003177,0 -60.992193123214,-48.2688603433301,0 -60.9885725174077,-48.2733330001178,0 -60.98782666826609,-48.2744926678023,0 -60.9866669996823,-48.27629686700669,0 -60.984134041153,-48.2807988201094,0 -60.98314893367629,-48.2833329999179,0 -60.9821430743433,-48.2878569261562,0 -60.98194532062,-48.2886113206559,0 -60.9810004964757,-48.2933329997181,0 -60.98092969554899,-48.297595695385,0 -60.980904060374,-48.29909471864631,0 -60.9808332594473,-48.30333300041761,0 -60.9820002521099,-48.3080009683699,0 -60.9822224197288,-48.308887198985,0 -60.9833332596222,-48.3133330002178,0 -60.98306348459211,-48.3169365153079,0 -60.9824152910328,-48.3190825117485,0 -60.9822224197288,-48.3233330000179,0 -60.9811384353904,-48.3278056559063,0 -60.980800301093,-48.32919969950651,0 -60.9797981037994,-48.33333299981799,0 -60.9790705648546,-48.3357353435113,0 -60.9768122637749,-48.3431889570047,0 -60.9767683184031,-48.3433329996182,0 -60.9767426832282,-48.3434086838636,0 -60.9766669998821,-48.3436650311162,0 -60.9744184645405,-48.3510844649761,0 -60.9737373126268,-48.3533330003177,0 -60.9722736893792,-48.3577275312006,0 -60.971957527318,-48.3586235275537,0 -60.97047681425349,-48.3633330001178,0 -60.9697797929031,-48.36644579293899,0 -60.9687971270857,-48.37120165253419,0 -60.9683332594723,-48.37333299991799,0 -60.96809522241651,-48.3747612222526,0 -60.9666670000819,-48.3833329997181,0 -60.9647919999508,-48.3914580002864,0 -60.9643598712111,-48.3933330004176,0 -60.9646442952979,-48.3953544848215,0 -60.9656220777966,-48.4022880779324,0 -60.9657697833488,-48.4033330002177,0 -60.9661909259704,-48.4038090743293,0 -60.9666670000819,-48.4043486252888,0 -60.97056592537709,-48.4094340738234,0 -60.973555427441,-48.4133330000179,0 -60.9749055256694,-48.4150932538506,0 -60.9766669998821,-48.41739061698339,0 -60.9792219315469,-48.42077928943259,0 -60.9810749585425,-48.4233329998181,0 -60.9833967364702,-48.4266044843095,0 -60.9866669996823,-48.43121141797249,0 -60.98754712659859,-48.4324516523218,0 -60.9881721266423,-48.4333329996182,0 -60.9882758868227,-48.4349418867586,0 -60.9886872637062,-48.4413139566737,0 -60.98881787854219,-48.44333300031771,0 -60.98896558409441,-48.4456328051098,0 -60.98929273227369,-48.4507060471463,0 -60.9894624100621,-48.4533330001178,0 -60.9894624100621,-48.4561284104977,0 -60.9891364822628,-48.4608647386167,0 -60.9891364822628,-48.4633329999179,0 -60.9885712970277,-48.4652372972634,0 -60.9866669996823,-48.4716655199477,0 -60.986286140393,-48.4729521404289,0 -60.9861726153738,-48.4733329997181,0 -60.9858674394308,-48.47413378124891,0 -60.983477303135,-48.480144523351,0 -60.9823139725118,-48.48333300041761,0 -60.9809150464922,-48.4875810470277,0 -60.9802265704998,-48.4897734296001,0 -60.9790803296934,-48.4933330002177,0 -60.9784028398192,-48.4950688401548,0 -60.9766669998821,-48.4995097580688,0 -60.9755927812818,-48.5022587814176,0 -60.9751728590402,-48.50333300001791,0 -60.97333325982199,-48.5066655196979,0 -60.9721479569626,-48.5088139568986,0 -60.9696552808665,-48.51333299981799,0 -60.9685932696636,-48.51525926939969,0 -60.9666670000819,-48.51875048075,0 -60.9649616777392,-48.52162645689539,0 -60.96395093598691,-48.5233329996182,0 -60.96134961729099,-48.52801561752671,0 -60.9607148515091,-48.52928514819099,0 -60.9586213457984,-48.5333330003177,0 -60.9566670002818,-48.5376909099075,0 -60.9549213946066,-48.5415873944427,0 -60.9541377028926,-48.5433330001178,0 -60.9519856036526,-48.5480131754676,0 -60.9517866286499,-48.54845262918539,0 -60.94949048589719,-48.553332999918,0 -60.948563972849,-48.5552299722854,0 -60.9466669995823,-48.559045891055,0 -60.94523877724771,-48.5619047773835,0 -60.9445234457004,-48.5633329997181,0 -60.9438545002849,-48.56614549991491,0 -60.9430134354217,-48.5696782149776,0 -60.9421430742435,-48.5733330004176,0 -60.941613289022,-48.5782792887582,0 -60.94159986124459,-48.5784013591354,0 -60.9410712973025,-48.5833330002177,0 -60.94077710747749,-48.58744432829311,0 -60.94055493985851,-48.5894438395615,0 -60.9402558676141,-48.5933330000179,0 -60.940144783355,-48.59680956231139,0 -60.9399763259466,-48.6000224532735,0 -60.9398664629668,-48.6033329998181,0 -60.9397431722096,-48.6064091722454,0 -60.9395832601593,-48.6104179605204,0 -60.9394660722014,-48.6133329996182,0 -60.93954297682691,-48.61620897666289,0 -60.9393525471822,-48.6206474529176,0 -60.9394355546071,-48.62333300031761,0 -60.9404157796645,-48.6270829996806,0 -60.940698982472,-48.6293022387073,0 -60.9422224196289,-48.6333330001178,0 -60.94396436326469,-48.6360356364354,0 -60.9466669995823,-48.63777880045131,0 -60.9494440997653,-48.6405546793549,0 -60.9522224203284,-48.643332999918,0 -60.9539643630649,-48.6460356371349,0 -60.9566670002818,-48.6477788011507,0 -60.95944409956551,-48.6505546800544,0 -60.9622224201286,-48.6533329997181,0 -60.96396436286501,-48.656035636935,0 -60.9666670000819,-48.65777880095081,0 -60.9704548420173,-48.6595463788623,0 -60.9743342367356,-48.6610014567518,0 -60.9766669998821,-48.6619609299529,0 -60.9777033768094,-48.662295402211,0 -60.9813313066944,-48.66333300041759,0 -60.9848054273286,-48.66519335149199,0 -60.9866669996823,-48.6661918867462,0 -60.99116040832621,-48.6688383711938,0 -60.994315926139,-48.6709819259751,0 -60.99666700038171,-48.6725346603462,0 -60.9970710522872,-48.672930167793,0 -60.9974360430389,-48.6733330002177,0 -60.9976667560159,-48.67433153547191,0 -60.9991669996573,-48.680832999843,0 -60.9997431719098,-48.68333300001791,0 -61.0006660238179,-48.6873320234541,0 -61.0010419997884,-48.6889580004113,0 -61.0020515211608,-48.69333299981799,0 -61.0030305258381,-48.6969706954412,0 -61.0040351638917,-48.7007011642273,0 -61.0047431722596,-48.7033329996182,0 -61.00523755656791,-48.7047612228521,0 -61.0066670001819,-48.7088896407443,0 -61.0077778400752,-48.7122221604243,0 -61.0081477132463,-48.7133330003177,0 -61.0090192948045,-48.71568407456031,0 -61.01038037915111,-48.7196196211486,0 -61.01186597463499,-48.7233330001178,0 -61.01337842567369,-48.7266215744261,0 -61.01666699998201,-48.733332999918,0 -61.01666699998201,-48.7433452071156,0 -61.0171015703811,-48.7528984300185,0 -61.0171430740935,-48.7533330004176,0 -61.017222419479,-48.7538871995346,0 -61.0183332593724,-48.76166796120741,0 -61.01857129642809,-48.76333300021781,0 -61.0186665121498,-48.7653325114862,0 -61.0189387288392,-48.77106005078069,0 -61.019047371439,-48.7733330000179,0 -61.019047371439,-48.8133330001178,0 -61.0189387288392,-48.815605949355,0 -61.0183332593724,-48.8216679609076,0 -61.01824536952811,-48.82333299991801,0 -61.0180622639623,-48.8247270426189,0 -61.01666699998201,-48.8333329997181,0 -61.01666699998201,-48.86333300001791,0 -61.0156660230685,-48.8723320238038,0 -61.0155549397086,-48.87333299981799,0 -61.0153327711904,-48.8746660082297,0 -61.014285408145,-48.8809526290605,0 -61.013888679419,-48.8833329996182,0 -61.0129621663709,-48.8870366128494,0 -61.0123530348646,-48.88901903520021,0 -61.0114289625765,-48.8933330003177,0 -61.00960767355529,-48.8962748949704,0 -61.0066670001819,-48.9010258712469,0 -61.0057441482738,-48.9024101482098,0 -61.005238776948,-48.9033330001178,0 -61.0004169997447,-48.9070830003801,0 -60.99666700038171,-48.910000480238,0 -60.9947920002506,-48.9114579997868,0 -60.9923811111993,-48.913332999918,0 -60.98930493967121,-48.91596971862761,0 -60.9866669996823,-48.9187871012437,0 -60.984779793053,-48.9214457930888,0 -60.9838886800185,-48.9233329997181,0 -60.982499519737,-48.9275004805627,0 -60.98208325953479,-48.92875048065009,0 -60.9805561603385,-48.9333330004176,0 -60.9789997639279,-48.9356669839441,0 -60.9766669998821,-48.93916551937319,0 -60.9751521071839,-48.9418168871396,0 -60.9745832599095,-48.94333300021781,0 -60.9720832597346,-48.9533330000179,0 -60.9710004957762,-48.9576664957121,0 -60.9705561605384,-48.959443840261,0 -60.9695832595597,-48.963332999818,0 -60.9694672928812,-48.96613329261729,0 -60.9692756428566,-48.9707231364636,0 -60.9691670002568,-48.9733329996182,0 -60.9693330160059,-48.9759990155421,0 -60.96960767345531,-48.980391105665,0 -60.9697920003005,-48.98333300031769,0 -60.97000074014199,-48.9866655190984,0 -60.9701960531053,-48.9898027267144,0 -60.9704170003442,-48.9933330001178,0 -60.9706672438982,-48.99733202355399,0 -60.97078443185601,-48.99921434776391,0 -60.9713337476543,-49.0079985271103,0 -60.9713728106067,-49.0086259688134,0 -60.9719611893574,-49.0180400315222,0 -60.97200025230979,-49.0186674723259,0 -60.9722919995761,-49.02333300041759,0 -60.9734113848275,-49.0265898358522,0 -60.9766669998821,-49.0303325120358,0 -60.97843213703349,-49.0315678630664,0 -60.9809528890646,-49.0333330002177,0 -60.9822224197288,-49.03777880055119,0 -60.98266675586601,-49.0393315349224,0 -60.9838093337337,-49.0433330000179,0 -60.9838093337337,-49.04618944558639,0 -60.9866645589222,-49.0533354414774,0 -60.98266675586601,-49.059333976182,0 -60.9800007399422,-49.0633329996182,0 -60.9789753500323,-49.0656401284891,0 -60.9766669998821,-49.0708330001428,0 -60.97589795722491,-49.0725639567611,0 -60.9755561599887,-49.0733330003177,0 -60.97500074049169,-49.07500048008799,0 -60.97333325982199,-49.0800004804378,0 -60.97222241992869,-49.0833330001178,0 -60.96989331792219,-49.0865580975781,0 -60.9687727131901,-49.0912285080892,0 -60.96791700016941,-49.0933329999179,0 -60.9675361408801,-49.0942021407162,0 -60.9675361408801,-49.1024638598192,0 -60.96733350383811,-49.1033329997181,0 -60.9675007399671,-49.10416551922331,0 -60.9688886798687,-49.1111113206309,0 -60.9693330160059,-49.1133330004176,0 -60.97000074014199,-49.1166655191983,0 -60.9705561605384,-49.1194438397613,0 -60.9713337476543,-49.12333300021781,0 -60.9709089429933,-49.1275761644084,0 -60.97111158003539,-49.1288896404445,0 -60.9708332596472,-49.1333330000179,0 -60.97200025230979,-49.1380009688696,0 -60.9724995199368,-49.1391655198728,0 -60.973888679319,-49.143332999818,0 -60.9742854080451,-49.145713371275,0 -60.9753339923698,-49.1519999921059,0 -60.9757148516591,-49.1542851487406,0 -60.9766669998821,-49.16000048063759,0 -60.97722242027849,-49.16333300031769,0 -60.97719312306409,-49.1638579022203,0 -60.9766669998821,-49.1733330001178,0 -60.9752387775475,-49.1819047775834,0 -60.97500074049169,-49.18333299991801,0 -60.97484937290021,-49.1851518472799,0 -60.9748481525202,-49.1915141523562,0 -60.97444409971539,-49.1955546795048,0 -60.9766669998821,-49.2033330004176,0 -60.9706672438982,-49.2073320238538,0 -60.9666670000819,-49.208332999868,0 -60.9627961507217,-49.2094633712376,0 -60.960537849642,-49.2094633712376,0 -60.9566670002818,-49.2101762620248,0 -60.9545051344044,-49.2111699139603,0 -60.94809522281621,-49.2133330002177,0 -60.9471113357195,-49.21377733635499,0 -60.9466669995823,-49.2138603437798,0 -60.9456916578437,-49.2143095623364,0 -60.9403474194978,-49.21701219955331,0 -60.9366669997822,-49.2184428635473,0 -60.9328742754274,-49.2195390543838,0 -60.9294795001787,-49.22052049982121,0 -60.926666999982,-49.2213334878501,0 -60.92479199985091,-49.2214579998868,0 -60.9188886799686,-49.22111132023119,0 -60.9166670001819,-49.22122850818909,0 -60.9143147046598,-49.2209794841158,0 -60.9097102126561,-49.2202885664641,0 -60.9066670003817,-49.2200004803378,0 -60.90254956860759,-49.2192167886238,0 -60.9010664138838,-49.2189335858163,0 -60.89666699968221,-49.21809618389181,0 -60.8929633864511,-49.2170366134489,0 -60.889334236186,-49.2159990152423,0 -60.8866669998821,-49.2152372966639,0 -60.88515699050259,-49.2148417892171,0 -60.8786665113504,-49.2133330002177,0 -60.8770368732531,-49.21296190666659,0 -60.87666700008199,-49.2128788983425,0 -60.8760786213313,-49.212744621467,0 -60.8688886800685,-49.211111320431,0 -60.8666670002818,-49.21060594910521,0 -60.8622224203284,-49.207778800751,0 -60.8591682210365,-49.2058329996931,0 -60.8566669995823,-49.2042436449282,0 -60.8561115800853,-49.2038896402946,0 -60.8552375568677,-49.2033330004176,0 -60.8502668537323,-49.1997343668475,0 -60.8466669997822,-49.19712694535221,0 -60.8444099199818,-49.1955888591385,0 -60.8407197345281,-49.1933329997181,0 -60.8381513750858,-49.19184862461429,0 -60.83666699998201,-49.1911601486219,0 -60.83192945148291,-49.188069328037,0 -60.8304194412042,-49.18708544183959,0 -60.8266670001819,-49.1846391527747,0 -60.8258442464148,-49.184155753685,0 -60.8249995195122,-49.18333299991801,0 -60.8203254469618,-49.1796757737179,0 -60.81666700038171,-49.1768120040707,0 -60.81447461691,-49.1755253826902,0 -60.812221199149,-49.1733330001178,0 -60.8094184646903,-49.1705815351097,0 -60.8066669996822,-49.1678788987921,0 -60.8037934651962,-49.16620653480371,0 -60.801458259491,-49.16333300031769,0 -60.7996345297097,-49.1603666917694,0 -60.7966669998821,-49.155666984044,0 -60.79558179516369,-49.15441942561599,0 -60.7948713460357,-49.1533329996182,0 -60.7913044513393,-49.1486967696401,0 -60.7888874585893,-49.1455522379454,0 -60.7871796954866,-49.143332999818,0 -60.7866670000819,-49.1426664960619,0 -60.7826093831165,-49.1373906169833,0 -60.7794868245572,-49.1333330000179,0 -60.7843903888054,-49.1310576091213,0 -60.7912202226351,-49.1278862227709,0 -60.7928889236848,-49.12710985513559,0 -60.7966669998821,-49.12535692538181,0 -60.79796460738071,-49.1246318280964,0 -60.80028394364899,-49.12333300021781,0 -60.8043769606282,-49.1210429611637,0 -60.8066669996822,-49.1197612231019,0 -60.8107124101496,-49.1173784099856,0 -60.8150666585994,-49.1149321209206,0 -60.81666700038171,-49.11402147641,0 -60.81712110135769,-49.1137871013936,0 -60.8180952227163,-49.1133330004176,0 -60.823999763878,-49.11066698449369,0 -60.8266670001819,-49.10946092977801,0 -60.83088941251629,-49.1075541916726,0 -60.8337263266087,-49.1062748943708,0 -60.83666699998201,-49.1049467692779,0 -60.8377778398753,-49.1044438396115,0 -60.84023877709789,-49.1033329997181,0 -60.84477857187359,-49.1014457930888,0 -60.8466669997822,-49.1005497967357,0 -60.851575447349,-49.09842333177129,0 -60.851703621425,-49.09836962066141,0 -60.8566669995823,-49.0962187418015,0 -60.8587495191749,-49.0954155195106,0 -60.8633344806017,-49.0933329999179,0 -60.8656745687263,-49.0923393479825,0 -60.8666670002818,-49.0919194257409,0 -60.8683332596722,-49.0916679609076,0 -60.8741230545353,-49.0907890543713,0 -60.87666700008199,-49.0904033126627,0 -60.8804328688818,-49.0895683514982,0 -60.8825556718067,-49.0892216718427,0 -60.8866669998821,-49.0881572189804,0 -60.8898701251061,-49.0865361253419,0 -60.89386060318419,-49.0833330001178,0 -60.8952631912433,-49.08192919167881,0 -60.89666699968221,-49.0805253832398,0 -60.9012226638948,-49.0778886636309,0 -60.9033332594224,-49.0766679607577,0 -60.9066670003817,-49.0747368087567,0 -60.9076923902915,-49.07435839022751,0 -60.9104780349333,-49.0733330003177,0 -60.91401441203541,-49.0706791917912,0 -60.9166670001819,-49.06868944536161,0 -60.91972852355249,-49.06639452298879,0 -60.9238081136535,-49.0633329996182,0 -60.9197273031725,-49.0602714762476,0 -60.9166670001819,-49.0583330001678,0 -60.9137251055292,-49.0562748944708,0 -60.9095234450509,-49.0533329998181,0 -60.9078913652942,-49.05210985528561,0 -60.9066670003817,-49.0513334885496,0 -60.9028571853108,-49.0471440354688,0 -60.8993940507947,-49.0433330000179,0 -60.89815381644541,-49.0418461832547,0 -60.89666699968221,-49.0402299729349,0 -60.894394050445,-49.035605949455,0 -60.8933332596222,-49.0333330002177,0 -60.8894440991658,-49.0305546796547,0 -60.8866669998821,-49.029412101787,0 -60.8828400958937,-49.0271611247861,0 -60.8771430741935,-49.0238090745291,0 -60.87666700008199,-49.0235283124816,0 -60.8765437093247,-49.02345751155489,0 -60.87633374820389,-49.02333300041759,0 -60.8702473218564,-49.0197538983237,0 -60.8666670002818,-49.0176469648355,0 -60.86404737138911,-49.0159526286109,0 -60.8599995192624,-49.0133329997181,0 -60.8578889237348,-49.0121098551856,0 -60.8566669995823,-49.0115873949423,0 -60.8542231521767,-49.0108891523125,0 -60.85034497873771,-49.0096562420419,0 -60.8466669997822,-49.00869676974009,0 -60.8422614827812,-49.00773729653891,0 -60.8407417067643,-49.0074077067002,0 -60.83666699998201,-49.0065214769845,0 -60.8340473710892,-49.0059526288107,0 -60.8279633864011,-49.0046293870365,0 -60.8266670001819,-49.004348624989,0 -60.8258332593974,-49.0041655194232,0 -60.82199781095021,-49.00333299991801,0 -60.817705818069,-49.0022954026107,0 -60.81666700038171,-49.00204393777741,0 -60.81496534007839,-49.0016313396146,0 -60.80965406098611,-49.0003471598935,0 -60.8066669996822,-48.9996245042674,0 -60.8024665604834,-48.9991313394397,0 -60.8010212483319,-48.99897997274751,0 -60.7966669998821,-48.99845751160479,0 -60.7922309652868,-48.9988969644233,0 -60.79097852354001,-48.9990214764599,0 -60.7866670000819,-48.9994487227803,0 -60.78313306463919,-48.99980028485519,0 -60.7798774495846,-49.0001225506152,0 -60.7766670002818,-49.0004399339558,0 -60.7740156325154,-49.0006816330509,0 -60.7687959062061,-49.0012040941936,0 -60.7666669995823,-49.0013994062576,0 -60.76524732260579,-49.0019145433214,0 -60.7626325761324,-49.00333299991801,0 -60.7584956128822,-49.005161613018,0 -60.7566669997822,-49.0059697186276,0 -60.75194409944059,-49.0080546798795,0 -60.75155957811199,-49.0082255780479,0 -60.746666999982,-49.010386222646,0 -60.7447334063216,-49.0113994060577,0 -60.7417951737083,-49.0133329997181,0 -60.7388178790418,-49.0154838785781,0 -60.7366670001819,-49.0170366129493,0 -60.733087898088,-49.0197538983237,0 -60.72837354310451,-49.02333300041759,0 -60.72740308378521,-49.0240703051005,0 -60.7266670003817,-49.0246293866368,0 -60.7217707602124,-49.02843798042841,0 -60.7208357009068,-49.0291655193732,0 -60.71666699968231,-49.0324077066503,0 -60.7161323320415,-49.0327983316776,0 -60.7154755940234,-49.0333330002177,0 -60.7145832597096,-49.0354179605704,0 -60.71289502718371,-49.03956102751939,0 -60.7111543048273,-49.0433330000179,0 -60.7095124593325,-49.0461772381889,0 -60.7066669998821,-49.05019579310141,0 -60.70515699050259,-49.05182421081861,0 -60.703758064483,-49.0533329998181,0 -60.7003461994175,-49.0570121991536,0 -60.69666700008201,-49.0609794846155,0 -60.6952387777474,-49.0619047772836,0 -60.6930317461181,-49.0633329996182,0 -60.6908674394807,-49.06753221843709,0 -60.68916699955739,-49.0708330001428,0 -60.6878791577968,-49.0733330003177,0 -60.6878791577968,-49.0833330001178,0 -60.6875971753693,-49.08426317610459,0 -60.6866670002818,-49.0853325113862,0 -60.6833332593224,-49.0866655197979,0 -60.68114087675,-49.0878080976655,0 -60.6766669995823,-49.0889995042237,0 -60.6727277909548,-49.0893950116704,0 -60.6703706130133,-49.08962938668679,0 -60.6666669997822,-49.0900004802379,0 -60.6638899004985,-49.0905546793549,0 -60.6583332593724,-49.0916679609076,0 -60.656666999982,-49.0919999924057,0 -60.655614753618,-49.0922807535539,0 -60.6500019606219,-49.0933329999179,0 -60.64720777152139,-49.0938749925368,0 -60.6466670001819,-49.0939775314379,0 -60.6457966390037,-49.0942021407162,0 -60.6394575274429,-49.0961235269792,0 -60.63666700038171,-49.0967607344203,0 -60.6327961501222,-49.0972050705575,0 -60.63085279072371,-49.0975200113394,0 -60.6266669996822,-49.09794969931909,0 -60.6066670000819,-49.09794969931909,0 -60.6024250562713,-49.0990898355274,0 -60.5997431718099,-49.10025682819,0 -60.5966670002818,-49.10133348844969,0 -60.5954170001943,-49.1020829996307,0 -60.5933332593224,-49.1033329997181,0 -60.5901447831551,-49.106812003671,0 -60.5893330155062,-49.11066698449369,0 -60.588205085796,-49.1133330004176,0 -60.58757642371301,-49.1142412032689,0 -60.58666699958229,-49.115554679305,0 -60.5828828205857,-49.1195488203218,0 -60.5812824788033,-49.12333300021781,0 -60.5793940508947,-49.126060050431,0 -60.5766669997822,-49.1300004803379,0 -60.5750459061436,-49.1317119063793,0 -60.5743586505313,-49.1333330000179,0 -60.575833259897,-49.134165519523,0 -60.5766669997822,-49.1346977464038,0 -60.5800007398422,-49.1366655196979,0 -60.5820954668323,-49.1379057540473,0 -60.58666699958229,-49.1406059496048,0 -60.58838086728311,-49.1416191330165,0 -60.59128125822339,-49.143332999818,0 -60.594666267734,-49.1453325119858,0 -60.5966670002818,-49.1465141519066,0 -60.60095288856489,-49.1476201093805,0 -60.6020881423539,-49.14791063716611,0 -60.6066670000819,-49.1490898363268,0 -60.6103510818369,-49.1496489178632,0 -60.6137507404043,-49.1504179605204,0 -60.6166669998821,-49.1509208901869,0 -60.6184162675966,-49.1515825115236,0 -60.6213325270744,-49.1533329996182,0 -60.6244440995155,-49.1555546794049,0 -60.6266669996822,-49.15714403506911,0 -60.63022779068,-49.1597709880406,0 -60.6350532308219,-49.16333300031769,0 -60.635941902197,-49.1640580976031,0 -60.63666700038171,-49.16464891801309,0 -60.64131421647791,-49.1686845627423,0 -60.6466670001819,-49.1733330001178,0 -60.6515986403649,-49.1784013597349,0 -60.65544751748889,-49.18333299991801,0 -60.655919929561,-49.184080070339,0 -60.656666999982,-49.18541796116989,0 -60.6594209066495,-49.19057909395001,0 -60.6608894123165,-49.1933329997181,0 -60.66098462713881,-49.1976518472549,0 -60.6610151447331,-49.1989848556665,0 -60.6611115799354,-49.2033330004176,0 -60.6588886797687,-49.20555467930501,0 -60.653888679419,-49.2105546796547,0 -60.65111158013519,-49.2133330002177,0 -60.64892652164159,-49.21559374205749,0 -60.6466670001819,-49.2180937422324,0 -60.6442219314969,-49.22088915261221,0 -60.64208326003439,-49.2233330000179,0 -60.6395551839246,-49.2262211835607,0 -60.63666700038171,-49.22952196526639,0 -60.6348066484081,-49.2314726487437,0 -60.6330305251386,-49.2333329998181,0 -60.63157910928841,-49.23824510942421,0 -60.6314484944524,-49.2385502853674,0 -60.6297224202535,-49.2433329996182,0 -60.6288239822409,-49.2454887617969,0 -60.6266669996822,-49.2506645427344,0 -60.6259394607375,-49.25260546137291,0 -60.6256403884931,-49.2533330003177,0 -60.6249995199119,-49.255000480088,0 -60.6231477132963,-49.2598149332126,0 -60.6217951734085,-49.2633330001178,0 -60.61929883617231,-49.2659648355087,0 -60.6166669998821,-49.2687382736524,0 -60.6144306719379,-49.2710966719738,0 -60.6123078690129,-49.273332999918,0 -60.60938306417709,-49.27605028529239,0 -60.6066670000819,-49.279443840161,0 -60.6050581129415,-49.281724113477,0 -60.6039216387726,-49.2833329997181,0 -60.60091992931131,-49.2875859296469,0 -60.5973335040379,-49.2926664957621,0 -60.5968635336251,-49.2933330004176,0 -60.5967878493797,-49.2934550698955,0 -60.5966670002818,-49.29370409396869,0 -60.5933332593224,-49.3000004805377,0 -60.59156934345041,-49.30333300021771,0 -60.5905427322613,-49.30720995327669,0 -60.5901081618621,-49.3098930590174,0 -60.5893330155062,-49.3133330000179,0 -60.5887177812006,-49.3153837816362,0 -60.58666699958229,-49.32222215992471,0 -60.5863947828928,-49.3230595627486,0 -60.5863337477043,-49.32333299981801,0 -60.5861909254708,-49.32380907392961,0 -60.5841023030788,-49.3307695234947,0 -60.5833332595222,-49.3333329996182,0 -60.58666699958229,-49.3393950120701,0 -60.5880647052219,-49.34193651595739,0 -60.5888337478791,-49.34333300031769,0 -60.5914814527068,-49.3481474534422,0 -60.5916132888222,-49.3483867108779,0 -60.594333015856,-49.3533330001178,0 -60.5948713455361,-49.3551274335841,0 -60.5966670002818,-49.3575761643085,0 -60.5986555254321,-49.36134325348829,0 -60.5998872144233,-49.36333299991799,0 -60.6018183673237,-49.3681816326762,0 -60.6066670000819,-49.3716679607078,0 -60.6074995195871,-49.372500480213,0 -60.6083332594723,-49.3733329997181,0 -60.6104743734935,-49.37714159350969,0 -60.6110249105711,-49.3789750899284,0 -60.6133369218614,-49.3800029214976,0 -60.6166669998821,-49.3822221605242,0 -60.6172041091822,-49.3827958902181,0 -60.617708260128,-49.3833330004176,0 -60.6190461500597,-49.3857109293159,0 -60.62025586681479,-49.38974413238579,0 -60.6253364338293,-49.39200243346549,0 -60.6266669996822,-49.3928886640805,0 -60.6271211015576,-49.3933330002178,0 -60.6274067460245,-49.3940727456606,0 -60.6266669996822,-49.3999955979185,0 -60.6260004959261,-49.4026664962618,0 -60.625833259797,-49.40333300001789,0 -60.6199018630805,-49.40656786321621,0 -60.6166669998821,-49.40740770680019,0 -60.6125642171648,-49.4092314374808,0 -60.6093330160058,-49.4106669847935,0 -60.6066670000819,-49.41185106637359,0 -60.6055854574029,-49.412251457139,0 -60.60266675626579,-49.4133329998181,0 -60.59828809392041,-49.4149540934566,0 -60.5966670002818,-49.4155546796047,0 -60.5942182695575,-49.41578173054239,0 -60.5899543535106,-49.4166215741263,0 -60.58666699958229,-49.4168632732215,0 -60.5838093336338,-49.4161894453866,0 -60.57941724441031,-49.4160820231668,0 -60.5766669997822,-49.4156254805314,0 -60.574921394107,-49.4150786054932,0 -60.5693330159059,-49.4133329998181,0 -60.5673811111493,-49.4126201090307,0 -60.566666999982,-49.4125004803129,0 -60.56541699989461,-49.41208299973059,0 -60.56016675599099,-49.409832023629,0 -60.5566670001818,-49.4089580004114,0 -60.5520002517102,-49.4086674726257,0 -60.5514033285008,-49.408596671699,0 -60.5466670003817,-49.4083330003676,0 -60.51666700008191,-49.4083330003676,0 -60.5118012775069,-49.4081987225929,0 -60.51153272285679,-49.4081987225929,0 -60.5066670002818,-49.40806932813689,0 -60.5016669999321,-49.4083330003676,0 -60.4966669995823,-49.4085893476203,0 -60.4926240316737,-49.40929003101011,0 -60.4898994222205,-49.410100578279,0 -60.4866669997822,-49.41079393759009,0 -60.48434888479319,-49.411013664449,0 -60.4784211501159,-49.41158007006409,0 -60.476666999982,-49.4117460858131,0 -60.4752180257912,-49.4118828043479,0 -60.4673689039517,-49.4126323164282,0 -60.4666670001819,-49.4126982340362,0 -60.44666699968219,-49.4126982340362,0 -60.4461445394389,-49.4128105386754,0 -60.4451862875171,-49.4133329998181,0 -60.4403181232827,-49.4169829019393,0 -60.4366669998821,-49.4197221604493,0 -60.4340131913556,-49.4206791910918,0 -60.4266670000819,-49.4233329996182,0 -60.4180952226164,-49.4247612228521,0 -60.4166670002818,-49.4250004802879,0 -60.414730964962,-49.425269034938,0 -60.40923169698521,-49.425896476641,0 -60.40666699958229,-49.4262748942709,0 -60.4034919511926,-49.42650682852731,0 -60.3999506916711,-49.4266166915071,0 -60.3966669997822,-49.42688036283851,0 -60.393000007844,-49.4269999924556,0 -60.3904902419311,-49.4271562424666,0 -60.38666699998199,-49.42727342952509,0 -60.3666670003817,-49.42727342952509,0 -60.3630561603135,-49.42694383968641,0 -60.3600007406416,-49.4266655192982,0 -60.3566669996823,-49.4263627850145,0 -60.35388868001849,-49.4261113201812,0 -60.349000984308,-49.425666984044,0 -60.3466669998821,-49.42545458216319,0 -60.3447224201035,-49.42527635901671,0 -60.3380000075942,-49.4246660080298,0 -60.3366670000819,-49.4245463793119,0 -60.3355244222143,-49.4244755783852,0 -60.3275764235131,-49.4242412033688,0 -60.3266670002818,-49.4241899339183,0 -60.3258674391309,-49.4241337811491,0 -60.31696607182669,-49.4236308514826,0 -60.3166669995823,-49.42361132000641,0 -60.3164106523297,-49.4235893477701,0 -60.3133320391423,-49.4233329996182,0 -60.3071857988855,-49.42281298013491,0 -60.3066669997822,-49.4227788005012,0 -60.3060957108484,-49.4227617106844,0 -60.297477547251,-49.4225224532486,0 -60.2966669999821,-49.42250048011301,0 -60.2958979573248,-49.422563956961,0 -60.2774360430389,-49.4241020431747,0 -60.2766670003817,-49.42416551912341,0 -60.2757575762511,-49.4242412033688,0 -60.2682050858959,-49.4248710858319,0 -60.26666699968219,-49.4250004802879,0 -60.2649274977058,-49.42507128121461,0 -60.2584065018585,-49.42507128121461,0 -60.2566669998821,-49.42515184787941,0 -60.25466748861369,-49.42533251178591,0 -60.24916700025679,-49.42583299979301,0 -60.246667000082,-49.4260600507307,0 -60.2436665119,-49.42633348869949,0 -60.2400007403418,-49.4266655192982,0 -60.2366670002818,-49.426968253582,0 -60.2321015703312,-49.428767570367,0 -60.2306672442978,-49.4293315352221,0 -60.22666699958229,-49.4309086834889,0 -60.2250983966736,-49.43176317612961,0 -60.2222224196289,-49.4333330003176,0 -60.221317878817,-49.4379838793525,0 -60.2211823806623,-49.4388163988577,0 -60.2203510824365,-49.4433330001178,0 -60.21958326015929,-49.4462504808749,0 -60.2185419999133,-49.4514579997868,0 -60.2180952230161,-49.453332999918,0 -60.2177778396755,-49.4544438398113,0 -60.2166669997821,-49.4583305586083,0 -60.2155134357964,-49.462178214453,0 -60.2152375570676,-49.46333299971811,0 -60.2153620682049,-49.4646367109154,0 -60.2161396562201,-49.4728056559562,0 -60.2161897052906,-49.4733330004176,0 -60.2162214432649,-49.4737773356555,0 -60.2166669997821,-49.47500292184729,0 -60.2185188063978,-49.4814824139822,0 -60.21904737123911,-49.48333300021769,0 -60.219230476805,-49.48589647634131,0 -60.2181477128466,-49.4918510665734,0 -60.2183332600719,-49.4933330000179,0 -60.21666455902209,-49.5033354414774,0 -60.21666455902209,-49.51333055885821,0 -60.2111115799354,-49.5088896409441,0 -60.20666699998199,-49.50933397618201,0 -60.20373975348681,-49.5062602463133,0 -60.1991657790774,-49.50333299981801,0 -60.1980952225165,-49.5019047774834,0 -60.1966670001819,-49.50151659411549,0 -60.1926679767457,-49.4993339763819,0 -60.19137281090651,-49.4986284105726,0 -60.1866670003817,-49.4960600511304,0 -60.1849018632304,-49.4950981362699,0 -60.181667000032,-49.4933330000179,0 -60.1793940507948,-49.4906059489054,0 -60.1766669996822,-49.4898027266145,0 -60.1740009846577,-49.49066698409399,0 -60.1688288648602,-49.4911723554198,0 -60.1666669998821,-49.4916679610076,0 -60.1651289136684,-49.4917949138042,0 -60.15791700016939,-49.4920829999305,0 -60.1566670000819,-49.4921806564121,0 -60.155467049065,-49.492134269381,0 -60.14860181432219,-49.4913969646981,0 -60.1466670002818,-49.4913334878502,0 -60.1444453204951,-49.4911113202312,0 -60.13939405069479,-49.4906059489054,0 -60.1366669995823,-49.4903325118359,0 -60.13466748831391,-49.4913334878502,0 -60.1306672444977,-49.4933330000179,0 -60.1276923905913,-49.494358390827,0 -60.1266669997822,-49.49460985566029,0 -60.1240583570075,-49.4959428631726,0 -60.1208918530765,-49.4975590743917,0 -60.116666999982,-49.4997172773304,0 -60.1142732007476,-49.5009379802036,0 -60.1095844800397,-49.50333299981801,0 -60.107333503938,-49.5039995035742,0 -60.1066670001819,-49.50419725819691,0 -60.1052937093372,-49.5047050702827,0 -60.1000007404418,-49.50666551949811,0 -60.0966670003817,-49.50790087142799,0 -60.0930903399472,-49.50975634008299,0 -60.08717969508681,-49.5128203051129,0 -60.08666699968219,-49.51308641810369,0 -60.0865022052126,-49.5131669847685,0 -60.08614087739949,-49.5133329996182,0 -60.07950147231499,-49.5161674729505,0 -60.0766669998821,-49.5172050702577,0 -60.0720332106641,-49.5186992110997,0 -60.0709528883651,-49.5190483324146,0 -60.066667000082,-49.520430167718,0 -60.0646211017824,-49.5212871011188,0 -60.0597443921899,-49.52333300031769,0 -60.0575764235131,-49.524241203169,0 -60.0566670002818,-49.5246245041175,0 -60.0544453204951,-49.52555468010429,0 -60.05053052576311,-49.5271977459792,0 -60.04666699958231,-49.52881639885771,0 -60.0435090410094,-49.5301738202655,0 -60.03721265444041,-49.5327861250796,0 -60.0366669997822,-49.5330180584366,0 -60.0364436108839,-49.5331108315996,0 -60.035999275646,-49.5333330001178,0 -60.0295234455505,-49.5361894456863,0 -60.02666699998199,-49.5374516522719,0 -60.0226667561658,-49.5393339764818,0 -60.0188899003486,-49.54111132013129,0 -60.0166670001819,-49.5421562424166,0 -60.0158588945723,-49.5425248943084,0 -60.013999763878,-49.54333299991799,0 -60.0088239820411,-49.5454887620966,0 -60.00666700038169,-49.546306632545,0 -60.00208325933491,-49.5479155196854,0 -60.0014668046493,-49.548132804885,0 -59.9966669996822,-49.5498198161316,0 -59.99403150225201,-49.5506987226679,0 -59.9866669998821,-49.5533329997181,0 -59.9790974197101,-49.5557646406256,0 -59.9766670000819,-49.5566044842095,0 -59.9720612867989,-49.55793993338119,0 -59.9714362867552,-49.5581035074708,0 -59.9666670002818,-49.5595952066534,0 -59.9635835037756,-49.5602495039115,0 -59.9578327718649,-49.562166007755,0 -59.9566669995823,-49.5624687420388,0 -59.9560615310148,-49.5627275309507,0 -59.95487256611601,-49.5633330004176,0 -59.9497736898039,-49.56644090992,0 -59.9466669997822,-49.568332999868,0 -59.94356031065981,-49.5702275314754,0 -59.9384626547277,-49.5733330002178,0 -59.9373737870705,-49.5740410076863,0 -59.936666999982,-49.574499991981,0 -59.93425244889139,-49.5757475504091,0 -59.93084302548521,-49.5775078042417,0 -59.9266670001819,-49.5796660080798,0 -59.924138924072,-49.580803703528,0 -59.9185200273773,-49.5833330000179,0 -59.9172224198787,-49.5838896407943,0 -59.9166670003817,-49.5840898361769,0 -59.915554939209,-49.5844438399112,0 -59.9096552813661,-49.5863212808024,0 -59.90666699968229,-49.5872734299248,0 -59.9019611891575,-49.5886284105727,0 -59.90113477335111,-49.5888652263491,0 -59.8966669998821,-49.5901518477295,0 -59.8940742265443,-49.59074022648019,0 -59.8878425372033,-49.5921562423167,0 -59.88666700008199,-49.5924247969668,0 -59.8858979574247,-49.5925639571608,0 -59.8826691970258,-49.593332999818,0 -59.8766670002818,-49.5946562424916,0 -59.87505933442069,-49.59493944529909,0 -59.8690998617691,-49.59576464072549,0 -59.86666699958231,-49.5962358324177,0 -59.8628364335545,-49.59716356674519,0 -59.860893074156,-49.5975590741919,0 -59.8566669997822,-49.5986894455614,0 -59.8531538161956,-49.59981981603159,0 -59.84877149181089,-49.60122850778939,0 -59.84666699998201,-49.6019047772836,0 -59.845586677683,-49.6022514569391,0 -59.8422236404086,-49.6033329996182,0 -59.8377424391622,-49.6044072191178,0 -59.8366670001819,-49.60461473857929,0 -59.8349860917347,-49.6050126876854,0 -59.8295551839246,-49.606221183161,0 -59.82666700038169,-49.6069340739483,0 -59.8219294509834,-49.60806932773729,0 -59.8214948805842,-49.6081596601402,0 -59.8166669996822,-49.6094194259657,0 -59.8134528883401,-49.6101176676962,0 -59.8088886796688,-49.611111320531,0 -59.8066669998821,-49.6115947187213,0 -59.8052387775475,-49.61190477708371,0 -59.7986677326297,-49.6133330003177,0 -59.7970246658556,-49.61368944571131,0 -59.7966670000819,-49.6137675707168,0 -59.7961115796856,-49.6138896401947,0 -59.78881055506301,-49.6154765550989,0 -59.7866670002818,-49.6159428634724,0 -59.7833332593224,-49.6166655190984,0 -59.7805952229911,-49.6172612228272,0 -59.7766669995823,-49.6181157145685,0 -59.7723811112992,-49.6190483322147,0 -59.7705561602386,-49.6194438396614,0 -59.7666669997822,-49.62028856656409,0 -59.7640742264443,-49.62074022678,0 -59.7582453695281,-49.6217534101917,0 -59.756666999982,-49.6220292889205,0 -59.75556958786619,-49.62223436762191,0 -59.74916700035671,-49.6233330001178,0 -59.747036873353,-49.6237040936689,0 -59.74666700018179,-49.6237675705169,0 -59.7461311112617,-49.6238676677586,0 -59.7386909255457,-49.6253569261812,0 -59.7366670003817,-49.6257280197323,0 -59.73293042789691,-49.6270683513233,0 -59.73108960739939,-49.6277543865556,0 -59.72666699968229,-49.6292778246118,0 -59.7237959059562,-49.6304619061919,0 -59.7166669998821,-49.6333378832367,0 -59.7176191481052,-49.642380851495,0 -59.7177778397755,-49.6433329997181,0 -59.7183332601718,-49.6449980387285,0 -59.7196662676841,-49.6503325113363,0 -59.72095166778519,-49.6533330004176,0 -59.72303052533849,-49.6569706951414,0 -59.72666699968229,-49.66333300021769,0 -59.7338093344332,-49.6661894448869,0 -59.7366670003817,-49.66733446441399,0 -59.74107862108141,-49.6689213793181,0 -59.7429182202996,-49.66958299975559,0 -59.74666700018179,-49.6709330979841,0 -59.74843091605389,-49.6715678628665,0 -59.7533308182626,-49.6733330000179,0 -59.7559260332598,-49.6740751871201,0 -59.756666999982,-49.674385246382,0 -59.7591682205369,-49.6758354418521,0 -59.762381111499,-49.6776201095803,0 -59.7666669997822,-49.6803935468247,0 -59.7682209554327,-49.6817778237875,0 -59.769792,-49.68333299981801,0 -59.7733332595223,-49.68666551949809,0 -59.7766669995823,-49.6898051678742,0 -59.77853223397539,-49.6914677652251,0 -59.7804169998447,-49.6933329996182,0 -59.7866670002818,-49.6995830000554,0 -59.78859204858409,-49.70140917149601,0 -59.7904169996448,-49.7033330003177,0 -59.7929633868508,-49.7070366135488,0 -59.79484815272,-49.71151415275591,0 -59.79575757595131,-49.7133330001178,0 -59.7960004963258,-49.7139995038739,0 -59.7966670000819,-49.7158330002927,0 -59.79866651135039,-49.7213334886495,0 -59.79939405119439,-49.72333299991789,0 -59.80095166798499,-49.7276176678211,0 -59.8013337476543,-49.7286674725258,0 -59.80303052553829,-49.7333329997181,0 -59.8038593830041,-49.7361406174954,0 -59.805613533138,-49.7422807540535,0 -59.8059199294611,-49.7433330004176,0 -59.8060981526076,-49.7439018476921,0 -59.8066669998821,-49.7457158126346,0 -59.8084638750078,-49.7515361250921,0 -59.80898511487109,-49.7533330002178,0 -59.8099995195622,-49.7566655198978,0 -59.8107771075774,-49.75922167194259,0 -59.8120283280448,-49.7633330000179,0 -59.8123420484467,-49.7676567308734,0 -59.8124482502865,-49.7691142504223,0 -59.8127534262296,-49.773332999818,0 -59.8125752030831,-49.77742479731651,0 -59.812499519737,-49.779165519673,0 -59.81231885583049,-49.7833329996182,0 -59.81212110120779,-49.7878788980926,0 -59.8120832595347,-49.7887480388908,0 -59.8118842854314,-49.7933330003177,0 -59.8109528890645,-49.7976176682208,0 -59.81055493905921,-49.7994438396614,0 -59.8097102130558,-49.8033330001178,0 -59.8086115796606,-49.8052763595163,0 -59.8066669998821,-49.80871630051681,0 -59.8049690016181,-49.8116337812739,0 -59.80398023210201,-49.813332999918,0 -59.8012898031818,-49.8179545817385,0 -59.80023755681781,-49.8197612226023,0 -59.7981586992645,-49.8233329997181,0 -59.7976142658856,-49.8242802655218,0 -59.7966670000819,-49.8262724527115,0 -59.79442334805899,-49.83108934749529,0 -59.79358960727449,-49.83333300041761,0 -59.7907575765009,-49.83742479701681,0 -59.7866670002818,-49.84333300021769,0 -59.78279615002219,-49.84946092937831,0 -59.7808601156018,-49.8533330000179,0 -59.7796211016325,-49.8562871011687,0 -59.7766669995823,-49.86333299981809,0 -59.7729035724419,-49.8733329996182,0 -59.7712702714059,-49.8779374925212,0 -59.7708344806267,-49.8791655194731,0 -59.7693549879423,-49.8833330003177,0 -59.76871656012109,-49.8853813402766,0 -59.7666669997822,-49.8909086832891,0 -59.765731941376,-49.8923979417116,0 -59.7650983968735,-49.8933330001178,0 -59.7633344801021,-49.8966655197979,0 -59.7622224198288,-49.8988896403446,0 -59.7595551835249,-49.903332999918,0 -59.7592158279481,-49.905881827884,0 -59.7584614334484,-49.91153856625181,0 -59.75822217601259,-49.9133329997181,0 -59.7580390704467,-49.9147050701828,0 -59.7569233472346,-49.9230766522656,0 -59.7568891676009,-49.9233330004176,0 -59.7568256916523,-49.9234916911885,0 -59.756666999982,-49.92366503101631,0 -59.7555573804687,-49.92444383941159,0 -59.7509809644,-49.9276469646356,0 -59.74666700018179,-49.9306669842939,0 -59.74509839637389,-49.9317631760297,0 -59.7428571851109,-49.9333330002178,0 -59.7444441000152,-49.9355546800044,0 -59.74666700018179,-49.9386674728256,0 -59.7486115799604,-49.94138964061939,0 -59.7499995198619,-49.9433330000179,0 -59.75365552568191,-49.946343253938,0 -59.756666999982,-49.9472221604743,0 -59.7666669997822,-49.9472221604743,0 -59.7709101639729,-49.9475761642085,0 -59.77230786871309,-49.9476933512671,0 -59.7766669995823,-49.94805467997949,0 -59.780392585949,-49.9496074143506,0 -59.78311231208351,-49.9497783125191,0 -59.7866670002818,-49.9506669847935,0 -59.7885053791199,-49.95149462097991,0 -59.7925922932997,-49.953332999818,0 -59.795199714795,-49.95480028510501,0 -59.7966670000819,-49.95516649623679,0 -59.7987043539227,-49.95537157403881,0 -59.80416699970719,-49.9558329999929,0 -59.8066669998821,-49.9560917889049,0 -59.80933423618599,-49.955999015742,0 -59.8143586504314,-49.95564012868901,0 -59.8166669996822,-49.9555546796047,0 -59.82666700038169,-49.9555546796047,0 -59.8288105542636,-49.9554765545993,0 -59.8347431722595,-49.9552568277403,0 -59.8366670001819,-49.9551860277129,0 -59.8383344808516,-49.9550004804877,0 -59.8458332600968,-49.9541679609825,0 -59.84666699998201,-49.9540751878196,0 -59.8472822342877,-49.95394823412371,0 -59.84916822053691,-49.953332999818,0 -59.8542670977483,-49.9509330977842,0 -59.8566669997822,-49.9483330003677,0 -59.8586665119499,-49.94533251128631,0 -59.8600007398422,-49.9433330000179,0 -59.8626667557661,-49.9393339765817,0 -59.86666699958231,-49.9333330002178,0 -59.8745393140381,-49.9312065352534,0 -59.8766670002818,-49.9306303630008,0 -59.880370613513,-49.9296293869866,0 -59.88241162849381,-49.9290776286296,0 -59.88666700008199,-49.9279277266832,0 -59.89004468551381,-49.9267094645701,0 -59.8964716878181,-49.9235283124816,0 -59.8966669998821,-49.9234428633974,0 -59.8967463452676,-49.9234111254231,0 -59.8968452230286,-49.9233330004176,0 -59.9026521077085,-49.9193193279246,0 -59.90666699968229,-49.91654344902089,0 -59.9088520581759,-49.9155180582118,0 -59.9114814528068,-49.9133329997181,0 -59.9145930252479,-49.9112578051036,0 -59.9166670003817,-49.9098759689008,0 -59.9211213460732,-49.90778612522939,0 -59.9264814529566,-49.903332999918,0 -59.9266010816746,-49.90326708231,0 -59.9266670001819,-49.9032329026763,0 -59.92681226407471,-49.9031889573045,0 -59.9347981035496,-49.90146288310549,0 -59.936666999982,-49.9007353441608,0 -59.9398920974423,-49.9001079024577,0 -59.94286328930931,-49.89952928944511,0 -59.9466669997822,-49.8987871014435,0 -59.9512324297328,-49.89789843006839,0 -59.95231153165179,-49.8976884689476,0 -59.9566669995823,-49.8968388596256,0 -59.95977124794469,-49.8964360272009,0 -59.9638093343333,-49.8961894456863,0 -59.9666670002818,-49.8958622966077,0 -59.9699506912713,-49.8966166911073,0 -59.972558113666,-49.8974418865338,0 -59.9766670000819,-49.8981962810335,0 -59.9814118726597,-49.89858690606081,0 -59.98196729305611,-49.898633293092,0 -59.9866669998821,-49.89902147646,0 -59.99065015388149,-49.8993510662986,0 -59.99286695124871,-49.8995341718645,0 -59.9966669996822,-49.8998466718863,0 -59.9997944415602,-49.9002055589394,0 -60.0039082112949,-49.9005742108311,0 -60.00666700038169,-49.9008769451149,0 -60.0087885820274,-49.90121141827229,0 -60.0156257399359,-49.902290519292,0 -60.0166670001819,-49.902456535041,0 -60.0174238363409,-49.9025761637589,0 -60.0222211996486,-49.903332999918,0 -60.0249995193123,-49.9050004805877,0 -60.02666699998199,-49.90600145660189,0 -60.0312495197495,-49.90875048085,0 -60.0333357013815,-49.9100004800381,0 -60.0366669997822,-49.9119999922058,0 -60.0374995192873,-49.9125004802129,0 -60.0388886795688,-49.9133329997181,0 -60.043866706783,-49.91613329341669,0 -60.04666699958231,-49.9174516527715,0 -60.0512116776767,-49.91878710194321,0 -60.05229199997569,-49.9189580001116,0 -60.0566670002818,-49.9200004807375,0 -60.05958325975961,-49.92041551966049,0 -60.06444532029519,-49.9211113206309,0 -60.066667000082,-49.92142870307211,0 -60.0683332594723,-49.9216655197479,0 -60.07611158038511,-49.9227788004013,0 -60.0766669998821,-49.92285692540669,0 -60.0771015702812,-49.9228984300185,0 -60.0799995195621,-49.9233330004176,0 -60.0858332597971,-49.9241655199228,0 -60.08666699968219,-49.92428514864061,0 -60.0877192460463,-49.9243852458824,0 -60.09523877714781,-49.92476122275221,0 -60.0966670003817,-49.9249125894444,0 -60.09813062273,-49.9247954023859,0 -60.1026667554664,-49.9233330004176,0 -60.1057978593836,-49.9224638596194,0 -60.1066670001819,-49.9222221605243,0 -60.1081489336263,-49.9218510660738,0 -60.1145454183363,-49.92121141787261,0 -60.116666999982,-49.92041551966049,0 -60.11958325945979,-49.92041551966049,0 -60.1244453199955,-49.9211113206309,0 -60.1266669997822,-49.9211113206309,0 -60.1285712971276,-49.92142870307211,0 -60.1360004958262,-49.9226664957621,0 -60.1366669995823,-49.9227788004013,0 -60.1371430745932,-49.92285692540669,0 -60.1399995192624,-49.9233330004176,0 -60.1457148511594,-49.92428514864061,0 -60.1466670002818,-49.92444383941159,0 -60.1480000077941,-49.9246660079299,0 -60.154286628625,-49.9257133709752,0 -60.1566670000819,-49.9261113200813,0 -60.15875074005461,-49.9254155191109,0 -60.160000740142,-49.9233330004176,0 -60.160000740142,-49.903332999918,0 -60.1657746655683,-49.9024394452242,0 -60.1666669998821,-49.9020170822225,0 -60.1687080157623,-49.9012919840378,0 -60.1743037189414,-49.90096971917719,0 -60.1766669996822,-49.8986894449619,0 -60.1815058676017,-49.8981718671379,0 -60.1818671954147,-49.89813280508491,0 -60.1866670003817,-49.89762010968029,0 -60.19053784974189,-49.8972050707574,0 -60.1930671462318,-49.8969340744479,0 -60.1966670001819,-49.89654833184,0 -60.20085401160329,-49.89752001153919,0 -60.2022224200286,-49.89777880045119,0 -60.20666699998199,-49.8989335857163,0 -60.20990186318041,-49.9000981367196,0 -60.2154169996948,-49.9020829998306,0 -60.2166669997821,-49.9025322183871,0 -60.2172553785329,-49.90274462116731,0 -60.2188886795689,-49.903332999918,0 -60.2166669997821,-49.9055546797047,0 -60.2125495680081,-49.909214347564,0 -60.20666699998199,-49.9133329997181,0 -60.2003510819368,-49.9170170823724,0 -60.1966670001819,-49.919165519573,0 -60.1942854083449,-49.92095262896061,0 -60.1911115803351,-49.9233330004176,0 -60.1885712968278,-49.9252372968637,0 -60.1866670003817,-49.92666551919829,0 -60.1828571853108,-49.9295244064262,0 -60.1777778395756,-49.9333330002178,0 -60.1772224200786,-49.9338896409941,0 -60.1766669996822,-49.9344438401111,0 -60.1722224197288,-49.9388896404445,0 -60.1677778397754,-49.9433330000179,0 -60.1672224202784,-49.9438896407942,0 -60.1666669998821,-49.9444438399112,0 -60.1649995192124,-49.9450004806876,0 -60.160000740142,-49.9466655196979,0 -60.1566670000819,-49.9477788003513,0 -60.15250074051671,-49.94916551987279,0 -60.1499995199619,-49.950000480138,0 -60.1466670002818,-49.9511113200314,0 -60.14500073999209,-49.9516655191483,0 -60.1400007405417,-49.953332999818,0 -60.1375007403668,-49.9541655193232,0 -60.13499951981201,-49.9550004804877,0 -60.13000073984221,-49.9566655194981,0 -60.1266669997822,-49.9577788010508,0 -60.1225007402169,-49.959165519673,0 -60.1199995196621,-49.9600004808375,0 -60.116666999982,-49.9611113207308,0 -60.1150007405916,-49.9616655198478,0 -60.110001960622,-49.9633329996182,0 -60.107500740067,-49.96416551912329,0 -60.1066670001819,-49.9644438395115,0 -60.10484815192059,-49.96515184787939,0 -60.1003706136129,-49.9670366128494,0 -60.0966670003817,-49.96833299996791,0 -60.0934419020221,-49.970107901958,0 -60.0866657793022,-49.97333300031771,0 -60.0800959547645,-49.97676073481999,0 -60.0766669998821,-49.9783329997681,0 -60.073334480202,-49.9800004804377,0 -60.0666657797019,-49.9833330001178,0 -60.0600007403419,-49.9866655197978,0 -60.0566670002818,-49.9883329995682,0 -60.0533344806017,-49.9900004802379,0 -60.04666699958231,-49.993332999918,0 -60.0396674879641,-49.9963334880999,0 -60.0366669997822,-49.9976176678211,0 -60.032666755966,-49.9993339762819,0 -60.0291670001569,-50.0008330004426,0 -60.02666699998199,-50.0019047773835,0 -60.0256672443478,-50.00233202370389,0 -60.02333448030199,-50.0033329997181,0 -60.0183332595722,-50.00500048038781,0 -60.0166670001819,-50.0055546795048,0 -60.0133332601218,-50.00666551939819,0 -60.01083325994691,-50.0075004805627,0 -60.00666700038169,-50.00888964084421,0 -60.0031892168089,-50.0098539964647,0 -59.99897412855311,-50.0110258706474,0 -59.9966669996822,-50.01166551974791,0 -59.99523877734759,-50.0119047771837,0 -59.97809522241649,-50.0147612227522,0 -59.9766670000819,-50.015000480188,0 -59.9746662675342,-50.015332511686,0 -59.96952466623029,-50.0161894450868,0 -59.9666670002818,-50.0166655191983,0 -59.936666999982,-50.0166655191983,0 -59.9329169997197,-50.01708299978061,0 -59.9306672439981,-50.0173320238538,0 -59.9266670001819,-50.0177763590917,0 -59.9217890702094,-50.01845507024521,0 -59.9214948812837,-50.0185063396958,0 -59.9166670003817,-50.0192143480637,0 -59.9127778399254,-50.0194438397614,0 -59.9102387776974,-50.0197612231019,0 -59.90666699968229,-50.0200004805377,0 -59.8966669998821,-50.0200004805377,0 -59.8934419024218,-50.0201079027574,0 -59.8896296465909,-50.02036913242949,0 -59.88666700008199,-50.02047655464919,0 -59.8841669999071,-50.0208330000429,0 -59.877666755916,-50.02233202330419,0 -59.8766670002818,-50.0225004807126,0 -59.87600049652559,-50.02266649646161,0 -59.8733344806018,-50.02333300021769,0 -59.8680000079939,-50.02466600773,0 -59.86666699958231,-50.0250004808875,0 -59.8644440994156,-50.0255546800045,0 -59.8600007398422,-50.0266655198978,0 -59.8566669997822,-50.027500480163,0 -59.8520002522098,-50.0286650311662,0 -59.8511115799354,-50.0288896404445,0 -59.84666699998201,-50.0300004803378,0 -59.8439997636781,-50.030666984094,0 -59.8377778400752,-50.0322221601245,0 -59.8366670001819,-50.0325004805127,0 -59.8359528890145,-50.0326176675713,0 -59.82666700038169,-50.0333330000179,0 -59.7666669997822,-50.0333330000179,0 -59.76066724379821,-50.0373320234541,0 -59.756666999982,-50.04000048013799,0 -59.75466748871361,-50.0413334885496,0 -59.7516669996323,-50.04333299981809,0 -59.7484321364339,-50.0450981369694,0 -59.74666700018179,-50.0456401286889,0 -59.744167,-50.0458329999929,0 -59.739791999701,-50.0464580000366,0 -59.7366670003817,-50.04666551949809,0 -59.7328205640178,-50.04717821490271,0 -59.7307844314563,-50.0474516519721,0 -59.72666699968229,-50.0480009686697,0 -59.7222224197288,-50.0488896409441,0 -59.7208332594473,-50.049165519673,0 -59.7166669998821,-50.0500004808375,0 -59.7138899005984,-50.05055467995449,0 -59.7083332594723,-50.05166551984779,0 -59.70666700008189,-50.0519999921059,0 -59.7054902425806,-50.05215624211679,0 -59.6966670002818,-50.0533329996182,0 -59.62666577950209,-50.0533329996182,0 -59.61820508629561,-50.05487108583191,0 -59.616667000082,-50.0555546794049,0 -59.6120002516103,-50.05866747222601,0 -59.6099995199618,-50.0600004806377,0 -59.6066670002818,-50.0622221604243,0 -59.6059528891145,-50.0626176678711,0 -59.604667488114,-50.0633330003176,0 -59.5984858478436,-50.0651518476796,0 -59.5966669995823,-50.0656865153204,0 -59.5938093336338,-50.06618944498679,0 -59.5901679768706,-50.0668339765068,0 -59.5866669997822,-50.0674516524717,0 -59.5816670003318,-50.0683329997681,0 -59.576666999982,-50.0692167887238,0 -59.5730781330494,-50.0697441331852,0 -59.5696296466908,-50.0703715739889,0 -59.56666700018189,-50.07083299994301,0 -59.56461621856361,-50.0712822184996,0 -59.5574067458246,-50.0725932537756,0 -59.5566670003817,-50.0727446213671,0 -59.5561677327546,-50.0728325121107,0 -59.55333814274099,-50.0733330001178,0 -59.54750074046679,-50.0741679612823,0 -59.54666699968231,-50.0742851483409,0 -59.5455549394089,-50.0744438400111,0 -59.5387507398547,-50.0754179613698,0 -59.5366669998821,-50.07571337067551,0 -59.5335419996635,-50.07645800033639,0 -59.5305134355466,-50.07718065596249,0 -59.52666700008191,-50.07809618379181,0 -59.52259351367971,-50.0792582931357,0 -59.5199995199619,-50.0800004802379,0 -59.5166670002818,-50.080952628461,0 -59.5148151936662,-50.0814824136824,0 -59.508334480252,-50.083332999918,0 -59.5070380940328,-50.0837040934691,0 -59.5066669995823,-50.0838090740295,0 -59.5059992754462,-50.0839995036741,0 -59.49925977312001,-50.0859257732558,0 -59.4966669997822,-50.086665519598,0 -59.4920002522098,-50.08800096876969,0 -59.4914826734865,-50.0881474530425,0 -59.48666699998201,-50.0895244059266,0 -59.4837043534731,-50.0903691328292,0 -59.4780000076942,-50.0919999922058,0 -59.4766670001819,-50.09238085149509,0 -59.4759260334596,-50.0925932542752,0 -59.4733344805018,-50.0933329997181,0 -59.4681489338262,-50.0948149331626,0 -59.4666670003817,-50.09523729706359,0 -59.46416700020679,-50.095832999893,0 -59.4600007406416,-50.0966655193982,0 -59.4566669996822,-50.0975444259345,0 -59.4522675863799,-50.098933586216,0 -59.4505122149667,-50.099487785333,0 -59.4466669998821,-50.1007011641274,0 -59.4446674886137,-50.1013334882498,0 -59.4383344807516,-50.1033330004176,0 -59.4370368732531,-50.10370409396871,0 -59.436667000082,-50.1038090745291,0 -59.4360212481821,-50.10397753103819,0 -59.42902051528449,-50.1056865154203,0 -59.4266670002818,-50.1063334885996,0 -59.4229170000195,-50.1070829997806,0 -59.4207575758014,-50.1074247970167,0 -59.4166669995823,-50.108332999868,0 -59.4123811112992,-50.1090483323146,0 -59.4106672444977,-50.1093339767816,0 -59.4066669997821,-50.1100004805377,0 -59.403810555113,-50.1104765546492,0 -59.3986665121498,-50.11133348805001,0 -59.396666999982,-50.1116655195481,0 -59.39523877764741,-50.11190477698379,0 -59.38666700018189,-50.1133330002177,0 -59.3786665116501,-50.1153325114862,0 -59.3766670003817,-50.11599901524229,0 -59.372222419529,-50.1177788005511,0 -59.3714289629762,-50.11809618389169,0 -59.36666699968221,-50.1200004803379,0 -59.3645832597096,-50.12125048042531,0 -59.3611115798355,-50.1233330000179,0 -59.3583332601718,-50.1250004806876,0 -59.3566669998821,-50.1259990159418,0 -59.35208325973459,-50.1287504800506,0 -59.350000740142,-50.129998039378,0 -59.34666700008191,-50.1319999923057,0 -59.34579663890369,-50.1324638590198,0 -59.3444440999152,-50.133332999818,0 -59.33916699955729,-50.1358329999929,0 -59.3366670002818,-50.1374492112121,0 -59.3328205648172,-50.1394877854329,0 -59.327576423713,-50.1433329996182,0 -59.3270515218102,-50.1437163005668,0 -59.3266669995823,-50.14399950427369,0 -59.3252387772477,-50.1447612228521,0 -59.3204768148531,-50.1471415934097,0 -59.3166669997822,-50.14948778523309,0 -59.3141035236587,-50.1507695232948,0 -59.30952466593061,-50.15333300031771,0 -59.3076191482051,-50.1542851485407,0 -59.306666999982,-50.1548710856321,0 -59.30431348408,-50.1556865153204,0 -59.3003034745257,-50.1569706950415,0 -59.2966670001818,-50.1583329997681,0 -59.2666669998821,-50.1583329997681,0 -59.2591670002568,-50.1433329996182,0 -59.2579572835018,-50.1420439374777,0 -59.256667000082,-50.1415141522563,0 -59.2546674879142,-50.1413334883497,0 -59.2491669995574,-50.1408330003426,0 -59.2466670002818,-50.140605949405,0 -59.2436677324798,-50.14033251143619,0 -59.2400007405417,-50.1400004808375,0 -59.23666699958229,-50.1396977456544,0 -59.2318940510696,-50.13810594923011,0 -59.2312128982566,-50.13787889829249,0 -59.22666699978221,-50.1363627852143,0 -59.2245832598095,-50.1354155194106,0 -59.2199995196621,-50.133332999818,0 -59.219047371439,-50.1309526292604,0 -59.216666999982,-50.1250004806876,0 -59.2161665119749,-50.123833488025,0 -59.2158967360455,-50.1233330000179,0 -59.2133308182626,-50.1199980386785,0 -59.2119294514829,-50.11806932833679,0 -59.20666700018189,-50.1133330002177,0 -59.2014497146326,-50.1085502850676,0 -59.1966670003817,-50.10416796068281,0 -59.1962959059313,-50.10370409396871,0 -59.1959992753463,-50.1033330004176,0 -59.1903510823365,-50.0996489177633,0 -59.1866669996822,-50.0975004805627,0 -59.1841023031787,-50.095896476741,0 -59.1799995195622,-50.0933329997181,0 -59.1778034749504,-50.0921977459292,0 -59.1766669998821,-50.0916679607078,0 -59.1733344802021,-50.0900004800381,0 -59.1711115800354,-50.08888964104401,0 -59.16666700008191,-50.0866679612574,0 -59.1647053304866,-50.0852934491333,0 -59.161903816408,-50.083332999918,0 -59.1587824782288,-50.081218742351,0 -59.1566670002818,-50.0798954996775,0 -59.15238111109941,-50.0776201096803,0 -59.1498261794346,-50.0764921799701,0 -59.1466669995824,-50.0750004807875,0 -59.1454902420809,-50.0745097576192,0 -59.1426655353861,-50.0733330001178,0 -59.1383649980462,-50.07163622223381,0 -59.1366669997822,-50.0709648360583,0 -59.13306836711139,-50.069734367447,0 -59.1309797438201,-50.0690190350005,0 -59.126666999982,-50.06754442563469,0 -59.1234663164173,-50.0665336838824,0 -59.1182063067756,-50.06487352729139,0 -59.1166670001818,-50.0643852457824,0 -59.115866218651,-50.0641337809492,0 -59.11333081846251,-50.0633330003176,0 -59.1081208569919,-50.0618779215288,0 -59.10666700038171,-50.06151659371579,0 -59.1044148030007,-50.0610795816573,0 -59.0998444906307,-50.06015673064851,0 -59.0966669996823,-50.0595561445004,0 -59.0921345289853,-50.0587993083413,0 -59.09135083817061,-50.0586479416492,0 -59.0866669998821,-50.057917961045,0 -59.08280713664,-50.0571928628603,0 -59.080000740142,-50.0566679609576,0 -59.076667000082,-50.0560429609139,0 -59.0743855054866,-50.0556132738335,0 -59.0676936114709,-50.0543583904274,0 -59.0666670002818,-50.0541679607827,0 -59.0659260335595,-50.05407518761981,0 -59.0599970785023,-50.0533329996182,0 -59.05703687275341,-50.0529619060671,0 -59.05666699958229,-50.0529179606953,0 -59.0562080152876,-50.0528740153235,0 -59.04810865079359,-50.0518925698861,0 -59.0466669997822,-50.0517656170895,0 -59.04500074039181,-50.05166551984779,0 -59.0387031325435,-50.05129686705671,0 -59.036666999982,-50.0511772383388,0 -59.0327448811713,-50.0472538982488,0 -59.02882276146119,-50.04333299981809,0 -59.0277448808216,-50.0422538987983,0 -59.02666700018191,-50.04117723853869,0 -59.02349195089279,-50.0365068280277,0 -59.021332527574,-50.0333330000179,0 -59.02093457846799,-50.02906542193159,0 -59.0208772053187,-50.0275419847748,0 -59.0205219803051,-50.02333300021769,0 -59.0198042070984,-50.0201957926017,0 -59.0192915116939,-50.0159575117298,0 -59.0187873616474,-50.01333300041761,0 -59.0183332597721,-50.0116679605079,0 -59.0166670003818,-50.00555712116411,0 -59.01615796701649,-50.0038408127033,0 -59.0160603105348,-50.0033329997181,0 -59.0159846271887,-50.0026494061451,0 -59.01512159008931,-49.99487841021039,0 -59.0149494706415,-49.993332999918,0 -59.0149226150866,-49.9915898359022,0 -59.01473462710129,-49.9852665937782,0 -59.014705329887,-49.9833330001178,0 -59.014705329887,-49.97333300031771,0 -59.0146857984108,-49.9713530196261,0 -59.01462720488151,-49.965371573839,0 -59.01460767340529,-49.9633329996182,0 -59.01435865023149,-49.9610258707473,0 -59.0141926344825,-49.9558085860973,0 -59.0138752520412,-49.953332999818,0 -59.0128571853108,-49.9495219652665,0 -59.0124091871342,-49.9475908123661,0 -59.0111530842474,-49.9433330000179,0 -59.0099995193623,-49.9400004803379,0 -59.00823438311031,-49.9349003827464,0 -59.0076923904914,-49.9333330002178,0 -59.00716016451,-49.9328398362894,0 -59.0066669996822,-49.9323808519947,0 -58.99761914810521,-49.9233330004176,0 -58.9966669998821,-49.9223808512952,0 -58.9924445875476,-49.91755663243261,0 -58.9887495196746,-49.9133329997181,0 -58.9877253492454,-49.9122758709346,0 -58.98666700008191,-49.9113725505028,0 -58.9821113358694,-49.9078886641305,0 -58.9783357013315,-49.9050004805877,0 -58.9766670002818,-49.9037260666046,0 -58.97644483176359,-49.9035551675369,0 -58.9761530835979,-49.903332999918,0 -58.97033033038041,-49.89967089039921,0 -58.9666669995823,-49.89746141801001,0 -58.96442578921879,-49.8955742113807,0 -58.962064949238,-49.8933330001178,0 -58.9591315999434,-49.890869621236,0 -58.9566669997822,-49.8886772386636,0 -58.9537128986314,-49.8862871014685,0 -58.95047193173421,-49.8833330003177,0 -58.9484040602991,-49.88159716038059,0 -58.946666999982,-49.8800517500882,0 -58.9429536210127,-49.87704637858749,0 -58.9388776929511,-49.8733329996182,0 -58.9376887289516,-49.8723100504684,0 -58.9366670001819,-49.87137987538091,0 -58.9321284257862,-49.8678715742137,0 -58.9270393143129,-49.86333299981809,0 -58.9268134846545,-49.8631865155452,0 -58.9266670003817,-49.8630937423823,0 -58.9258198318197,-49.8624858321554,0 -58.92098706849841,-49.8590141522812,0 -58.9166669996823,-49.8559526289106,0 -58.9151386801059,-49.85486132049349,0 -58.9129987873641,-49.8533330000179,0 -58.90931470470979,-49.8506865155702,0 -58.9066669998821,-49.8488090737797,0 -58.9032844320309,-49.8467167893483,0 -58.8978205640677,-49.84333300021769,0 -58.8971125565991,-49.8428886640805,0 -58.8966670000819,-49.842605461273,0 -58.89528882591859,-49.8419536056743,0 -58.8903376542593,-49.83966112496089,0 -58.8866670002818,-49.83786180817591,0 -58.88366651209981,-49.8363334885996,0 -58.87777783947569,-49.83333300041761,0 -58.8769892653423,-49.8330107346576,0 -58.87666699958229,-49.8328788985423,0 -58.87591748840131,-49.8325834883373,0 -58.8698579176088,-49.8301420816917,0 -58.8666669997822,-49.8289213788186,0 -58.8618867262913,-49.8281132732089,0 -58.8613129956981,-49.8279789963336,0 -58.85666699998199,-49.8271025314566,0 -58.853333259922,-49.82666551939811,0 -58.8494978105755,-49.8261625897317,0 -58.84666700018191,-49.8257914961806,0 -58.8444929278063,-49.8255058517137,0 -58.8379878004965,-49.8246538007323,0 -58.8366670003817,-49.8244804609045,0 -58.835452400308,-49.8245463785125,0 -58.8282734451633,-49.8249394451992,0 -58.8266669996822,-49.82502733594281,0 -58.8246796949119,-49.8253203044884,0 -58.8194294510083,-49.8260942304643,0 -58.8166669998821,-49.8265019453085,0 -58.8130976644256,-49.8269023360739,0 -58.8104462966592,-49.8271122971947,0 -58.806667000082,-49.8275688398301,0 -58.8017304765802,-49.82839647691581,0 -58.8015473710143,-49.8284526287857,0 -58.7966670002818,-49.82949755107111,0 -58.7942268140162,-49.830891593772,0 -58.7908051832126,-49.83333300041761,0 -58.788333259872,-49.8350004801879,0 -58.7866669995823,-49.83612352747879,0 -58.782361579823,-49.83902635917911,0 -58.77809522301611,-49.8419047769838,0 -58.7766669997822,-49.8428691326043,0 -58.7763947830927,-49.8430620039083,0 -58.7760419997385,-49.84333300021769,0 -58.7708332595473,-49.847500480163,0 -58.766666999982,-49.850832999843,0 -58.7655305258131,-49.852197746229,0 -58.7645844803894,-49.8533330000179,0 -58.76098584771859,-49.8576518475547,0 -58.7566670001819,-49.86283251181089,0 -58.7564399492442,-49.8631059488804,0 -58.7562507399796,-49.86333299981809,0 -58.7557295001163,-49.8642704998836,0 -58.75282788879601,-49.8694926678523,0 -58.75069532013291,-49.8733329996182,0 -58.7494819413385,-49.8761479414743,0 -58.7466670003817,-49.88239550025209,0 -58.74636670685799,-49.8830327067939,0 -58.7462128985064,-49.8833330003177,0 -58.7456672438482,-49.8843339763319,0 -58.7428437575334,-49.8895097581687,0 -58.7407575759013,-49.8933330001178,0 -58.7398249591545,-49.8964897383107,0 -58.7382795488621,-49.9017216720175,0 -58.7378022534712,-49.903332999918,0 -58.7380000080939,-49.9046660074303,0 -58.7386445387144,-49.9113554606859,0 -58.7389741285531,-49.9133329997181,0 -58.73923780078379,-49.9159038008197,0 -58.7396894609998,-49.9203105391001,0 -58.73999951936229,-49.9233330004176,0 -58.7403803786515,-49.9270463784875,0 -58.74061963698659,-49.92938036291341,0 -58.7410249101714,-49.9333330002178,0 -58.7409162675717,-49.9375834884872,0 -58.7408772055186,-49.93912401546091,0 -58.7407685629188,-49.9433330000179,0 -58.7406660231184,-49.9473320234541,0 -58.7406135332879,-49.9493852458324,0 -58.74051221476691,-49.953332999818,0 -58.7408332601468,-49.9574980390033,0 -58.7407844314563,-49.95921678912351,0 -58.74118238056231,-49.9633329996182,0 -58.7401093832414,-49.96677538317741,0 -58.7386982498243,-49.9713017501756,0 -58.73806470532179,-49.97333300031771,0 -58.7375507886379,-49.97421678927339,0 -58.73666699968229,-49.9757402264303,0 -58.7339155355735,-49.9805815351097,0 -58.7323505938048,-49.9833330001178,0 -58.73029126772779,-49.9869560466842,0 -58.7266621174627,-49.9933378832367,0 -58.7219111402869,-49.9985771410222,0 -58.71759961682881,-50.0033329997181,0 -58.7172273028977,-50.0038920821538,0 -58.7166670000819,-50.0046293868367,0 -58.71302320076011,-50.0096904214757,0 -58.7103999098279,-50.01333300041761,0 -58.7089069902653,-50.0155717691218,0 -58.7066670002818,-50.01851854709321,0 -58.7045869214492,-50.0212529222845,0 -58.7030048907631,-50.02333300021769,0 -58.7003852618703,-50.0270512616064,0 -58.69666699958231,-50.03166551934821,0 -58.69589795692509,-50.0325639573607,0 -58.69523755686771,-50.0333330000179,0 -58.69546704856539,-50.03453417231421,0 -58.69666699958231,-50.04083544130251,0 -58.6970661699677,-50.0429326090526,0 -58.6971430745931,-50.04333299981809,0 -58.6972553792323,-50.0439213785687,0 -58.6986665117501,-50.0513334883498,0 -58.6990473710393,-50.0533329996182,0 -58.6998237386746,-50.0564897387104,0 -58.7004426350195,-50.0595561445004,0 -58.7014875564055,-50.0633330003176,0 -58.7028754963071,-50.06712450429239,0 -58.7066670002818,-50.07161913241701,0 -58.7074458086771,-50.07255419172251,0 -58.7080952226164,-50.0733330001178,0 -58.7111091385759,-50.07777391803181,0 -58.7115315015775,-50.0784697190023,0 -58.7166670000819,-50.0833354415773,0 -58.7204499586986,-50.0895488207215,0 -58.72444287933529,-50.0933329997181,0 -58.7254157794147,-50.0945829998055,0 -58.7266669998821,-50.096191886946,0 -58.7295515213856,-50.1004496992941,0 -58.732666755866,-50.1033330004176,0 -58.7344929273067,-50.1055082931732,0 -58.73666699968229,-50.1080961831922,0 -58.73928540819501,-50.110713371325,0 -58.7419038167077,-50.1133330002177,0 -58.7443134844797,-50.11568651522041,0 -58.7466670003817,-50.1178788986922,0 -58.74959302559759,-50.1204057535227,0 -58.7533332601218,-50.1233330000179,0 -58.755238776948,-50.1247612223525,0 -58.7566670001819,-50.12583300019269,0 -58.760952888465,-50.1290483319149,0 -58.766666999982,-50.133332999818,0 -58.7766669997822,-50.1433329996182,0 -58.7814668047492,-50.1485331953506,0 -58.7852375568677,-50.15333300031771,0 -58.7858161698803,-50.1541850503997,0 -58.7866669995823,-50.1555571208644,0 -58.7895832599594,-50.1604155193607,0 -58.79133252767391,-50.1633330001178,0 -58.7930305250387,-50.166970695741,0 -58.795415778915,-50.1720829998305,0 -58.7959992752463,-50.17333299991801,0 -58.7961909261702,-50.1738090740295,0 -58.7966670002818,-50.1750004805876,0 -58.7990473708394,-50.1809526291605,0 -58.7999995199618,-50.18333299971809,0 -58.801905036788,-50.1880961833921,0 -58.8022211988492,-50.18888719918489,0 -58.803999763778,-50.1933330004176,0 -58.8048884351531,-50.1951103440671,0 -58.806667000082,-50.197778800751,0 -58.809047371539,-50.2009526287608,0 -58.8108332596472,-50.2033330002178,0 -58.8133332598221,-50.20666796065781,0 -58.8166669998821,-50.2111113202312,0 -58.8177192462462,-50.2122807536538,0 -58.819165779677,-50.2133330000179,0 -58.823939949469,-50.2160600511304,0 -58.8266669996822,-50.2173344651134,0 -58.83057935365419,-50.2194194254661,0 -58.8352399984271,-50.22190477748351,0 -58.8366670003817,-50.2226664960619,0 -58.8370368726535,-50.2229619062669,0 -58.8374995198869,-50.2233329998181,0 -58.8425922933996,-50.2274077066003,0 -58.84666700018191,-50.2306669845936,0 -58.8481477132463,-50.23185106617369,0 -58.84999951986191,-50.2333329996182,0 -58.8511103597552,-50.2377763591916,0 -58.8513337477542,-50.23866747222601,0 -58.8524995191374,-50.2433330003176,0 -58.853888679419,-50.2461113199814,0 -58.85666699998199,-50.2488896405445,0 -58.8593330159059,-50.2506669841939,0 -58.8633332597221,-50.2533330001178,0 -58.8653327718899,-50.25466600763011,0 -58.8666669997822,-50.2555546799045,0 -58.87133374825391,-50.25866747272559,0 -58.8733357011816,-50.2600004802379,0 -58.87666699958229,-50.2622221600246,0 -58.878333259872,-50.263332999918,0 -58.8828205648172,-50.2671806566619,0 -58.8866670002818,-50.27047655504901,0 -58.8899995199619,-50.2733329997181,0 -58.8933332600219,-50.2766679610575,0 -58.8966670000819,-50.2800004807376,0 -58.9016657791523,-50.2833330004176,0 -58.90466626733429,-50.28533251168599,0 -58.9066669998821,-50.2866679608576,0 -58.9111128011148,-50.28777880075101,0 -58.9119050372876,-50.2880961831922,0 -58.9166669996823,-50.28888964064441,0 -58.946666999982,-50.28888964064441,0 -58.9499995196621,-50.29000048053771,0 -58.9533344801021,-50.29000048053771,0 -58.9566669997822,-50.2906669842939,0 -58.9584443434317,-50.2915556565683,0 -58.9633320391423,-50.2933330002177,0 -58.9656135328382,-50.29438524568249,0 -58.9666669995823,-50.2945830003052,0 -58.9686677321301,-50.2953325114862,0 -58.9730305250387,-50.2969706949416,0 -58.9766670002818,-50.2983329996682,0 -58.9803034746256,-50.2996977460541,0 -58.98466748791421,-50.3013334878501,0 -58.98666700008191,-50.3020829999305,0 -58.9875764242126,-50.30242479716661,0 -58.98999951976201,-50.3033330000179,0 -58.9944440997154,-50.3055546798046,0 -58.9966669998821,-50.30666796135729,0 -59.0006672436983,-50.3093339763819,0 -59.0066669996822,-50.313332999818,0 -59.0121662676591,-50.3178325121607,0 -59.0166670003818,-50.3223344652633,0 -59.0171320874758,-50.3228691329041,0 -59.0174995198869,-50.3233329996182,0 -59.0199982987824,-50.3266630785382,0 -59.0214289627764,-50.3285722574037,0 -59.02499951951221,-50.33333300031771,0 -59.02499951951221,-50.3733330004176,0 -59.0251850667374,-50.3748149338621,0 -59.02666700018191,-50.380002922197,0 -59.02738111134909,-50.3826201094305,0 -59.0275752030332,-50.3833330002178,0 -59.02791577899,-50.3845830003052,0 -59.02952344575039,-50.3904765544494,0 -59.0303022541457,-50.3933330000179,0 -59.02999951986191,-50.3966655196979,0 -59.02966626798379,-50.4003325116361,0 -59.0293940503951,-50.403332999818,0 -59.02816724382319,-50.40483202307931,0 -59.02666700018191,-50.4066655194981,0 -59.0233332601218,-50.4100004808375,0 -59.0199995191624,-50.4133329996182,0 -59.0183332597721,-50.4150004802879,0 -59.0166670003818,-50.4166655192982,0 -59.0133332594223,-50.4200004806376,0 -59.0099995193623,-50.4233330003177,0 -59.008333259972,-50.42500048008799,0 -59.0066669996822,-50.42666551909839,0 -59.00313794755821,-50.42980272671439,0 -58.9991670000569,-50.4333330001178,0 -58.9983332601718,-50.4350004807875,0 -58.9966669998821,-50.437332023554,0 -58.9933332598221,-50.4400004802379,0 -58.9886665113504,-50.4413334886495,0 -58.98666700008191,-50.4422221600246,0 -58.9850007397923,-50.443332999918,0 -58.9805134357464,-50.4471782150026,0 -58.9766670002818,-50.448889641044,0 -58.97400098435791,-50.4506669846935,0 -58.9700007405417,-50.4533329997181,0 -58.96820630707539,-50.45487108593179,0 -58.9666669995823,-50.4555546795048,0 -58.96416700030679,-50.455832999893,0 -58.960238776898,-50.4569047777333,0 -58.9566669997822,-50.4571806564621,0 -58.9533332597221,-50.4566655193981,0 -58.9497443927895,-50.4564116129056,0 -58.946666999982,-50.455999015642,0 -58.94444409981529,-50.4555546795048,0 -58.937500740067,-50.4541679608827,0 -58.9366670001819,-50.4539995034743,0 -58.9361665112754,-50.4538334886246,0 -58.93466504725411,-50.4533329997181,0 -58.9266670003817,-50.4506669846935,0 -58.9222236408083,-50.448889641044,0 -58.9214289629762,-50.4485722577035,0 -58.9166669996823,-50.44666796125739,0 -58.91428540784521,-50.4457133713749,0 -58.90833326017181,-50.443332999918,0 -58.9055561599887,-50.4422221600246,0 -58.900000740142,-50.4400004802379,0 -58.8966670000819,-50.4386674727256,0 -58.8928571859104,-50.4371415939094,0 -58.8888899004485,-50.4355546799045,0 -58.8866670002818,-50.43466600763011,0 -58.88571485115941,-50.4342851483409,0 -58.8833332593224,-50.4333330001178,0 -58.8800007405417,-50.4300004804378,0 -58.87666699958229,-50.42666551909839,0 -58.875000740192,-50.42500048008799,0 -58.8733332595223,-50.4233330003177,0 -58.8700007398422,-50.4200004806376,0 -58.8666669997822,-50.4166655192982,0 -58.8650007403918,-50.4133329996182,0 -58.861428963276,-50.4085722576036,0 -58.85666699998199,-50.4050004804877,0 -58.8554548415676,-50.40454637861251,0 -58.8499982985826,-50.403332999818,0 -58.84766675581609,-50.4023344645639,0 -58.84666700018191,-50.40190477748351,0 -58.844168220387,-50.4008329996432,0 -58.8406660238179,-50.3993339763819,0 -58.8366670003817,-50.3976201095804,0 -58.8345234456005,-50.3954765547991,0 -58.8323811111993,-50.3933330000179,0 -58.83066602311839,-50.3893339765817,0 -58.82916577947711,-50.3858305587332,0 -58.8280952229161,-50.3833330002178,0 -58.8276667562158,-50.3823344649635,0 -58.8266669996822,-50.380002922197,0 -58.82499951991189,-50.375000480188,0 -58.8244440995155,-50.3733330004176,0 -58.8238093337337,-50.37047411318969,0 -58.82303052533841,-50.3669706953413,0 -58.8222224197289,-50.36333299971809,0 -58.8222224197289,-50.35333299991801,0 -58.82121167797651,-50.3487871014435,0 -58.8199995195621,-50.3466655197979,0 -58.8186665120498,-50.3433330001178,0 -58.8176667555163,-50.34233202320429,0 -58.8166669998821,-50.3416655194481,0 -58.8133344802021,-50.3400004804378,0 -58.8111115800353,-50.3388896405444,0 -58.806667000082,-50.3366655190984,0 -58.8051289138683,-50.33487108563209,0 -58.8038093341334,-50.33333300031771,0 -58.79923047640531,-50.3307695232948,0 -58.7966670002818,-50.3303911056649,0 -58.7922224203284,-50.3277763591916,0 -58.79078443135641,-50.3274516526716,0 -58.7866669995823,-50.3259257738553,0 -58.7850007401919,-50.3250004802879,0 -58.78200025201,-50.3233329996182,0 -58.77882886565961,-50.3211699142601,0 -58.7766669997822,-50.32036913272919,0 -58.7721430744433,-50.31785692605631,0 -58.7700007400421,-50.3166655194981,0 -58.766666999982,-50.31481493326249,0 -58.7655561600887,-50.3144438397114,0 -58.76222242002861,-50.313332999818,0 -58.75788648267499,-50.31211473860421,0 -58.7566670001819,-50.3119829024889,0 -58.75543286953129,-50.3120976487874,0 -58.747705818069,-50.3122954025108,0 -58.7466670003817,-50.312380851595,0 -58.7458332595972,-50.3125004803128,0 -58.74000074064159,-50.313332999818,0 -58.7371064534001,-50.3137724535359,0 -58.73666699968229,-50.3138090739296,0 -58.73614087739949,-50.3138603433801,0 -58.72797193145941,-50.31463671101529,0 -58.7266669998821,-50.314761223052,0 -58.7254169997947,-50.31458299990549,0 -58.7183332594723,-50.3150004804878,0 -58.7166670000819,-50.3148320230794,0 -58.7155354083324,-50.3144658128469,0 -58.710666023718,-50.313332999818,0 -58.7075752031331,-50.3124247969668,0 -58.7066670002818,-50.31233446456379,0 -58.7051093825919,-50.31177538302751,0 -58.7002021563044,-50.3097978439953,0 -58.69666699958231,-50.30869676984,0 -58.6926228103944,-50.30737596882589,0 -58.6902448805967,-50.3069096604524,0 -58.6866669997822,-50.30595262891061,0 -58.6844440996155,-50.3055546798046,0 -58.677681404673,-50.30434862508891,0 -58.67666699998199,-50.304165519523,0 -58.6759602128935,-50.30404100748649,0 -58.6719990311303,-50.3033330000179,0 -58.6678266678664,-50.3021733323334,0 -58.66666700018191,-50.3018510665734,0 -58.6646162185636,-50.30128221839959,0 -58.6599995191624,-50.3000004803379,0 -58.6566670003817,-50.2990751876698,0 -58.6521735917378,-50.2978251875823,0 -58.6507697832988,-50.2974370042143,0 -58.6466669996822,-50.2962968671067,0 -58.6442243726566,-50.29577684762341,0 -58.63828321110131,-50.2949492105376,0 -58.6366669998821,-50.2946440354938,0 -58.635354744226,-50.2946440354938,0 -58.6285847243055,-50.2952519457207,0 -58.626667000082,-50.2952519457207,0 -58.6248249592045,-50.29517626147531,0 -58.6182392652299,-50.2949052660651,0 -58.6166670002818,-50.2948393475578,0 -58.61521924647101,-50.2947807540285,0 -58.6078107987294,-50.29447557808539,0 -58.6066669995823,-50.2944291910543,0 -58.60550733189779,-50.2944926679023,0 -58.59822583785209,-50.2948906170083,0 -58.5966669997822,-50.2949760660925,0 -58.5944843829479,-50.295515617052,0 -58.589964118749,-50.29662889860481,0 -58.586666999982,-50.29744188663371,0 -58.58194165798109,-50.2986088792963,0 -58.581211677377,-50.2987871015434,0 -58.5766670001819,-50.29990770717491,0 -58.5739497148074,-50.3006157146435,0 -58.5668940504201,-50.3031059490802,0 -58.5666670003817,-50.30317430834761,0 -58.5665534744633,-50.30321825371939,0 -58.5663740309367,-50.3033330000179,0 -58.56033399251971,-50.306999991956,0 -58.55666699968219,-50.3100688394053,0 -58.5546540606363,-50.3113212811522,0 -58.5519611891575,-50.313332999818,0 -58.5486665120499,-50.3153325119858,0 -58.5466669998821,-50.3170073167342,0 -58.5427680745869,-50.3194340743231,0 -58.53754956865771,-50.3233329996182,0 -58.53700025196,-50.3236650311163,0 -58.53666700008189,-50.32394579316379,0 -58.5349531323811,-50.325046867319,0 -58.5307002033517,-50.327366202688,0 -58.5266670002818,-50.3319047770838,0 -58.5260371169194,-50.3327031169553,0 -58.5256403890926,-50.33333300031771,0 -58.5209882887785,-50.3376542886145,0 -58.51666699958231,-50.3416655194481,0 -58.5157746661679,-50.3424418870834,0 -58.5146076735053,-50.3433330001178,0 -58.5098066481582,-50.3464726484939,0 -58.5066669997822,-50.3480693282369,0 -58.5029170004192,-50.3495829996557,0 -58.498725105679,-50.351274894221,0 -58.49666699998199,-50.3521049729661,0 -58.4957697832489,-50.3524345628048,0 -58.493334480302,-50.35333299991801,0 -58.4884626540282,-50.3551274333843,0 -58.48666700018191,-50.3557890547211,0 -58.4827778397255,-50.3572221603744,0 -58.48115430442751,-50.3578203048631,0 -58.4766670003817,-50.35947313647599,0 -58.4738471761062,-50.36051317544261,0 -58.4669440996904,-50.3630571209893,0 -58.4666669996823,-50.36315721913029,0 -58.4665302811475,-50.3631962811834,0 -58.4660810625909,-50.36333299971809,0 -58.4581562574053,-50.36482225814059,0 -58.4566669998821,-50.3651103433676,0 -58.4544440997154,-50.36555467950479,0 -58.44981519291679,-50.3664824138323,0 -58.446667000082,-50.3671122971947,0 -58.4419111404867,-50.3680888593134,0 -58.4415046469219,-50.3681694259782,0 -58.4366670002818,-50.36917528531109,0 -58.4332880935706,-50.3699540937064,0 -58.4286836015669,-50.371316398433,0 -58.4266669995823,-50.37183397625689,0 -58.4254047929967,-50.37207079293271,0 -58.4186701739893,-50.3733330004176,0 -58.41693067201291,-50.3735966717489,0 -58.41666699978219,-50.3736552652782,0 -58.4162812580736,-50.3737187421262,0 -58.4083344806517,-50.375000480188,0 -58.406666999982,-50.375269034838,0 -58.4043879470461,-50.3756132737336,0 -58.39965772262579,-50.37632372286151,0 -58.3966670001819,-50.3767753830774,0 -58.3927155841569,-50.3772831951633,0 -58.39085767384261,-50.3775248942584,0 -58.3866670003817,-50.3780644452179,0 -58.3821308667461,-50.3787968674814,0 -58.3809724203409,-50.3790288008385,0 -58.37666699968221,-50.3797709879407,0 -58.3737568439032,-50.38042284353929,0 -58.3682172925939,-50.3817827066066,0 -58.3666669998821,-50.382144035319,0 -58.3656086507186,-50.3822758714343,0 -58.3583369215117,-50.3833330002178,0 -58.3568757399234,-50.38354296133851,0 -58.35666700008189,-50.3835722576536,0 -58.3563947833925,-50.3836064372872,0 -58.3478693929581,-50.38453661327409,0 -58.3466670002818,-50.3846904216256,0 -58.3451997149948,-50.3848002855048,0 -58.3383955154407,-50.3850615151767,0 -58.33666699958231,-50.3852006753708,0 -58.335038581865,-50.3849614179351,0 -58.3271369710943,-50.38380175025051,0 -58.3266669997822,-50.3837333909831,0 -58.3263215414059,-50.3836772382139,0 -58.3249982987325,-50.3833330002178,0 -58.3182795491618,-50.3817216723173,0 -58.316666999982,-50.38133348805,0 -58.31428662852511,-50.3809526287608,0 -58.30946607260109,-50.3805327074185,0 -58.3066670001818,-50.3800004805377,0 -58.302467781363,-50.3791337813989,0 -58.3011396562701,-50.3788603434301,0 -58.2966670003817,-50.37793749242131,0 -58.2935810622162,-50.3764189376838,0 -58.2883796461037,-50.3733330004176,0 -58.2873335043377,-50.3726664957621,0 -58.2866669996823,-50.372202629048,0 -58.28238355305849,-50.36905077327451,0 -58.28155835763199,-50.3684428630477,0 -58.2766669998821,-50.3648442303769,0 -58.2757575757515,-50.3642436442287,0 -58.2740852126624,-50.36333299971809,0 -58.2688776937505,-50.3611210856695,0 -58.2666670000819,-50.3604936448658,0 -58.26263257573281,-50.3592997966483,0 -58.2611970293194,-50.3588041910605,0 -58.2566670002818,-50.3576347576379,0 -58.2534919509927,-50.3565068279277,0 -58.2481831135598,-50.3548491129961,0 -58.2466669995823,-50.3543437425696,0 -58.24592603286009,-50.35407518791949,0 -58.2438874586393,-50.35333299991801,0 -58.2386359943556,-50.3513627849645,0 -58.23666699978219,-50.3507084886058,0 -58.23367871899761,-50.3503447191334,0 -58.2300898511656,-50.3499101487344,0 -58.226666999982,-50.3494951098114,0 -58.2227497635907,-50.34941698480589,0 -58.22058423657321,-50.34941698480589,0 -58.2166670001819,-50.3493339764818,0 -58.2124445878474,-50.3491118088629,0 -58.21095288866481,-50.3490483320149,0 -58.2066670003817,-50.3488163986578,0 -58.19666699968221,-50.34784960137799,0 -58.1927778401252,-50.34722216057419,0 -58.1901289140182,-50.3467949142538,0 -58.1866669998821,-50.34623583181809,0 -58.18371533949129,-50.34628466050861,0 -58.1786189039392,-50.3452836835951,0 -58.17666700008189,-50.3453325113862,0 -58.1738093341334,-50.3461894456863,0 -58.1705134357464,-50.34717821520239,0 -58.1666670002818,-50.34833299956821,0 -58.1621211018074,-50.3478788985922,0 -58.161111580435,-50.34777880045121,0 -58.1566669995823,-50.3473344652134,0 -58.1535297928656,-50.3464702068345,0 -58.1477778396755,-50.3433330001178,0 -58.1471211016575,-50.3428788982425,0 -58.1466669997822,-50.3425639574606,0 -58.1441682208866,-50.3408354416023,0 -58.1412116780764,-50.3387871016434,0 -58.136666999982,-50.3356401291886,0 -58.1353034748754,-50.3346977458043,0 -58.133333259922,-50.33333300031771,0 -58.1290827716526,-50.3309160075677,0 -58.1266670001819,-50.32993700378969,0 -58.1221796952367,-50.3278203045634,0 -58.1204169997447,-50.3270829998805,0 -58.1166670003817,-50.3254374923463,0 -58.11222241952899,-50.3233329996182,0 -58.1084956136816,-50.3215043865182,0 -58.1066669996823,-50.3207011642273,0 -58.1021223224872,-50.3187871011437,0 -58.1014814530066,-50.3185185464937,0 -58.0966669998821,-50.31649217967029,0 -58.0942670978483,-50.31573290275119,0 -58.0866670000819,-50.313332999818,0 -58.0782673420641,-50.3117338793151,0 -58.0766670002818,-50.3114287033719,0 -58.0743147047598,-50.3109794848153,0 -58.069866462767,-50.3101323162534,0 -58.0666669995823,-50.3095244060265,0 -58.0633344808016,-50.310000480138,0 -58.05944409996521,-50.310554679255,0 -58.05666699978219,-50.3109526292604,0 -58.0545832598095,-50.3112504802255,0 -58.0477778398754,-50.3122221599247,0 -58.0466669999821,-50.312380851595,0 -58.0458332600969,-50.3125004803128,0 -58.0400007402419,-50.313332999818,0 -58.0370832594848,-50.3137504804003,0 -58.03666700018189,-50.3138090739296,0 -58.0359162677215,-50.31408251189839,0 -58.02969068207929,-50.3163554611356,0 -58.0266670003817,-50.3174589769502,0 -58.02262281029441,-50.3192900308102,0 -58.01888990074831,-50.3211113207308,0 -58.01666699968221,-50.3221660078549,0 -58.01583325979699,-50.32250048011299,0 -58.0140742263444,-50.3233329996182,0 -58.00892652134179,-50.32559374235731,0 -58.0066669998821,-50.3266655192982,0 -58.00206861157709,-50.3287358323927,0 -58.0001460040348,-50.3298539963648,0 -57.99666700008199,-50.3317338789153,0 -57.9956916583433,-50.3323564372997,0 -57.9944440999152,-50.33333300031771,0 -57.9888886800685,-50.33555468010431,0 -57.9866670002818,-50.3364433514794,0 -57.98174634531761,-50.3384135664329,0 -57.9814814527068,-50.3385185469933,0 -57.9766669995823,-50.34044481657501,0 -57.9746284253615,-50.341294425897,0 -57.97000073984219,-50.3433330001178,0 -57.9676984942901,-50.34436571500569,0 -57.9666669997821,-50.3448271409598,0 -57.9633332597221,-50.34666796055791,0 -57.9611860429016,-50.3478520430373,0 -57.956666999982,-50.3503447191334,0 -57.9546284257612,-50.3512944256971,0 -57.9512507403294,-50.35333299991801,0 -57.9482966382792,-50.3549638592946,0 -57.9466670001819,-50.3558622973071,0 -57.9419355544822,-50.3580644456176,0 -57.94155591557301,-50.3582231363886,0 -57.9366670003817,-50.3609721597373,0 -57.93506299566071,-50.3617289958964,0 -57.9323078695125,-50.36333299971809,0 -57.9286579664919,-50.36532274614779,0 -57.9266669996822,-50.3667704999586,0 -57.92319654108751,-50.3698613205435,0 -57.9192988361723,-50.3733330004176,0 -57.91780347495029,-50.3744706949665,0 -57.9166669998821,-50.375332511686,0 -57.9124116291933,-50.3790776286296,0 -57.9086665113504,-50.3833330002178,0 -57.9078034742509,-50.3844682540067,0 -57.9066670000819,-50.3859648356087,0 -57.9033857498524,-50.39005174978839,0 -57.90075147280221,-50.3933330000179,0 -57.8990839921325,-50.3957499918686,0 -57.89666700028179,-50.39925096895699,0 -57.8948811112742,-50.4015483320898,0 -57.8934919509927,-50.403332999818,0 -57.8911457600688,-50.40781298068449,0 -57.88999951926229,-50.4100004808375,0 -57.8882539144865,-50.4133329996182,0 -57.8877033765096,-50.4143681561654,0 -57.8866669995823,-50.4162748942709,0 -57.8841401447518,-50.4208061445879,0 -57.8826667557661,-50.4233330003177,0 -57.8804170000445,-50.4270829996806,0 -57.87666699978221,-50.4333330001178,0 -57.8743818440468,-50.4410478441826,0 -57.8709528882651,-50.443332999918,0 -57.8679170000694,-50.44458300000541,0 -57.866666999982,-50.4450981370694,0 -57.8643586507311,-50.4456401287889,0 -57.8600007402419,-50.446665519598,0 -57.85666700018189,-50.4474516520721,0 -57.85274610175121,-50.4494121012874,0 -57.8500959552641,-50.4499052652158,0 -57.8466670003817,-50.4510258708472,0 -57.845128914168,-50.4517949144038,0 -57.8420515213606,-50.4533329997181,0 -57.838695808165,-50.45536180820079,0 -57.83666699968221,-50.456025871197,0 -57.8324238354916,-50.4575761639088,0 -57.83131787891689,-50.4579838787529,0 -57.8266669998821,-50.45966356682009,0 -57.82379590615611,-50.46046190669159,0 -57.81802198072981,-50.4619780197697,0 -57.81666700008201,-50.4623466716615,0 -57.815883308368,-50.46254930870361,0 -57.8128596266704,-50.4633330004176,0 -57.8078938068536,-50.4645585857101,0 -57.8066670002818,-50.4648637616532,0 -57.80460279088611,-50.46539598853399,0 -57.7999384840737,-50.46660448400971,0 -57.7966669995823,-50.4674516525716,0 -57.7920808186748,-50.4687455980309,0 -57.7909284741697,-50.4690703045509,0 -57.7866669997822,-50.4702739176072,0 -57.7842817459058,-50.4709477463414,0 -57.7769941481613,-50.4730058511391,0 -57.776666999982,-50.4730986252014,0 -57.7764765703374,-50.4731425705731,0 -57.77542066193391,-50.47333300021771,0 -57.7679060132519,-50.4745732345671,0 -57.7666670001819,-50.47474657439479,0 -57.76449536946571,-50.4755034105539,0 -57.76026929509191,-50.4769340745478,0 -57.7566670003817,-50.47823046076709,0 -57.7527778399253,-50.4794438395615,0 -57.7493330156062,-50.48066698409401,0 -57.7466669996822,-50.4815556563684,0 -57.7452998125363,-50.48196581287189,0 -57.74074170666441,-50.4833330000179,0 -57.7375837480915,-50.4842509686073,0 -57.7366669998821,-50.48455614455041,0 -57.73492017382691,-50.485078605693,0 -57.7299152910578,-50.4865800706137,0 -57.7266670000819,-50.4875566327324,0 -57.72253980256979,-50.4892070235852,0 -57.7186115800603,-50.4913896404195,0 -57.7166670002818,-50.4923613201188,0 -57.716068855793,-50.4927348553293,0 -57.7151118242513,-50.493332999818,0 -57.7105048905882,-50.4971708908239,0 -57.7066669995823,-50.50036913272919,0 -57.70505933372121,-50.50172411337709,0 -57.7031110919033,-50.5033329996182,0 -57.7014607010505,-50.5081254805065,0 -57.7012568436284,-50.5087431564714,0 -57.69971021295589,-50.51333300031769,0 -57.6989619221549,-50.5156279217911,0 -57.69666699978221,-50.52266649636171,0 -57.6964912191943,-50.52315721863071,0 -57.6964289627264,-50.5233330001178,0 -57.6962959062311,-50.5237040936689,0 -57.6938593829042,-50.53052538304,0 -57.6928571856106,-50.53333299991791,0 -57.686666999982,-50.5457133711751,0 -57.68393140441081,-50.5505986252263,0 -57.6818183672239,-50.5533330004176,0 -57.6793659744601,-50.5560307543158,0 -57.67666700018189,-50.55899950362409,0 -57.6746040120655,-50.56127001210131,0 -57.672727790655,-50.5633330002178,0 -57.6694074783724,-50.5660722578284,0 -57.6666670003817,-50.56833299966809,0 -57.6632185140232,-50.5698857340394,0 -57.6575752034328,-50.5724247971666,0 -57.6566669996823,-50.5728325120108,0 -57.6563227616861,-50.5729887620217,0 -57.6555573810683,-50.5733330000179,0 -57.649167000057,-50.57583300019271,0 -57.6466669998821,-50.5767387613847,0 -57.6418183671239,-50.5781816327761,0 -57.6415900958062,-50.5782573161222,0 -57.63666700008201,-50.5796074143507,0 -57.63308301556869,-50.5797490153048,0 -57.63013623849659,-50.5798637616033,0 -57.6266670002818,-50.580000480138,0 -57.62351880654761,-50.5801860273633,0 -57.6199995192624,-50.580000480138,0 -57.6166669995823,-50.5801591718083,0 -57.61388990029861,-50.580554679255,0 -57.60870313324299,-50.5812968672566,0 -57.6066669997822,-50.5815873941429,0 -57.6050251542874,-50.5816923747033,0 -57.5978523028415,-50.58214647657861,0 -57.596666999982,-50.5822221599247,0 -57.59543897303009,-50.5821049728661,0 -57.58855054477181,-50.5814482339488,0 -57.5866670001819,-50.5812700117016,0 -57.5841181722158,-50.580784171852,0 -57.58023023213951,-50.5797709884403,0 -57.5766670003817,-50.5791996995065,0 -57.5720832593349,-50.5779179605454,0 -57.5710004962758,-50.57766649571221,0 -57.5666669996822,-50.5765434493207,0 -57.56439527172439,-50.5756035075958,0 -57.5573786702894,-50.5733330000179,0 -57.5568366776705,-50.5731645426095,0 -57.5566669998821,-50.5731425703733,0 -57.55646314246,-50.5731303629758,0 -57.5473933186467,-50.5726054610731,0 -57.5466670000819,-50.5725639573607,0 -57.5458515703936,-50.57251757032959,0 -57.53793897260551,-50.5720610276942,0 -57.5366670002818,-50.57198778510809,0 -57.53534741964769,-50.5720121990037,0 -57.5278425367036,-50.5721562425165,0 -57.52666699958229,-50.5721806564121,0 -57.52557691244449,-50.57224169160081,0 -57.5172785720484,-50.5727202073716,0 -57.51666699978221,-50.5727568277654,0 -57.5161225664033,-50.572788566639,0 -57.50667798610019,-50.5733330000179,0 -57.506666999982,-50.5733330000179,0 -57.4977229085853,-50.5722758712344,0 -57.49666700018181,-50.5722807536538,0 -57.49568189270511,-50.5723466721611,0 -57.4872822346873,-50.5727177657123,0 -57.4866670003817,-50.57275926942471,0 -57.4861372151603,-50.57280321479649,0 -57.48000806472041,-50.5733330000179,0 -57.4769099200567,-50.5735771407724,0 -57.4766669996823,-50.57358934727049,0 -57.4763886792941,-50.57361132040611,0 -57.46762036938451,-50.574285148241,0 -57.4666669998821,-50.5743583908271,0 -57.4654255451527,-50.5745732343672,0 -57.4590168539446,-50.5756840742606,0 -57.4566670000819,-50.5760893474454,0 -57.453408943368,-50.57659227711181,0 -57.45043042742221,-50.5770976484377,0 -57.4466670002818,-50.577654289214,0 -57.44190503698781,-50.57809618369189,0 -57.4414826739862,-50.5781474531424,0 -57.4366669995823,-50.57856249206529,0 -57.432978035408,-50.57964403474439,0 -57.42926831847811,-50.5807329024015,0 -57.4266669997822,-50.5814946209799,0 -57.4254047931966,-50.5820707932325,0 -57.4222236402088,-50.583332999818,0 -57.4182929769393,-50.5849589767753,0 -57.416666999982,-50.5856328046102,0 -57.4124336015295,-50.5875663982706,0 -57.41139722460219,-50.5880620038583,0 -57.4066670001819,-50.590051750288,0 -57.404362312071,-50.59102831240659,0 -57.3989179764834,-50.5933329996182,0 -57.39744458749771,-50.59411180891279,0 -57.3966670003817,-50.5944658126471,0 -57.39411328909701,-50.59588671090301,0 -57.3909443435066,-50.59761034344259,0 -57.38666699968219,-50.600132316753,0 -57.3846919023094,-50.6013579020455,0 -57.3815058669022,-50.6033330003177,0 -57.3787214435397,-50.6053886643554,0 -57.3766669998821,-50.6069047774335,0 -57.3729682699696,-50.609634269306,0 -57.3679572835018,-50.61333300011781,0 -57.36721509550019,-50.61387987515601,0 -57.366667000082,-50.6142851483409,0 -57.3650666582996,-50.6149321215201,0 -57.3602265700002,-50.6168925707355,0 -57.3566670002818,-50.6183329995682,0 -57.35338575005229,-50.6200517496885,0 -57.34888867936899,-50.623332999918,0 -57.3476838459327,-50.624348624989,0 -57.34666699958229,-50.62520800004909,0 -57.342260261302,-50.6289262614378,0 -57.3370368729533,-50.6333329997181,0 -57.33685498866671,-50.6335209886027,0 -57.33666699978221,-50.6336772386136,0 -57.3352741774613,-50.6347270433184,0 -57.3311689530847,-50.6378349528208,0 -57.326666999982,-50.6411113206309,0 -57.3253461989678,-50.6420121994034,0 -57.3234919515923,-50.6433330004176,0 -57.31942334760939,-50.6460893478451,0 -57.31666700018191,-50.6481108322491,0 -57.3135651934788,-50.6502299722354,0 -57.3092072829897,-50.65333300021771,0 -57.3076923902915,-50.6543583910269,0 -57.3066670003817,-50.6551103438672,0 -57.30228223433761,-50.6577177653625,0 -57.3015070879817,-50.6581718672379,0 -57.2966669996823,-50.6611503831836,0 -57.2952900467982,-50.6619560471338,0 -57.29378858187749,-50.6633330000179,0 -57.2901740797699,-50.66684130118511,0 -57.2866669998821,-50.6705644449931,0 -57.2852937090374,-50.6719584885933,0 -57.2839399487696,-50.67333299981811,0 -57.2801460040348,-50.6768120037709,0 -57.2766670000819,-50.6802910077238,0 -57.2751118240514,-50.681777824487,0 -57.27348584799349,-50.6833329996182,0 -57.2699274977558,-50.6865947183715,0 -57.2666670002818,-50.6898539963648,0 -57.2646076742047,-50.69127245296131,0 -57.2618671953148,-50.69333300031769,0 -57.2588703691721,-50.69553759028751,0 -57.2566669995823,-50.6974589765505,0 -57.2536591873216,-50.7003251878571,0 -57.25050000746929,-50.7033330001178,0 -57.2482978591588,-50.7049638594945,0 -57.2466669997822,-50.7061723558695,0 -57.2425532300475,-50.7092192301833,0 -57.2370002518601,-50.71333299991791,0 -57.236666999982,-50.7135795823318,0 -57.2362019119886,-50.7137968675314,0 -57.2300288161769,-50.7166948168123,0 -57.2266670001819,-50.7182719650791,0 -57.2226081619371,-50.7192729410933,0 -57.2203999099278,-50.719600090172,0 -57.2166670003817,-50.720386222646,0 -57.21398755668041,-50.7206547772961,0 -57.2090449294799,-50.7209550699205,0 -57.20666699968219,-50.7211772384388,0 -57.204326912457,-50.7209916912136,0 -57.1993940509946,-50.72060594950489,0 -57.1966669998821,-50.72039110506541,0 -57.192122322687,-50.7187871012437,0 -57.1914497152321,-50.7185502854672,0 -57.186667000082,-50.7168632733213,0 -57.18373975358671,-50.7162602464132,0 -57.1793696365994,-50.7160356371349,0 -57.17666700028181,-50.71560594915519,0 -57.1744929279063,-50.7155082926735,0 -57.1685725173078,-50.7152372972634,0 -57.1666669995823,-50.7151518472799,0 -57.1650666578,-50.7149321213203,0 -57.15719312296419,-50.71386034348001,0 -57.1566669997821,-50.7137871017933,0 -57.1562934645717,-50.7137065351284,0 -57.15333203934209,-50.71333299991791,0 -57.1474665602335,-50.7125322183871,0 -57.146666999982,-50.7124247970667,0 -57.1455073322975,-50.7121733322335,0 -57.13947705871919,-50.7105229413806,0 -57.13666700018191,-50.71000048023791,0 -57.1332563554964,-50.7099223552325,0 -57.1301777423089,-50.70982225799079,0 -57.1266670003817,-50.7097441329853,0 -57.1234492270002,-50.7101152265365,0 -57.1195136795126,-50.7104863200876,0 -57.1166669996823,-50.7108012617688,0 -57.1144270096987,-50.7110917886551,0 -57.1080854573779,-50.7119145433215,0 -57.1066669998821,-50.712097647988,0 -57.1056818924054,-50.71234911372061,0 -57.1017890699096,-50.71333299991791,0 -57.09770093534979,-50.7143681564652,0 -57.0966670000819,-50.7146293870366,0 -57.0940253980536,-50.7159746019463,0 -57.0908906329963,-50.7175566326325,0 -57.0866670002818,-50.7197490152049,0 -57.0843501056728,-50.72101610510909,0 -57.0803339924198,-50.7233329997181,0 -57.07802564226959,-50.7246904220253,0 -57.0766669995823,-50.7254887618968,0 -57.0717292557006,-50.7283940352565,0 -57.0714289630761,-50.7285722575036,0 -57.0666669997822,-50.73137255120221,0 -57.0655915608019,-50.73225878091801,0 -57.06428540794519,-50.7333330004176,0 -57.0609907308375,-50.7376567303738,0 -57.056666999982,-50.7422221603244,0 -57.05571485175899,-50.7433330002177,0 -57.0526667561658,-50.7473320236539,0 -57.0518183672238,-50.7484843672597,0 -57.0472553789326,-50.7533330000179,0 -57.0469892659418,-50.75365526577789,0 -57.0466670001819,-50.7540483324645,0 -57.04272779065501,-50.7593925699111,0 -57.03901929500439,-50.763332999818,0 -57.038000007894,-50.76466600822971,0 -57.0366670003817,-50.7664091722455,0 -57.0338471761062,-50.7705131753427,0 -57.03175733243491,-50.7733329996182,0 -57.0296943434192,-50.77636034335511,0 -57.02666699968229,-50.7807988205091,0 -57.0256611403493,-50.7823271409847,0 -57.0249995199119,-50.7833330003177,0 -57.02139356226301,-50.7880595626986,0 -57.0166669998821,-50.792927726933,0 -57.0164558183812,-50.7931205973376,0 -57.01622266374489,-50.7933330001178,0 -57.0111701735646,-50.7978349532204,0 -57.00666700008199,-50.80184862481419,0 -57.005894294486,-50.8025590739421,0 -57.0050544509022,-50.803332999918,0 -57.00060620890931,-50.8072734298249,0 -56.99666700028181,-50.81076219951589,0 -56.9953437576083,-50.8120097579439,0 -56.9939399491693,-50.8133329997181,0 -56.9901533285133,-50.8168193277497,0 -56.9866669995823,-50.8198784103603,0 -56.9847578207168,-50.8214238206527,0 -56.9821430742434,-50.8233330004176,0 -56.97892163882261,-50.8255888589387,0 -56.9766669997822,-50.8271660081048,0 -56.9730390698971,-50.82970507033269,0 -56.96785718526089,-50.83333300021771,0 -56.9670332111137,-50.83369921134949,0 -56.966666999982,-50.83386278543919,0 -56.96543286933139,-50.83456835124841,0 -56.9606403884432,-50.837305168099,0 -56.9566670001819,-50.8395756756768,0 -56.9542768629868,-50.8409428637221,0 -56.9500935136047,-50.8433330000179,0 -56.9478095782494,-50.84447557788561,0 -56.9466670003817,-50.8448564371748,0 -56.9448396076617,-50.8451591714585,0 -56.9395979082169,-50.8462651289325,0 -56.9366669996822,-50.84670458175101,0 -56.9319184650651,-50.8485844652009,0 -56.9310835039005,-50.84891649579961,0 -56.9266669998821,-50.8506669847935,0 -56.92487622845519,-50.85154100801109,0 -56.92176953933269,-50.85333299981811,0 -56.9184650955876,-50.85513231660309,0 -56.9166670000819,-50.85611132038111,0 -56.9118159256644,-50.8584819261,0 -56.9111103589559,-50.8588896409441,0 -56.9066670002818,-50.8613334883498,0 -56.9052656326028,-50.86193163283851,0 -56.9023042073732,-50.8633329996182,0 -56.8989985432481,-50.865664543284,0 -56.8966669995823,-50.8680302656842,0 -56.8944233475594,-50.8710893473954,0 -56.8927778400252,-50.87333300031759,0 -56.8901594315125,-50.8768242107687,0 -56.88666699978219,-50.8814824138823,0 -56.8857966386039,-50.8824614176602,0 -56.88465161907689,-50.8833330001178,0 -56.87967603352211,-50.8863432540379,0 -56.876666999982,-50.88785448469671,0 -56.8728571858105,-50.88952440612639,0 -56.8686176836591,-50.8913823164407,0 -56.86666700018179,-50.89223680818209,0 -56.8658833084679,-50.892549308204,0 -56.86390943147509,-50.89333299991799,0 -56.85881421720229,-50.8954789963586,0 -56.8566670003817,-50.8963920816292,0 -56.8517866287499,-50.8984526289856,0 -56.851372810207,-50.89862841047271,0 -56.84666699968229,-50.90061571524301,0 -56.8446992263882,-50.90136522642399,0 -56.8402302325392,-50.9033329997181,0 -56.83782788884589,-50.904495109062,0 -56.8366669998821,-50.9050541914977,0 -56.83326001723591,-50.9067387619842,0 -56.83112744947209,-50.9077934491083,0 -56.82666700008199,-50.9100004807376,0 -56.82444532029519,-50.9111113206309,0 -56.8200007403419,-50.9133330004176,0 -56.8178767170368,-50.9145414958933,0 -56.8166670002818,-50.91553758948811,0 -56.81289502778331,-50.9195610277192,0 -56.8098713460857,-50.9233330002177,0 -56.8085188061979,-50.92518358555401,0 -56.8066669995823,-50.92771776536261,0 -56.80422437345599,-50.93088915261229,0 -56.80234204924609,-50.9333330000179,0 -56.8018549881172,-50.9381450114831,0 -56.8018195881035,-50.9384868087192,0 -56.80132886493509,-50.943332999818,0 -56.80090039823479,-50.94756639827061,0 -56.800727058407,-50.9492729409934,0 -56.8003156815234,-50.9533329996182,0 -56.8001618731719,-50.9568266526279,0 -56.79979932407951,-50.9602006760203,0 -56.7996442953479,-50.9633330003177,0 -56.79973706851091,-50.9664042894264,0 -56.7993769610778,-50.9706230388222,0 -56.7994819416382,-50.9733330001178,0 -56.7997517166684,-50.9764164957247,0 -56.80005933427081,-50.9799394450493,0 -56.8003559648558,-50.983332999918,0 -56.8007087482101,-50.98737596872589,0 -56.80086255656169,-50.9891362225585,0 -56.8012299880734,-50.99333299971811,0 -56.8022920001756,-50.9977080000241,0 -56.80340528082899,-51.0000712816642,0 -56.8045539632947,-51.0033330004176,0 -56.8053730550224,-51.0046269449775,0 -56.8066669995823,-51.00666796085769,0 -56.8091669997572,-51.0108330000429,0 -56.8106660230185,-51.01333300021779,0 -56.8130671463317,-51.01693407454789,0 -56.8166670002818,-51.021516593416,0 -56.8175178299838,-51.0224833906959,0 -56.8183332596722,-51.0233330000179,0 -56.8224995192374,-51.0275004808624,0 -56.82666700008199,-51.03166796080771,0 -56.8281586992645,-51.03333299981809,0 -56.8328913653442,-51.0371074139759,0 -56.8366669998821,-51.0401201095553,0 -56.83830274257749,-51.0416972578221,0 -56.8399995195621,-51.0433329996182,0 -56.8433942948108,-51.04660692576901,0 -56.84666699968229,-51.0497612223025,0 -56.8482661210846,-51.0517338789153,0 -56.8490473711392,-51.05333300031759,0 -56.8501142656608,-51.0567802653969,0 -56.8508479083043,-51.0591508711158,0 -56.8521430741435,-51.0633330001178,0 -56.8538020094551,-51.06619676976511,0 -56.8566670003817,-51.07114305900501,0 -56.8574702226726,-51.07252977762711,0 -56.85793653104611,-51.07333299991799,0 -56.8611091386758,-51.0777763594913,0 -56.8615742266692,-51.0784257734306,0 -56.8650788648977,-51.0833329997181,0 -56.8657697834487,-51.0842289960713,0 -56.86666700018179,-51.0855546795048,0 -56.8699531328308,-51.09004686686941,0 -56.8719697348154,-51.0933330004176,0 -56.8739826738613,-51.096016105259,0 -56.876666999982,-51.1009892500538,0 -56.8774299398398,-51.1025712816393,0 -56.8777973713516,-51.1033330002177,0 -56.8822712476199,-51.10772753110061,0 -56.88666699978219,-51.1120463786374,0 -56.8873615803726,-51.1126371990475,0 -56.8884553304491,-51.1133330000179,0 -56.8936872632565,-51.1163115159637,0 -56.8966669995823,-51.1180082929483,0 -56.8997334062717,-51.1202665940281,0 -56.9038996658369,-51.123332999818,0 -56.90549390392049,-51.1245073165593,0 -56.9066670002818,-51.12537157403891,0 -56.9110432209678,-51.1289555585521,0 -56.9163837972744,-51.1333329996182,0 -56.9164704667386,-51.13352831258149,0 -56.9166670000819,-51.1339750894788,0 -56.9195637280835,-51.1404374917968,0 -56.92093579854821,-51.1433330003177,0 -56.9229121172004,-51.1470878829994,0 -56.9263752517165,-51.1530400315722,0 -56.9265400470854,-51.1533330001178,0 -56.9266669998821,-51.1535429612387,0 -56.93045728347681,-51.1595439376026,0 -56.9328498614319,-51.163332999918,0 -56.933802009655,-51.1661967695652,0 -56.9365522542831,-51.173218254319,0 -56.9365937579955,-51.17333299971811,0 -56.9366669996822,-51.1735746988132,0 -56.9388703692721,-51.1811284104477,0 -56.9394550859834,-51.1833330004176,0 -56.9410578694251,-51.1889409100949,0 -56.9423127519319,-51.19333300021779,0 -56.9437177816503,-51.19628221894921,0 -56.9466670003817,-51.2024760666171,0 -56.9469428791106,-51.2030571212891,0 -56.94707471522591,-51.2033330000179,0 -56.9495197830115,-51.20618700392701,0 -56.9515022053624,-51.2084990152173,0 -56.9556464917921,-51.21333299981799,0 -56.9560529862563,-51.2139457933636,0 -56.9566670001819,-51.21452440637619,0 -56.9607331625054,-51.219268058574,0 -56.9642182692577,-51.2233329996182,0 -56.9651948322756,-51.2248051682239,0 -56.966666999982,-51.2261894451867,0 -56.97150586700211,-51.22849413239819,0 -56.97200025220991,-51.22866747222601,0 -56.9766669997822,-51.2305327066191,0 -56.9787885823272,-51.2312114177727,0 -56.98541700039421,-51.2333330003177,0 -56.9863337477042,-51.2336674725757,0 -56.9866669995823,-51.2337871012937,0 -56.9873811116489,-51.23404833186499,0 -56.9936665120998,-51.2363334884997,0 -56.99666700028181,-51.2374247969168,0 -57.0014887774851,-51.2381547775209,0 -57.0017988358476,-51.2382011636527,0 -57.00666700008199,-51.2389384683356,0 -57.01086988094021,-51.2391313396396,0 -57.0125398023699,-51.239207023885,0 -57.0166669998821,-51.2393925702109,0 -57.0203681714539,-51.239631828546,0 -57.0232075272056,-51.23987352764111,0 -57.02666699968229,-51.24010546099819,0 -57.0295844804394,-51.2404155193607,0 -57.0346369706197,-51.2413017499757,0 -57.0366670003817,-51.24154833238961,0 -57.03829297643969,-51.24170702316049,0 -57.0462275464641,-51.24289354729931,0 -57.0466670001819,-51.2429399334312,0 -57.04703687335299,-51.24296190656669,0 -57.0533295978826,-51.2433330001178,0 -57.0564899981149,-51.243511222365,0 -57.056666999982,-51.2435283121818,0 -57.05687573982349,-51.2435405195792,0 -57.06592603305999,-51.24407274646009,0 -57.0666669997822,-51.2441166918318,0 -57.06777783967549,-51.2444438400112,0 -57.07378858177761,-51.2462114179225,0 -57.0766669995823,-51.2470585855852,0 -57.0815522536336,-51.2484477458667,0 -57.08186719531479,-51.24853319495091,0 -57.0866670002818,-51.2498710857819,0 -57.0894038162331,-51.2505961839666,0 -57.0955061111181,-51.2521733322334,0 -57.0966670000819,-51.2524760665172,0 -57.09731885568061,-51.2526811443193,0 -57.0993928299151,-51.253332999918,0 -57.1049274979056,-51.2550737222744,0 -57.1066669998821,-51.25561815655269,0 -57.110146003835,-51.2568120038708,0 -57.1124116289935,-51.2575883715061,0 -57.1166669996823,-51.25904833181501,0 -57.1197065508166,-51.26029344948309,0 -57.1254841382823,-51.26214891813801,0 -57.1266670003817,-51.2625786052184,0 -57.1271711504282,-51.2628300700517,0 -57.12827222458341,-51.2633329997181,0 -57.13300855270249,-51.2669902268175,0 -57.13666700018191,-51.26951952330731,0 -57.1385871660648,-51.2714140549147,0 -57.1405329671227,-51.2733330004176,0 -57.1430158765814,-51.2769853441982,0 -57.146666999982,-51.2823539964397,0 -57.1470832601843,-51.28291796129479,0 -57.1474592361548,-51.2833330002177,0 -57.15216992999829,-51.2878300700017,0 -57.1566669997821,-51.29173876193419,0 -57.1575398026197,-51.29246141756029,0 -57.1585957110232,-51.2933330000179,0 -57.1625959548394,-51.2974028243808,0 -57.1666669995823,-51.30154833208981,0 -57.1673383866571,-51.3026616136425,0 -57.167742439462,-51.3033329998181,0 -57.1682539144865,-51.3049199138229,0 -57.16991895349679,-51.310081046603,0 -57.1709675369223,-51.3133329996182,0 -57.1723579175838,-51.31764208231619,0 -57.1730158768812,-51.31968309729709,0 -57.1741938556619,-51.32333300031771,0 -57.1750007399921,-51.325000480088,0 -57.17666700028181,-51.3271660080048,0 -57.17967481254251,-51.33032518785709,0 -57.18253980256981,-51.33333300011779,0 -57.1836787183981,-51.3363212809023,0 -57.1861543046774,-51.34282030451341,0 -57.1863496167414,-51.3433329999179,0 -57.1864521565417,-51.3435478434582,0 -57.186667000082,-51.3438896406943,0 -57.1907148513093,-51.34928514849079,0 -57.1942219311971,-51.35333299971811,0 -57.19540235163721,-51.3545976488623,0 -57.1966669998821,-51.3559526286109,0 -57.200313239964,-51.35968553905631,0 -57.2038752522411,-51.3633330004176,0 -57.2046320875008,-51.3653666913197,0 -57.20666699968219,-51.37083544170221,0 -57.2076191488046,-51.3733330002178,0 -57.2076923904914,-51.37435839102691,0 -57.2082221757128,-51.3817778239874,0 -57.2084614331486,-51.3851274334842,0 -57.20888867946889,-51.39111132003139,0 -57.2092304767051,-51.3958964768409,0 -57.2095551832251,-51.40044481607539,0 -57.20999951936229,-51.4066655192983,0 -57.2102216878806,-51.40977831211941,0 -57.2107685629188,-51.41743456265489,0 -57.2108894120167,-51.4191118081634,0 -57.211538825956,-51.4282036051122,0 -57.2115559157729,-51.42844530510671,0 -57.2119050370878,-51.433332999918,0 -57.2125422445289,-51.43745653539081,0 -57.2128303297559,-51.4394975503716,0 -57.2134101640478,-51.4433329997181,0 -57.2139216390723,-51.44607958230679,0 -57.2147749104337,-51.4514409104696,0 -57.2151106030718,-51.4533330004176,0 -57.2153706132631,-51.4546293866368,0 -57.2166670003817,-51.4611137620904,0 -57.2170441976316,-51.4629570233479,0 -57.21711133561961,-51.4633330002177,0 -57.2171430744933,-51.4638090743293,0 -57.2177082597283,-51.4722929610513,0 -57.2177778402751,-51.4733330000179,0 -57.2178156819481,-51.4744829019643,0 -57.2178156819481,-51.48218309787159,0 -57.2178571856605,-51.4833329998181,0 -57.21794873844351,-51.4846147378798,0 -57.2184443440312,-51.4915556559687,0 -57.2185712968279,-51.4933329996182,0 -57.2190900959312,-51.4957573164469,0 -57.2199995191625,-51.50000048063771,0 -57.220713631229,-51.50333300031771,0 -57.222633797112,-51.5073662033876,0 -57.224165779627,-51.5108305582836,0 -57.2253022537959,-51.51333300011779,0 -57.2257063066007,-51.5142924724196,0 -57.2266670001819,-51.51666796055791,0 -57.2284577716088,-51.521543448871,0 -57.22911573090619,-51.523332999918,0 -57.2305366291621,-51.5272026288982,0 -57.2311445393889,-51.5288554605111,0 -57.23278882654311,-51.53333299971809,0 -57.2338300858897,-51.5361699138104,0 -57.23634351384201,-51.54300829299829,0 -57.2364619221799,-51.5433330004176,0 -57.236666999982,-51.5438896402946,0 -57.2389326251405,-51.55106737505929,0 -57.23964917796711,-51.5533330002177,0 -57.2415937577457,-51.5582597579814,0 -57.2416315994187,-51.55836962096121,0 -57.2439582597659,-51.5633330000179,0 -57.24502149224801,-51.564978507552,0 -57.2466669997822,-51.5675273355181,0 -57.2489448323381,-51.5710551681614,0 -57.25041577966451,-51.57333299981799,0 -57.2530524983741,-51.5769487223056,0 -57.2566669995823,-51.5814409105695,0 -57.2575422440793,-51.5824589764006,0 -57.25833325987201,-51.5833329996182,0 -57.2623457110856,-51.58765428881429,0 -57.2666670002818,-51.5923076095085,0 -57.2670710530866,-51.5929301678929,0 -57.26733350403791,-51.5933330003177,0 -57.26833325967209,-51.594998039328,0 -57.2708503496639,-51.5991484294564,0 -57.27327954891199,-51.6033330001178,0 -57.27440869900221,-51.6055913011975,0 -57.2766670000819,-51.6105742108311,0 -57.277555671457,-51.6124443285429,0 -57.2779572835018,-51.613332999918,0 -57.2792475660223,-51.6159135667577,0 -57.2808930744558,-51.6191069253443,0 -57.2828791579467,-51.6233329997181,0 -57.2866669998821,-51.6309086835888,0 -57.2874921953085,-51.6325078049912,0 -57.28787915829651,-51.6333330004176,0 -57.2881477129466,-51.63481493386211,0 -57.28923047690489,-51.6407695231949,0 -57.28969678527839,-51.64333300021781,0 -57.29037061311331,-51.64703661344889,0 -57.2907697834987,-51.6492314376807,0 -57.2915156326403,-51.6533330000179,0 -57.2920405354423,-51.6579594651571,0 -57.29222241972881,-51.6588871994846,0 -57.2928071364402,-51.6633329998181,0 -57.29412305503491,-51.6658769453647,0 -57.2966669996823,-51.6702080002989,0 -57.2978230062267,-51.6721782152524,0 -57.29893872853939,-51.6733329996182,0 -57.3031965408876,-51.676802237833,0 -57.3066670003817,-51.6796293870865,0 -57.3084931718224,-51.6815068279777,0 -57.3111103590558,-51.68333300031761,0 -57.3141413648321,-51.6858598551482,0 -57.31666700018191,-51.6879643478763,0 -57.3193147050096,-51.6906840740108,0 -57.3231098710237,-51.6933330001178,0 -57.3249274980056,-51.6950737224743,0 -57.326666999982,-51.6967387614846,0 -57.3294843825981,-51.7005156173018,0 -57.3320112383279,-51.703332999918,0 -57.3336994708538,-51.7063017501256,0 -57.33666699978221,-51.71151659401559,0 -57.3371796951868,-51.7128203043135,0 -57.33738111094951,-51.71333299971809,0 -57.3377766192955,-51.71444383961149,0 -57.33991651203731,-51.7200834881624,0 -57.34099927509639,-51.7233330004176,0 -57.3420722733167,-51.7279277266832,0 -57.3422224196289,-51.728887198985,0 -57.343136726179,-51.7333330002177,0 -57.3438325271493,-51.7361674726507,0 -57.3454328689317,-51.7421000897473,0 -57.34574781061291,-51.7433330000179,0 -57.3459162680213,-51.7440825120982,0 -57.34666699958229,-51.7472490160292,0 -57.34780469503059,-51.7521953043698,0 -57.3480952228163,-51.753332999818,0 -57.3485090413591,-51.7551738203155,0 -57.34963330903,-51.7603666910699,0 -57.3503120192842,-51.7633329996182,0 -57.352516609254,-51.7674833906459,0 -57.3544440992158,-51.7711088788716,0 -57.35562451965579,-51.7733330003177,0 -57.35602979284061,-51.7739702068595,0 -57.3566670002818,-51.7751201097053,0 -57.3594636310417,-51.7805375897379,0 -57.3608112867115,-51.7833330001178,0 -57.3626545488683,-51.7873466717115,0 -57.36433301565611,-51.7909990154921,0 -57.3654060138764,-51.793332999918,0 -57.3658076250218,-51.7941923749781,0 -57.366667000082,-51.7954863204373,0 -57.37079663835409,-51.799204581826,0 -57.3748774488351,-51.8015434495705,0 -57.3766669998821,-51.8026811441194,0 -57.3770319906338,-51.80296678948571,0 -57.3774995193872,-51.8033329997181,0 -57.3838276448299,-51.8061723554698,0 -57.38666699968219,-51.8071269453522,0 -57.39105664814579,-51.8089433519541,0 -57.3931379473584,-51.80980516777419,0 -57.3966670003817,-51.81126512898249,0 -57.39828809402031,-51.81171190587969,0 -57.404165779627,-51.8133330004176,0 -57.40612622884241,-51.8138725504778,0 -57.4066670001819,-51.8140239180693,0 -57.40767530117411,-51.8143413005106,0 -57.4141535720297,-51.8158452070906,0 -57.416666999982,-51.816863273821,0 -57.4206757891563,-51.8193242110435,0 -57.426128670102,-51.82333300021781,0 -57.4264289627264,-51.82357225765359,0 -57.4266669997822,-51.8237602465381,0 -57.43000440278091,-51.82667040231719,0 -57.4317805251511,-51.828218254269,0 -57.4366669995823,-51.8324785073772,0 -57.4370881422039,-51.8329106370163,0 -57.4374995190875,-51.8333330000179,0 -57.43746045703439,-51.83412645747,0 -57.43701734217651,-51.8429838785032,0 -57.4370002523597,-51.8433329998181,0 -57.4369843829229,-51.8436503831586,0 -57.4366669995823,-51.84998827344,0 -57.4364814532564,-51.85314745329229,0 -57.43647046713831,-51.8533329996182,0 -57.4364497152821,-51.85355028481771,0 -57.4359003985845,-51.8625663984205,0 -57.4358247152384,-51.8633330003177,0 -57.4361701736146,-51.8638310466654,0 -57.4366669995823,-51.86415819574411,0 -57.4372309644374,-51.86389696517281,0 -57.43844678489111,-51.8633330003177,0 -57.443622566728,-51.8602885667639,0 -57.4466670002818,-51.8610063399706,0 -57.4526472247895,-51.8593144454053,0 -57.4566670000819,-51.858176749957,0 -57.4604414142398,-51.8571074137761,0 -57.4638593830041,-51.8561406173955,0 -57.4666669998821,-51.8553471599434,0 -57.46828321110129,-51.8549492108374,0 -57.47487378749529,-51.8533329996182,0 -57.4763142172273,-51.8529789958839,0 -57.4766669996823,-51.8528935467997,0 -57.4771430737938,-51.8528569255067,0 -57.4846223224621,-51.851289542978,0 -57.4866670003817,-51.8511747966795,0 -57.488683601467,-51.8513163985329,0 -57.4951020584132,-51.8517680587489,0 -57.49666700018181,-51.8518779217287,0 -57.49802686324909,-51.851973136551,0 -57.5058588943724,-51.852524894908,0 -57.506666999982,-51.8525810467779,0 -57.5073286213188,-51.8526713791808,0 -57.5104743733935,-51.8533329996182,0 -57.5153730543229,-51.8546269450774,0 -57.51666699978221,-51.8553032145717,0 -57.52131543715771,-51.85868456294219,0 -57.523892341958,-51.860559562174,0 -57.52666699958229,-51.8625761641586,0 -57.5271052320208,-51.8628959882592,0 -57.5277070394483,-51.8633330003177,0 -57.5280451737457,-51.8647099532017,0 -57.527327400539,-51.87267137878109,0 -57.5277473218813,-51.8733330001178,0 -57.5279572830022,-51.8746220622583,0 -57.5289924395494,-51.8810087812302,0 -57.5293696367992,-51.883332999918,0 -57.5298920979419,-51.8865580973783,0 -57.53038770352961,-51.8896122966701,0 -57.5309907304378,-51.89333299971809,0 -57.5296296460913,-51.8962968675064,0 -57.52666699958229,-51.9027446207676,0 -57.5260004958262,-51.9033330004176,0 -57.5184614332485,-51.9051274338839,0 -57.51666699978221,-51.9055546793049,0 -57.5136237875078,-51.90637743397139,0 -57.5104829178524,-51.90714891828791,0 -57.506666999982,-51.90824755078379,0 -57.503369881215,-51.9100371018308,0 -57.4975764234132,-51.9133330002177,0 -57.4970002520599,-51.91366747247581,0 -57.49666700018181,-51.9138603437798,0 -57.4919306720628,-51.9185966718989,0 -57.4871931226644,-51.9233330000179,0 -57.4869306717131,-51.9235966722486,0 -57.4819306722626,-51.928596671699,0 -57.47719312286429,-51.933332999818,0 -57.4831379473583,-51.93686327322141,0 -57.4866670003817,-51.9389580002115,0 -57.4892121663084,-51.9407866133115,0 -57.491851325778,-51.9433329996182,0 -57.49401319165539,-51.9459868081447,0 -57.49666700018181,-51.9498344648886,0 -57.4981147539926,-51.95188524650689,0 -57.4991364827624,-51.9533330003177,0 -57.5022529376229,-51.9577470626768,0 -57.50506421654029,-51.9617314370561,0 -57.50619580828991,-51.9633330001178,0 -57.5063459555014,-51.96365282421839,0 -57.506666999982,-51.964333976132,0 -57.5096418538884,-51.9703593672909,0 -57.5111103595554,-51.9733329999179,0 -57.5126130448561,-51.9773881761234,0 -57.5137251051295,-51.9803911050654,0 -57.5148139727865,-51.9833329997181,0 -57.5154169996948,-51.9845829998056,0 -57.51666699978221,-51.9864579999367,0 -57.51963941202921,-51.9903593668913,0 -57.5219038168077,-51.9933330004176,0 -57.5240803299432,-51.9959208904367,0 -57.52666699958229,-51.9989946212048,0 -57.5287104571219,-52.00128954267821,0 -57.5303754961322,-52.00333300021781,0 -57.5334834065339,-52.0065165939656,0 -57.5366670002818,-52.0098344645888,0 -57.53855909022981,-52.0114409100699,0 -57.5403510820367,-52.0133330000179,0 -57.5435896072745,-52.016409171546,0 -57.5466670000819,-52.0193339763819,0 -57.54882886506,-52.02116991446,0 -57.5508772050189,-52.02333299981801,0 -57.5538459552266,-52.02615282409351,0 -57.5566669998821,-52.0288334881749,0 -57.5590998611696,-52.03090135961,0 -57.56140332800111,-52.0333329996182,0 -57.56474439214001,-52.0352568284399,0 -57.5666669996822,-52.0363627850145,0 -57.5714582601905,-52.0385405194294,0 -57.57222241952901,-52.03888964074429,0 -57.5766670003817,-52.0409086834889,0 -57.57833325977211,-52.04166551964789,0 -57.5820002517102,-52.04333300031769,0 -57.5851228102694,-52.04487840971079,0 -57.5866670001819,-52.0458622968075,0 -57.5908564532627,-52.04914354703699,0 -57.595651374911,-52.0533330001178,0 -57.5961799397524,-52.05381883996739,0 -57.596666999982,-52.05426805852401,0 -57.601199470679,-52.058799308841,0 -57.6057331617559,-52.06333299991801,0 -57.60614209787941,-52.06385790272,0 -57.6066669997822,-52.0648246991005,0 -57.6098664629669,-52.0701323161534,0 -57.61179395292861,-52.07333299971809,0 -57.61357740027681,-52.076423820303,0 -57.6157893143254,-52.0824540938813,0 -57.6161762773133,-52.0833330004176,0 -57.6166669995823,-52.0842119060546,0 -57.62020337668449,-52.0897954027356,0 -57.62176465641371,-52.0933330002177,0 -57.62348218525461,-52.0965190347256,0 -57.6266670002818,-52.1024247971666,0 -57.6270197836361,-52.1029789962836,0 -57.6271931234638,-52.1033330000179,0 -57.6280354078078,-52.10470018716389,0 -57.6307856524359,-52.109214347664,0 -57.63340528132859,-52.1133329998181,0 -57.6346931230891,-52.1153080980902,0 -57.63666700008201,-52.1183330001678,0 -57.6386665113504,-52.12133348834979,0 -57.63999951976201,-52.1233329996182,0 -57.64266675606589,-52.12733446471371,0 -57.6466669998821,-52.1333330003177,0 -57.6521211012078,-52.1378788987921,0 -57.6566669996823,-52.1416655194481,0 -57.6575764238129,-52.1424247972665,0 -57.65866651185,-52.14333300011781,0 -57.6630305251386,-52.1469706957409,0 -57.6666670003817,-52.1500004802379,0 -57.6716657794521,-52.153332999918,0 -57.6746992268877,-52.155300773212,0 -57.67666700018189,-52.1564921797702,0 -57.68103589678919,-52.1589628827308,0 -57.6838117756928,-52.16047655504891,0 -57.686666999982,-52.16205126165639,0 -57.6874995194872,-52.1625004802129,0 -57.6890461501596,-52.1633329997181,0 -57.6934016189895,-52.1665996017902,0 -57.69666699978221,-52.16872606675451,0 -57.6993293536667,-52.1706718669131,0 -57.7038581623243,-52.1733330004176,0 -57.70557813282451,-52.1744218671754,0 -57.7066669995823,-52.1751127848271,0 -57.7111921462006,-52.1788066332195,0 -57.7147102131058,-52.1813749917624,0 -57.7166670002818,-52.1828276288919,0 -57.7169489827094,-52.1830497965109,0 -57.717306648483,-52.18333300021779,0 -57.7224348220094,-52.1875663986703,0 -57.7266670000819,-52.1907084887058,0 -57.72817823074071,-52.19182176935909,0 -57.7302277910796,-52.1933330000179,0 -57.7337653885618,-52.19623583171819,0 -57.7366669998821,-52.1985551679866,0 -57.739304939871,-52.2006962811084,0 -57.742399421596,-52.20333299981801,0 -57.7446540606363,-52.2053447184839,0 -57.7466669996822,-52.207144035269,0 -57.7500105054804,-52.20998827344,0 -57.7543134844797,-52.2133329996182,0 -57.7557026447612,-52.2142973552387,0 -57.7566670003817,-52.2148564376744,0 -57.7598042070985,-52.2164702072342,0 -57.76226392394089,-52.21773485547911,0 -57.7666670001819,-52.22000048063759,0 -57.76899976332841,-52.2209990158918,0 -57.77444409981529,-52.22333300031769,0 -57.7760004962259,-52.2239995040738,0 -57.776666999982,-52.2242851485407,0 -57.7783344806517,-52.225000480088,0 -57.78300000784411,-52.2269999922558,0 -57.7866669997822,-52.22857225810319,0 -57.79009107224519,-52.2299077072748,0 -57.7957746661679,-52.232439445424,0 -57.7966669995823,-52.23281786305391,0 -57.79704053479279,-52.2329594649073,0 -57.7977778394757,-52.2333330001178,0 -57.8039362871299,-52.2360624919904,0 -57.8066670002818,-52.2372538985485,0 -57.8108845292975,-52.2391166912822,0 -57.81368482209681,-52.2403520432122,0 -57.81666700008201,-52.24166551924829,0 -57.8178230057271,-52.24217577299351,0 -57.8204438558992,-52.243332999918,0 -57.8247614821566,-52.2452372972634,0 -57.8266669998821,-52.24607958160739,0 -57.8314411696742,-52.2485600512053,0 -57.8323823317792,-52.249048331815,0 -57.83666699968221,-52.2512748949204,0 -57.83789502753351,-52.2521049727662,0 -57.839708992476,-52.2533329997181,0 -57.8439777909422,-52.25602342953761,0 -57.8466670003817,-52.25743700371469,0 -57.85070142383159,-52.2592973556884,0 -57.8542878500042,-52.2609526289606,0 -57.85666700018189,-52.26205126145651,0 -57.85754346505879,-52.26245653554071,0 -57.85944287908559,-52.2633330004176,0 -57.8638398516278,-52.2661601487718,0 -57.866666999982,-52.2676201090807,0 -57.8702045974642,-52.2697954027356,0 -57.87612012474391,-52.2733330002177,0 -57.87666699978221,-52.273713859507,0 -57.8779731526388,-52.2746391521751,0 -57.8822871168569,-52.2777128829431,0 -57.8866669995823,-52.2807402266801,0 -57.8881879959792,-52.281812003621,0 -57.8903498609573,-52.2833330000179,0 -57.894038826031,-52.2859599529894,0 -57.89666700028179,-52.2877788003513,0 -57.8999274977558,-52.2900737227241,0 -57.9045612869738,-52.2933329998181,0 -57.9058442463149,-52.2941557535851,0 -57.9066670000819,-52.294597648063,0 -57.9104194411043,-52.2970854417397,0 -57.9119196856449,-52.2980790936752,0 -57.9166669998821,-52.3012285077893,0 -57.9179328694063,-52.30206835137329,0 -57.9198408278918,-52.3033329996182,0 -57.92449536896611,-52.3055058516137,0 -57.9266669996822,-52.3065190350254,0 -57.93140943150001,-52.3085917888799,0 -57.9323261797094,-52.30899217964529,0 -57.9366670003817,-52.31088915201269,0 -57.93844068199179,-52.3115580974282,0 -57.9431367267785,-52.3133330003176,0 -57.9457148519588,-52.31428514854069,0 -57.9466670001819,-52.3146098550607,0 -57.9484321364339,-52.3150981365697,0 -57.9533857497525,-52.31661424964781,0 -57.956666999982,-52.3174516524717,0 -57.9615058670021,-52.3184941330977,0 -57.9619172438856,-52.3185820238413,0 -57.9666669997821,-52.3196074137511,0 -57.9695026934945,-52.3204960860255,0 -57.9758100661816,-52.3224760667171,0 -57.9766669995823,-52.3227446213671,0 -57.977123543117,-52.32287645658321,0 -57.9785419997135,-52.32333300011781,0 -57.9847260816433,-52.32527391785699,0 -57.9866670002818,-52.3258818280839,0 -57.9902448810963,-52.3269121013124,0 -57.9924873127392,-52.3275126874605,0 -57.99666700008199,-52.3287822190242,0 -58.0001045003224,-52.32989549967749,0 -58.0066669998821,-52.333332999918,0 -58.0119502030394,-52.3380497965608,0 -58.01666699968221,-52.3422612227772,0 -58.01724195155471,-52.3427592691249,0 -58.0179524006827,-52.3433329997181,0 -58.02294751771371,-52.3470537027661,0 -58.0266670003817,-52.34949510941171,0 -58.02914990984039,-52.3508500900596,0 -58.0337031323936,-52.3533330004176,0 -58.0356208575165,-52.3543803634629,0 -58.03666700018189,-52.35494921073749,0 -58.0394746170599,-52.35614061729559,0 -58.0425532302473,-52.3574467692529,0 -58.0466669999821,-52.3591923749281,0 -58.0496052325954,-52.3603935472244,0 -58.0564277423464,-52.36333300021769,0 -58.0565791090386,-52.3634208909613,0 -58.05666699978219,-52.3634697187525,0 -58.05703321091389,-52.3636992113495,0 -58.0628754965069,-52.36712450419251,0 -58.0685627515697,-52.37143846841051,0 -58.0697919998009,-52.3733330000179,0 -58.0723530351644,-52.3776469651353,0 -58.07341626764661,-52.3800834884622,0 -58.0749995196121,-52.38333299981801,0 -58.0756098714983,-52.38439012860151,0 -58.0766670002818,-52.3862236250202,0 -58.07942578936859,-52.3905742105313,0 -58.080769782999,-52.3933329996182,0 -58.0831818924303,-52.3968168868898,0 -58.0866670000819,-52.4018510659739,0 -58.0873066482832,-52.4026933512171,0 -58.08769239089109,-52.4033330003177,0 -58.0920002523097,-52.40800096916931,0 -58.0966669998821,-52.4130546797297,0 -58.0968281332117,-52.4131718667882,0 -58.0970368730532,-52.4133330001178,0 -58.1025398030694,-52.41746141801,0 -58.1066669996823,-52.42055467935489,0 -58.1084602127686,-52.4215385664517,0 -58.11142774259619,-52.423332999918,0 -58.1147370687607,-52.425264151919,0 -58.1166670003817,-52.42638964086921,0 -58.1211506423882,-52.42884813643229,0 -58.12375928516289,-52.4304252855984,0 -58.1266670001819,-52.4321391523999,0 -58.1275605548757,-52.4324394450243,0 -58.1291657790774,-52.4333329997181,0 -58.1347309646623,-52.4352690350379,0 -58.136666999982,-52.43615770731229,0 -58.140359627095,-52.4370244064511,0 -58.1426215902142,-52.43737841018541,0 -58.1466669997822,-52.4385502852674,0 -58.1507404861845,-52.439258292736,0 -58.1529829178273,-52.4396489177633,0 -58.1566669995823,-52.4402885659645,0 -58.1592597738195,-52.4407402261805,0 -58.16508863073571,-52.4417534104915,0 -58.1666670002818,-52.4420292892203,0 -58.1676350179417,-52.44236620313771,0 -58.17041577926479,-52.4433330004176,0 -58.17505445090219,-52.44494676997741,0 -58.17666700008189,-52.44550829317309,0 -58.1797285234526,-52.4463945237882,0 -58.1826460042097,-52.44735399608999,0 -58.1866669998821,-52.4483989183753,0 -58.1908430251854,-52.4491581952944,0 -58.19278638458389,-52.4494536054994,0 -58.19666699968221,-52.4501225509149,0 -58.1989277424213,-52.4510722574786,0 -58.2043122640997,-52.4533330002178,0 -58.2059711994113,-52.45402880118821,0 -58.2066670003817,-52.4543217697338,0 -58.20889112092839,-52.4555571207645,0 -58.21246045728421,-52.45753954311541,0 -58.2166670001819,-52.4598759683013,0 -58.21887159015169,-52.461128410048,0 -58.2228877034048,-52.4633330000179,0 -58.22517530079939,-52.4648246992004,0 -58.226666999982,-52.4657988205591,0 -58.2307453688037,-52.4692558513764,0 -58.2344270097987,-52.4733329998181,0 -58.2352107015126,-52.4747905193669,0 -58.23666699978219,-52.4775004806626,0 -58.2387458573354,-52.4812553633443,0 -58.2403498611571,-52.4833329996182,0 -58.2427961502221,-52.4872050702577,0 -58.2466669995823,-52.4933330003176,0 -58.2525947342596,-52.4974052654406,0 -58.2566670002818,-52.5002006758205,0 -58.2584235920751,-52.5015776287046,0 -58.26122754691371,-52.50333300011781,0 -58.2653425370284,-52.5046586835514,0 -58.2666670000819,-52.5050834882124,0 -58.2684492261508,-52.5051152261867,0 -58.27477735159349,-52.50522264840649,0 -58.2766669998821,-52.5052543863808,0 -58.2786213453987,-52.50528612525439,0 -58.28461133564461,-52.5053886641555,0 -58.2866669996823,-52.5054228437892,0 -58.2890388257811,-52.50570604659671,0 -58.29419751780111,-52.505801261419,0 -58.2966670003817,-52.5061699142101,0 -58.300086189526,-52.506750968882,0 -58.3029609452914,-52.5070390550084,0 -58.3066670001818,-52.50778612542931,0 -58.3107441486235,-52.50741014855951,0 -58.31354199976349,-52.5064580003364,0 -58.316666999982,-52.5059990160417,0 -58.3185188065976,-52.5051860271134,0 -58.3227277911546,-52.50333300011781,0 -58.3256013265399,-52.5022685472556,0 -58.3266669997822,-52.50187303890961,0 -58.32903760550111,-52.4957036051372,0 -58.3318366779203,-52.4933330003176,0 -58.3332856521111,-52.48995165194711,0 -58.3357124105992,-52.4842875895006,0 -58.33612134582339,-52.4833329996182,0 -58.336284919913,-52.482952140329,0 -58.33666699958231,-52.48206102729451,0 -58.3381452718867,-52.4748100508431,0 -58.3384467848912,-52.4733329998181,0 -58.3390998617692,-52.4708989181505,0 -58.34018750814689,-52.4668535076832,0 -58.3411323322912,-52.4633330000179,0 -58.342708260178,-52.4593754802941,0 -58.3440864334421,-52.4559135661581,0 -58.3451130446313,-52.4533330002178,0 -58.34567823076569,-52.4523442307017,0 -58.3466670002818,-52.4512455973064,0 -58.3502229079608,-52.4497783129187,0 -58.35202832844459,-52.44869432768099,0 -58.35666700008189,-52.44770311740489,0 -58.3611579670665,-52.4478251877821,0 -58.36214917734261,-52.4478520433371,0 -58.3666669998821,-52.4479741137143,0 -58.3714033280011,-52.4480693285366,0 -58.37192090582511,-52.4480790933754,0 -58.37666699968221,-52.44817674985709,0 -58.3814240796575,-52.4480888591135,0 -58.38190015466839,-52.44809862485161,0 -58.3866670003817,-52.4480204998462,0 -58.3910468831071,-52.44771288314301,0 -58.3923542554445,-52.4476445238756,0 -58.3966670001819,-52.44735399608999,0 -58.401117683834,-52.4488823165656,0 -58.4027912673031,-52.4494560471588,0 -58.406666999982,-52.4507890546711,0 -58.4085029371608,-52.4514970621397,0 -58.4112312086533,-52.4533330002178,0 -58.4147211996236,-52.45527880037629,0 -58.41666699978219,-52.456365226374,0 -58.42160230290389,-52.4582695237195,0 -58.421704841805,-52.4582939376151,0 -58.4266669995823,-52.46121141837219,0 -58.4284516682099,-52.4615483322897,0 -58.43329907968869,-52.4633330000179,0 -58.4361164632042,-52.4638847574755,0 -58.4366670002818,-52.4647343667975,0 -58.44162061360039,-52.4683793864995,0 -58.445893074106,-52.4733329998181,0 -58.4463654861782,-52.4736357341018,0 -58.446667000082,-52.4740092693123,0 -58.448864265973,-52.4755302657092,0 -58.4523200764103,-52.4776811445691,0 -58.4566669998821,-52.4824418865838,0 -58.4571613850898,-52.4828373949298,0 -58.4577778397754,-52.4833329996182,0 -58.4632575762761,-52.4867436443037,0 -58.4666669996823,-52.4904765547491,0 -58.468501716481,-52.4914970622396,0 -58.4709516675853,-52.4933330003176,0 -58.4718903889303,-52.4981083904898,0 -58.47185010559789,-52.498516105334,0 -58.4724201741517,-52.50333300011781,0 -58.46976880638529,-52.5064335855415,0 -58.4666669996823,-52.5100639570859,0 -58.4657832107265,-52.5124492109623,0 -58.46545484216719,-52.513332999918,0 -58.4630781327496,-52.5197441327854,0 -58.4617487872767,-52.52333299971811,0 -58.4594148028509,-52.5260795823069,0 -58.4566669998821,-52.5271586833265,0 -58.4527180255164,-52.5272831953631,0 -58.4506806716756,-52.5273466722111,0 -58.446667000082,-52.5274736250078,0 -58.44239209791689,-52.5276079027824,0 -58.4409870681986,-52.5276518472549,0 -58.4366670002818,-52.527788566689,0 -58.4266669995823,-52.527788566689,0 -58.4222797927782,-52.5277202074216,0 -58.4210346760095,-52.5277006759454,0 -58.41666699978219,-52.52763231667799,0 -58.4119807207336,-52.52864550008971,0 -58.4113618243886,-52.528638176011,0 -58.406666999982,-52.52933397698139,0 -58.4034687580766,-52.5301347576129,0 -58.3997895587411,-52.530210440959,0 -58.3966670001819,-52.5307499919185,0 -58.3939216388725,-52.53058641782889,0 -58.38903882648061,-52.5309599530394,0 -58.3866670003817,-52.5307719650541,0 -58.384315926139,-52.5309819261749,0 -58.37849683406161,-52.53150194565819,0 -58.3751374588266,-52.5318022382826,0 -58.3675153888241,-52.53248339019629,0 -58.3666669998821,-52.5325615152017,0 -58.3659699785317,-52.5326371994472,0 -58.35959668733719,-52.5333330004176,0 -58.3652485432856,-52.5347514570141,0 -58.3666669998821,-52.53469042182549,0 -58.3681574786847,-52.53482469960019,0 -58.3742756430065,-52.5357231367133,0 -58.37666699968221,-52.535913566358,0 -58.3796626054448,-52.53632860528089,0 -58.3831831131101,-52.5368168867898,0 -58.3866670003817,-52.5372978433207,0 -58.3912702711061,-52.5379374924213,0 -58.3919672933559,-52.53803270724361,0 -58.3966670001819,-52.53868456284229,0 -58.40115552550709,-52.53884569527261,0 -58.4022163163299,-52.5388823165656,0 -58.406666999982,-52.5390434489959,0 -58.41102491047119,-52.5389750897286,0 -58.4122895587161,-52.5389555582524,0 -58.41666699978219,-52.53888964064439,0 -58.4209614334234,-52.5390385665766,0 -58.4225129474145,-52.5391777267706,0 -58.4266669995823,-52.5393413008603,0 -58.43015576927331,-52.5398442305268,0 -58.4347211992239,-52.5413871991599,0 -58.4366670002818,-52.5417827066066,0 -58.43802808372899,-52.5419706954912,0 -58.44341016374799,-52.54333300021769,0 -58.4460798417113,-52.5439213789684,0 -58.446667000082,-52.5440825113988,0 -58.4475373612602,-52.54420214101589,0 -58.455381599781,-52.54461717993891,0 -58.4566669998821,-52.54483690589841,0 -58.4582649000051,-52.54492967996071,0 -58.46469190230939,-52.5453080975906,0 -58.4666669996823,-52.5454252855484,0 -58.4690376054011,-52.5457036050373,0 -58.47374219554591,-52.5462578050536,0 -58.4766670003817,-52.54660204304979,0 -58.4807990803133,-52.5474663005293,0 -58.4823359452477,-52.5476640542527,0 -58.48666700018191,-52.548772453386,0 -58.4898689041266,-52.5501298747939,0 -58.49616651197489,-52.5533330000179,0 -58.49666699998199,-52.5536039963274,0 -58.4972346268765,-52.5538994065324,0 -58.5030573809933,-52.5569438400861,0 -58.5066669997822,-52.558828605056,0 -58.5096430740685,-52.5603569255317,0 -58.5154377522504,-52.56333299981801,0 -58.5161897050908,-52.5638090739296,0 -58.51666699958231,-52.5641118082133,0 -58.51879102378669,-52.5654570231231,0 -58.522312751832,-52.5676884686479,0 -58.5266670002818,-52.57044481607531,0 -58.5287177810008,-52.5712822188992,0 -58.5319721756753,-52.5733329996182,0 -58.53666700008189,-52.5762260664798,0 -58.5416145097018,-52.5782817305174,0 -58.5416889726679,-52.57831102773171,0 -58.5466669998821,-52.5803788982675,0 -58.5486408768749,-52.5813579020455,0 -58.5517744215523,-52.5833330003177,0 -58.5546076736052,-52.5853935467747,0 -58.55666699968219,-52.5870829996807,0 -58.55999951936229,-52.5900004804378,0 -58.56380933443321,-52.5933330001178,0 -58.5651362382467,-52.5948637613534,0 -58.5666670003817,-52.5966288985048,0 -58.5704328691815,-52.5995683514982,0 -58.5753815991814,-52.603332999918,0 -58.5758100667811,-52.6041899333187,0 -58.5766670001819,-52.60576708158549,0 -58.5792597735197,-52.61074022638031,0 -58.580667243998,-52.6133329997181,0 -58.5826667561658,-52.6173320231543,0 -58.5850532304222,-52.6217192308578,0 -58.5859089434429,-52.6233330004176,0 -58.586666999982,-52.6248491134958,0 -58.5894392168464,-52.63056200373341,0 -58.5909089437927,-52.6333330002178,0 -58.5930817948889,-52.636916984731,0 -58.5966669997822,-52.640933097984,0 -58.5980305257881,-52.64197069529129,0 -58.6009516676853,-52.6433330000179,0 -58.6048481522204,-52.64515184737981,0 -58.6066669995823,-52.6459990159418,0 -58.6116108480621,-52.6483891522375,0 -58.6117902906893,-52.6484550707449,0 -58.6166670002818,-52.6504765542496,0 -58.618544441173,-52.6514555589268,0 -58.6225483479279,-52.653332999818,0 -58.62525220552481,-52.6547465739952,0 -58.626667000082,-52.6553349527458,0 -58.6304023512874,-52.6570683519229,0 -58.6321088949095,-52.6578911056899,0 -58.6366669998821,-52.65986620306279,0 -58.63929273247359,-52.66070848830609,0 -58.6457905348053,-52.66245653474121,0 -58.6466669996822,-52.6627153245526,0 -58.6471565015713,-52.6628422773492,0 -58.64904492947989,-52.66333299961821,0 -58.6554353104912,-52.66456346912881,0 -58.6566670003817,-52.66480028490519,0 -58.65848584774359,-52.66515184787939,0 -58.6638203203515,-52.6661796794486,0 -58.66666700018191,-52.6667289961462,0 -58.6711799394026,-52.66784716011831,0 -58.6719611894573,-52.6680400314223,0 -58.67666699998199,-52.6692045824255,0 -58.67997510576649,-52.6700248945332,0 -58.6844721755504,-52.6711381760859,0 -58.6866669997822,-52.67168260946481,0 -58.6879609452414,-52.67203905485839,0 -58.6921186603478,-52.6733330003177,0 -58.6956245198556,-52.6743754800443,0 -58.69666699958231,-52.67476122265229,0 -58.7002399979775,-52.6769072190929,0 -58.7020234453257,-52.6779765543744,0 -58.7066670002818,-52.68076219901619,0 -58.70836499764651,-52.6816362222338,0 -58.71041577926469,-52.68333300011779,0 -58.7141242758146,-52.6858745040051,0 -58.7166670000819,-52.6876201096803,0 -58.72044019296051,-52.6895610274194,0 -58.72499951921241,-52.693332999918,0 -58.72586621835129,-52.69413378144879,0 -58.7266669998821,-52.6948710861317,0 -58.7315742261696,-52.69842577343061,0 -58.73535108198679,-52.70333299971811,0 -58.73564038849311,-52.7043583905273,0 -58.73666699968229,-52.7080961833921,0 -58.73788892383471,-52.71211229664521,0 -58.7380244219895,-52.7133330004176,0 -58.738499275721,-52.715166495937,0 -58.73980420729829,-52.7201957926017,0 -58.741862312096,-52.7281376876041,0 -58.74199903153001,-52.7286650311662,0 -58.7432099686651,-52.7333330000179,0 -58.73666699968229,-52.7431474534921,0 -58.7365363848463,-52.74333299981799,0 -58.7362312089031,-52.7437700118765,0 -58.7324677808634,-52.7491337816986,0 -58.72952344545061,-52.7533329996182,0 -58.72842725371479,-52.7550932543502,0 -58.7266669998821,-52.75856981664371,0 -58.7252485432856,-52.7619145428218,0 -58.724865242337,-52.7633330003177,0 -58.7244196858198,-52.76558153476,0 -58.7235090413092,-52.7701738202655,0 -58.7228828199861,-52.7733330001178,0 -58.7218391189801,-52.7781621013998,0 -58.7217780837915,-52.7784428634474,0 -58.720720955008,-52.7833329999179,0 -58.7203706133131,-52.7870366131492,0 -58.72043164850171,-52.7895683512983,0 -58.7201447827555,-52.7933329997181,0 -58.722613044956,-52.79738817592351,0 -58.72555371832941,-52.8022197188649,0 -58.726231209103,-52.8033330004176,0 -58.7265107498712,-52.8034892504285,0 -58.7266669998821,-52.8035771402728,0 -58.72712964621611,-52.8037968671317,0 -58.7332966383291,-52.8067045821507,0 -58.73666699968229,-52.8082939378149,0 -58.74056592587679,-52.80943407402331,0 -58.7436787186979,-52.81034471853389,0 -58.7466670003817,-52.8112187417515,0 -58.7482917560596,-52.81170946491981,0 -58.7535078203296,-52.8133330002178,0 -58.755902839944,-52.8140971604556,0 -58.7566670001819,-52.8143583910269,0 -58.7582673419642,-52.8149345623801,0 -58.76327100435329,-52.8167289958465,0 -58.766666999982,-52.8179496996189,0 -58.7708247150885,-52.8191752849114,0 -58.7732124097249,-52.8198784099606,0 -58.7766669997822,-52.82089647669099,0 -58.7787104573217,-52.8212895433777,0 -58.7849274976059,-52.8233330000179,0 -58.78627027175559,-52.82372850746461,0 -58.7866669995823,-52.8238456954224,0 -58.7873017653641,-52.8239677657997,0 -58.7952387770479,-52.8247612223525,0 -58.7966670002818,-52.825107902008,0 -58.7990583578569,-52.825725577973,0 -58.8037128980318,-52.8262871011688,0 -58.806667000082,-52.827395500302,0 -58.8104572827773,-52.82954149584331,0 -58.81604932391709,-52.833332999818,0 -58.8164936600543,-52.8335063396458,0 -58.8166669998821,-52.8335746989132,0 -58.81706617026751,-52.83373094892409,0 -58.8236750568583,-52.8363237222619,0 -58.8266669996822,-52.8375078047413,0 -58.8307209555077,-52.83928026597151,0 -58.8343098224403,-52.8409746012968,0 -58.8366670003817,-52.8420585856352,0 -58.8375080643456,-52.8424907152743,0 -58.83895948019579,-52.84333299961821,0 -58.8439484944274,-52.846052726652,0 -58.84666700018191,-52.8476201091806,0 -58.85043775230041,-52.8495634685792,0 -58.8562885823521,-52.85295458178851,0 -58.85666699998199,-52.8531669845686,0 -58.85677686296181,-52.8532231364385,0 -58.856988045362,-52.8533330003177,0 -58.8634638745581,-52.85653612464241,0 -58.8666669997822,-52.8583329997681,0 -58.8698689046262,-52.8601298748937,0 -58.8747016679476,-52.86333300011779,0 -58.87599683378679,-52.8640019455333,0 -58.87666699958229,-52.86437548074381,0 -58.87916822103649,-52.8658354410527,0 -58.8823249592294,-52.8676738198909,0 -58.8866670002818,-52.8702055589393,0 -58.88855176525169,-52.87144823404871,0 -58.8909235913506,-52.873332999918,0 -58.8940022054374,-52.87599901584181,0 -58.8966670000819,-52.8793876873918,0 -58.8983820881628,-52.8816166912572,0 -58.8997028882777,-52.88333299971811,0 -58.9027314532939,-52.8872685472056,0 -58.9066669998821,-52.8923808512952,0 -58.9070991286218,-52.8929008707785,0 -58.9074567952948,-52.8933330004176,0 -58.912010017848,-52.8979912035311,0 -58.9166669996823,-52.9027568279652,0 -58.9169526441491,-52.90304735575079,0 -58.9172309645373,-52.9033330002177,0 -58.9225129473146,-52.90748827366479,0 -58.9266670003817,-52.9107548748376,0 -58.92821729309361,-52.91178270730601,0 -58.9305586015981,-52.9133330000179,0 -58.9342341388943,-52.9157670816854,0 -58.9366670001819,-52.91737841048519,0 -58.9408540116033,-52.9191459883966,0 -58.943731209028,-52.920395988484,0 -58.946666999982,-52.9216581950696,0 -58.9478156815484,-52.9221830978717,0 -58.9501899493067,-52.92333299981809,0 -58.95452832831969,-52.9254716721799,0 -58.9566669997822,-52.926526359304,0 -58.9612263260341,-52.9287724529863,0 -58.96296338635109,-52.92962938638701,0 -58.9666669995823,-52.931455558727,0 -58.96796094504149,-52.93203905505829,0 -58.9708332600468,-52.9333329996182,0 -58.97539746871811,-52.93460253118181,0 -58.9766670002818,-52.9349565349161,0 -58.9789155347241,-52.9355815349598,0 -58.9832197341034,-52.9367802655967,0 -58.98666700008191,-52.9377397378985,0 -58.99105298650609,-52.9389457926142,0 -58.99273877737271,-52.9394047769089,0 -58.9966669998821,-52.94047899640851,0 -58.9988349685589,-52.9411650316409,0 -59.0054267653329,-52.9433330003177,0 -59.00636304501851,-52.9436357346015,0 -59.0066669996822,-52.94373583184309,0 -59.0072785719485,-52.9439457929639,0 -59.01385572056499,-52.9461430588551,0 -59.0166670003818,-52.9471269450524,0 -59.021323982216,-52.9486747970042,0 -59.0223628008026,-52.9490288007385,0 -59.02666700018191,-52.9504765545493,0 -59.02881421700249,-52.9511845629172,0 -59.0353132406135,-52.9533330001178,0 -59.0363325277239,-52.95366747237589,0 -59.036666999982,-52.953779777015,0 -59.03733472501751,-52.9539995038739,0 -59.0438471755067,-52.9561528243933,0 -59.0466669997822,-52.95708300038009,0 -59.0513642658481,-52.9586357347513,0 -59.05226758628,-52.9589335857164,0 -59.05666699958229,-52.96038622284579,0 -59.0588813552903,-52.96111864421,0 -59.0655842363234,-52.963332999918,0 -59.06640454843109,-52.9635966721486,0 -59.0666670002818,-52.9636674730754,0 -59.0670551836498,-52.9637211832859,0 -59.0749921953335,-52.96500780466639,0 -59.076667000082,-52.9652275315253,0 -59.0789179761836,-52.96558397691891,0 -59.08366651170011,-52.96633348809999,0 -59.0866669998821,-52.9668071214514,0 -59.0907929761149,-52.9674589761508,0 -59.0923029863937,-52.96769823448591,0 -59.0966669996823,-52.9683867113776,0 -59.10124585741031,-52.96875292161,0 -59.10212354266729,-52.968789542903,0 -59.10666700038171,-52.96912889847979,0 -59.110934578468,-52.9690654216319,0 -59.1123786702394,-52.9690434493957,0 -59.1166670001818,-52.968982414207,0 -59.1210835042003,-52.9689164956997,0 -59.1222334061467,-52.9688994058828,0 -59.126666999982,-52.96883592993421,0 -59.1314082105205,-52.9685917891797,0 -59.1319062577675,-52.96857225770349,0 -59.1366669997822,-52.9683207928703,0 -59.1409724195415,-52.9676371992973,0 -59.14266065206739,-52.9673393474329,0 -59.1466669995824,-52.96668505107419,0 -59.1495087969934,-52.9661747964297,0 -59.154767586255,-52.9652324139447,0 -59.1566670002818,-52.9648930583679,0 -59.1580219800303,-52.9646879805658,0 -59.1662934648714,-52.9637065351284,0 -59.16666700008191,-52.9636528240186,0 -59.1669221269545,-52.9635893480699,0 -59.1679194418288,-52.963332999918,0 -59.1751276932883,-52.96179247294419,0 -59.1766669998821,-52.9614579997868,0 -59.1790485917191,-52.960952628461,0 -59.1833735429546,-52.9600395431903,0 -59.1866669996822,-52.9593364181412,0 -59.1916242750402,-52.9582914958558,0 -59.19173169726,-52.9582670819602,0 -59.1966670003817,-52.9572246013342,0 -59.1999592367293,-52.9566264568455,0 -59.2041352620327,-52.955864738267,0 -59.20666700018189,-52.955403312313,0 -59.208440681792,-52.9551054613479,0 -59.2161933675298,-52.95380663257,0 -59.216666999982,-52.95372606680451,0 -59.216989265742,-52.9536552658778,0 -59.2180756917397,-52.9533330001178,0 -59.224560066294,-52.95122606662961,0 -59.22666699978221,-52.95044725823441,0 -59.2311286695524,-52.9488725507276,0 -59.23192456866391,-52.94858934792,0 -59.23666699958229,-52.9469145431716,0 -59.2395246664301,-52.94618944498679,0 -59.2452668538822,-52.9447343670973,0 -59.2466670002818,-52.9443779217037,0 -59.24757886517239,-52.9442460855884,0 -59.25078565243589,-52.9433330003177,0 -59.2554768148031,-52.9421415937595,0 -59.256667000082,-52.9418413011351,0 -59.2584138261371,-52.9415873946425,0 -59.2646589432556,-52.9413261640712,0 -59.2666669998821,-52.94095262886071,0 -59.2690253982035,-52.9409746019962,0 -59.2752570875445,-52.9419218669006,0 -59.2766669996823,-52.9419413983768,0 -59.2783088460763,-52.9416923752029,0 -59.28414014465189,-52.9408061445878,0 -59.2866670003817,-52.9404228436393,0 -59.2900996173034,-52.9399003824966,0 -59.2928205647173,-52.939487785233,0 -59.2966670001818,-52.9389018472424,0 -59.3012128986563,-52.9387871018432,0 -59.3020991292714,-52.93876512870769,0 -59.306666999982,-52.9386503824092,0 -59.3111787188228,-52.9388212814769,0 -59.31219312261451,-52.93886034353,0 -59.3166669997822,-52.9390288009384,0 -59.3206586991396,-52.93934130096021,0 -59.32295850393179,-52.9396245037678,0 -59.3266669995823,-52.93993944544899,0 -59.3295515210858,-52.9404472575349,0 -59.3358247150385,-52.9424907150744,0 -59.3366670002818,-52.9426835863784,0 -59.337205329962,-52.9427934493581,0 -59.3390571365775,-52.9433330003177,0 -59.34507886479779,-52.9449199143226,0 -59.34666700008191,-52.94540331251279,0 -59.349279304896,-52.9459453051317,0 -59.353424812605,-52.9465751875948,0 -59.3566669998821,-52.9473466719114,0 -59.36146436318981,-52.9481303636254,0 -59.36181348450471,-52.9481865154953,0 -59.36666699968221,-52.9489799729474,0 -59.3706171953273,-52.9493828044728,0 -59.37295484179251,-52.9496220628079,0 -59.3766670003817,-52.9500004804378,0 -59.379531990409,-52.9504667888112,0 -59.38514356212571,-52.9518095620616,0 -59.38666700018189,-52.95209276576849,0 -59.387627693763,-52.9523735269167,0 -59.3904755939735,-52.9533330001178,0 -59.3950617757803,-52.9549394455989,0 -59.396666999982,-52.9555009687946,0 -59.39949414833631,-52.95616014847199,0 -59.4030183180409,-52.9569829022391,0 -59.4066669997821,-52.9578325115611,0 -59.4113471760313,-52.9586528245682,0 -59.4121223223872,-52.9587871014435,0 -59.4166669995823,-52.9595829996557,0 -59.4199506914712,-52.9600493089284,0 -59.424141364932,-52.9608085858475,0 -59.4266670002818,-52.9611918867961,0 -59.4286836013671,-52.9613163988327,0 -59.43518262497809,-52.96184862481411,0 -59.436667000082,-52.96194383963639,0 -59.4380366288873,-52.9619633711126,0 -59.4457441488734,-52.96241014800989,0 -59.4466669998821,-52.9624247970667,0 -59.4475239332829,-52.9624760665172,0 -59.4563447348216,-52.963010734158,0 -59.4569526441492,-52.9630473554511,0 -59.4616572342939,-52.963332999918,0 -59.4664143142692,-52.96358446475119,0 -59.4666670003817,-52.96358446475119,0 -59.4668769606032,-52.9635429610388,0 -59.4686713949689,-52.963332999918,0 -59.47561475381781,-52.9622807535539,0 -59.4766670001819,-52.962122062783,0 -59.47809522251649,-52.9619047775834,0 -59.4842988359225,-52.9609648358584,0 -59.48666699998201,-52.9606059488054,0 -59.4895234455505,-52.9604765543494,0 -59.4932941976691,-52.9599589765255,0 -59.4966669997822,-52.9598344644889,0 -59.5003339926196,-52.9596660079798,0 -59.502785164104,-52.9594511644397,0 -59.5066669995823,-52.9592875894506,0 -59.5116669999321,-52.9583329995682,0 -59.5166670002818,-52.9575175698799,0 -59.5200532301724,-52.9567192309078,0 -59.5242732008475,-52.9557255780729,0 -59.52666700008191,-52.9551640548772,0 -59.5281806715008,-52.9548466715366,0 -59.535418221074,-52.9533330001178,0 -59.5364509359619,-52.9531181565776,0 -59.5366669998821,-52.9530717695465,0 -59.53696851378581,-52.9530302658341,0 -59.5451154865904,-52.951782707406,0 -59.54666699968231,-52.9515825120233,0 -59.5485334553546,-52.95146776572481,0 -59.5542219316968,-52.95088671105281,0 -59.5566670003817,-52.9507475508588,0 -59.5592988357726,-52.9507011638276,0 -59.5639558185062,-52.9506205980621,0 -59.56666700018189,-52.950574211031,0 -59.5695234457504,-52.9504765545493,0 -59.5736677321801,-52.9503325119358,0 -59.576666999982,-52.9502299730348,0 -59.5799201742766,-52.9500810471026,0 -59.5832258375024,-52.949893058218,0 -59.5866669997822,-52.94973680820711,0 -59.5904987870893,-52.9494999924307,0 -59.5926887289017,-52.94935350815781,0 -59.5966669995823,-52.94911180816341,0 -59.600752693382,-52.94924608593811,0 -59.60264478332999,-52.949309562786,0 -59.6066670002818,-52.9494438396615,0 -59.6103706135129,-52.9496293868867,0 -59.6132087479853,-52.94987352764119,0 -59.616667000082,-52.9500590739671,0 -59.61994092533341,-52.9500590739671,0 -59.6234577718586,-52.950122550815,0 -59.6266669998821,-52.950122550815,0 -59.6298176343763,-52.9501811443443,0 -59.6335859457348,-52.950251945271,0 -59.6366669996822,-52.9503080980402,0 -59.6394355545072,-52.9505644452928,0 -59.64435498819209,-52.9510209879282,0 -59.64666700038169,-52.95123583236771,0 -59.6486042560815,-52.9513969647981,0 -59.6552155843317,-52.9518803629883,0 -59.6566670001819,-52.9519999926055,0 -59.65790967619061,-52.9520903241091,0 -59.66601392400329,-52.9526787028598,0 -59.66666699998201,-52.9527275315503,0 -59.667543464859,-52.9524565352408,0 -59.6738435134673,-52.95050829252361,0 -59.6766669997822,-52.9496367109654,0 -59.6813947834424,-52.9486039960775,0 -59.6818183668241,-52.9484843673596,0 -59.68666699958231,-52.94759081266591,0 -59.6905097730076,-52.94717577374289,0 -59.6931037676247,-52.9468974533547,0 -59.6966670002818,-52.94651171074679,0 -59.69953809400779,-52.9462040940437,0 -59.70431104252051,-52.94568895697969,0 -59.70666700008189,-52.9454350504872,0 -59.7085175863175,-52.9451835856539,0 -59.7155524979494,-52.944446280971,0 -59.7166669998821,-52.9443046800169,0 -59.7174702230723,-52.9441362226086,0 -59.7229170003193,-52.9433330003177,0 -59.7261506422383,-52.9428178632538,0 -59.72666699968229,-52.9427495039864,0 -59.727364021932,-52.94263475768791,0 -59.7345136798624,-52.9411796797983,0 -59.7366670003817,-52.940854972379,0 -59.739495369116,-52.94050585196351,0 -59.7433869703324,-52.9400541917475,0 -59.74666700018179,-52.9396391519253,0 -59.75093824030749,-52.939062980572,0 -59.75222242002861,-52.9388896407443,0 -59.756666999982,-52.9382890545962,0 -59.7610322345499,-52.9376982341861,0 -59.7625007402169,-52.9375004804627,0 -59.7666669997822,-52.9369365156077,0 -59.7695979083168,-52.9362626877728,0 -59.7749714429777,-52.9350297775022,0 -59.7766669995823,-52.93463915247491,0 -59.77772901168451,-52.9343950117204,0 -59.7823530351644,-52.9333329996182,0 -59.7843757399484,-52.9310405198041,0 -59.7866670002818,-52.9284428631475,0 -59.7897334060718,-52.92639940650741,0 -59.7942109452789,-52.9257890546211,0 -59.7966670000819,-52.9249418869585,0 -59.79793408998619,-52.9246000897223,0 -59.8053999099778,-52.9246000897223,0 -59.8066669998821,-52.9243779221034,0 -59.8074787675311,-52.924143547087,0 -59.8110420001881,-52.92333299981809,0 -59.81549024218091,-52.9221562423167,0 -59.8166669996822,-52.92199022656769,0 -59.8185517655515,-52.9214482339488,0 -59.82327100385369,-52.9199370041894,0 -59.82666700038169,-52.919048331915,0 -59.831232429433,-52.9178984299685,0 -59.8323945387769,-52.9176054605235,0 -59.8366670001819,-52.9165312419232,0 -59.83946485132179,-52.9161308511578,0 -59.8446027905863,-52.9153959881343,0 -59.84666699998201,-52.91510301958861,0 -59.8482148519338,-52.91488085196971,0 -59.8562702710561,-52.913730949124,0 -59.8566669997822,-52.9136723555947,0 -59.8569648516465,-52.9136308518823,0 -59.8657148513593,-52.91238085179479,0 -59.86666699958231,-52.9122441332601,0 -59.8679072339316,-52.9120927656685,0 -59.8746064529254,-52.9112724535609,0 -59.8766670002818,-52.91102098872761,0 -59.87930249771199,-52.91069872296771,0 -59.8835151443084,-52.9101811442443,0 -59.88666700008199,-52.9097954025357,0 -59.89056226333769,-52.9094389571421,0 -59.89264112089099,-52.90930712102679,0 -59.8966669998821,-52.90891405434011,0 -59.9013483965113,-52.9080131755675,0 -59.9021503984221,-52.9078496014779,0 -59.90666699968229,-52.9069633708629,0 -59.9094831619183,-52.9061503828339,0 -59.9158894123664,-52.904111808613,0 -59.9166670003817,-52.9038749919373,0 -59.91707593560591,-52.9037431558219,0 -59.9183344801521,-52.9033330002177,0 -59.9233955156905,-52.9000615157263,0 -59.9266670001819,-52.8979496989194,0 -59.9295515216853,-52.8962187423011,0 -59.9360419999383,-52.8933330004176,0 -59.9364167555288,-52.8930839763444,0 -59.936666999982,-52.8929155198353,0 -59.94156079849199,-52.8882255778481,0 -59.942666755966,-52.8873320231543,0 -59.9466669997822,-52.8840483321648,0 -59.9470368729533,-52.8837040941686,0 -59.94746656093299,-52.88333299971811,0 -59.95215772240091,-52.8788237225367,0 -59.9566669995823,-52.87512010930559,0 -59.9575935135298,-52.87425829258609,0 -59.9586677321301,-52.873332999918,0 -59.962016121247,-52.8686821208831,0 -59.9666670002818,-52.86333300011779,0 -59.9666670002818,-52.833332999818,0 -59.97466748791421,-52.8353325119858,0 -59.9766670000819,-52.83458299990549,0 -59.97809522241649,-52.8347612230519,0 -59.9844453200954,-52.8355546796047,0 -59.9866669998821,-52.8358329999929,0 -59.98952466583059,-52.8361894453865,0 -59.9933332596222,-52.8366655194981,0 -59.9966669996822,-52.8370830000803,0 -60.0000007406416,-52.8366655194981,0 -60.0038093344332,-52.8361894453865,0 -60.00666700038169,-52.8358329999929,0 -60.0086665116502,-52.8353325119858,0 -60.0166670001819,-52.833332999818,0 -60.0199995198619,-52.8266655196979,0 -60.0216669996323,-52.8233330000179,0 -60.02342359142559,-52.8200883710814,0 -60.026665779602,-52.8133330002178,0 -60.02888867976869,-52.805554679305,0 -60.0294672927813,-52.8033330004176,0 -60.0329170004192,-52.79958300015531,0 -60.0366669997822,-52.7966655193982,0 -60.0385419999133,-52.7952079998493,0 -60.04095288896459,-52.7933329997181,0 -60.0439997632784,-52.7906669846935,0 -60.04666699958231,-52.7883330002677,0 -60.0494575275428,-52.7861235269792,0 -60.0537263260091,-52.7833329999179,0 -60.05558057428401,-52.7822465739202,0 -60.0566670002818,-52.7816679609076,0 -60.0599995199618,-52.780000480238,0 -60.0622224201285,-52.7788896403446,0 -60.066667000082,-52.7766679605579,0 -60.0696980058582,-52.7763627855141,0 -60.07407422654429,-52.7759257734556,0 -60.0766669998821,-52.77566698454361,0 -60.078485847244,-52.7751518474797,0 -60.085435310691,-52.7745634687291,0 -60.08666699968219,-52.7743095622364,0 -60.0872736895291,-52.77393846868531,0 -60.0895258869101,-52.7733330001178,0 -60.0947981039493,-52.7714653240654,0 -60.0966670003817,-52.7711113203311,0 -60.1011103590558,-52.7688896405444,0 -60.1017890702094,-52.76845507014529,0 -60.1066670001819,-52.7670829996807,0 -60.1101557698728,-52.7668217691093,0 -60.1134235914255,-52.76657762925411,0 -60.116666999982,-52.76633348849959,0 -60.1194575270432,-52.7661235273789,0 -60.1242341384947,-52.7657646403259,0 -60.1266669997822,-52.7655839764194,0 -60.1286347730763,-52.7653007736118,0 -60.1359028402438,-52.76409716055551,0 -60.1366669995823,-52.763982414257,0 -60.13719312276441,-52.7638603438797,0 -60.1394453201453,-52.7633330003177,0 -60.1441914140025,-52.7608574140384,0 -60.1466670002818,-52.75939501207011,0 -60.1505891190926,-52.7572538980489,0 -60.1553327712903,-52.7546660080298,0 -60.1566670000819,-52.75393846908499,0 -60.15705884548931,-52.7537260663049,0 -60.1577790603553,-52.7533329996182,0 -60.1635297931654,-52.75019579290151,0 -60.1666669998821,-52.74848436686,0 -60.1695002519351,-52.746167472251,0 -60.1729633864511,-52.74333299981799,0 -60.1749580153001,-52.74162401543591,0 -60.1766669996822,-52.74000048013799,0 -60.1800007406416,-52.7366655196979,0 -60.1833332594223,-52.7333330000179,0 -60.1836359937061,-52.7303032146216,0 -60.1840742261446,-52.7259257735556,0 -60.18433301595591,-52.72333300021769,0 -60.184872566016,-52.7215385667514,0 -60.1854548419673,-52.714546379212,0 -60.1857148512593,-52.7133330004176,0 -60.1866670003817,-52.7106669844937,0 -60.1888239820411,-52.7054887618968,0 -60.1892854079952,-52.70333299971811,0 -60.1905268636238,-52.69947313647601,0 -60.1910700757234,-52.6977372965389,0 -60.1925202711935,-52.693332999918,0 -60.193576179597,-52.690242179333,0 -60.19586621865101,-52.6841337816487,0 -60.19615430477729,-52.68333300011779,0 -60.19629712701079,-52.6829619065667,0 -60.1966670001819,-52.6819999926055,0 -60.1991670003567,-52.6758329995932,0 -60.2001801837684,-52.6733330003177,0 -60.2032380450997,-52.6699052658153,0 -60.20666699998199,-52.6660600507307,0 -60.2079719315594,-52.6646367108155,0 -60.20916822053691,-52.66333299961821,0 -60.2140961995799,-52.66076219941599,0 -60.2166669997821,-52.65941942616549,0 -60.22086743988041,-52.657532218637,0 -60.2233332595223,-52.6566655194981,0 -60.22666699958229,-52.6553593675407,0 -60.22822827931161,-52.654893058268,0 -60.2342866288248,-52.653332999818,0 -60.2361909261702,-52.6528569257065,0 -60.2366670002818,-52.6527372969886,0 -60.2374604568346,-52.6525395432653,0 -60.2441914138026,-52.65085741443809,0 -60.246667000082,-52.6502372968138,0 -60.2510004957762,-52.6489995041238,0 -60.2520185625066,-52.6486845624426,0 -60.2566669998821,-52.64744432809319,0 -60.2598298417737,-52.64649462152949,0 -60.2650788652974,-52.6449199140227,0 -60.26666699968219,-52.6444438399112,0 -60.2675935136297,-52.644258292686,0 -60.27222364080841,-52.6433330000179,0 -60.2759370197776,-52.6426030194138,0 -60.2766670003817,-52.64247362495779,0 -60.27769239029149,-52.6423076092087,0 -60.28453687317811,-52.6412040933942,0 -60.2866670001819,-52.64085985539799,0 -60.289614997634,-52.6403837812865,0 -60.2931489339761,-52.63981493401199,0 -60.2966669999821,-52.6392460858381,0 -60.3014912188447,-52.63815721908041,0 -60.3019453207199,-52.63805467928,0 -60.3066669997822,-52.6369877847584,0 -60.3095734944212,-52.63623827357739,0 -60.3152180253915,-52.6347831956879,0 -60.3166669995823,-52.6344072188181,0 -60.3175398024199,-52.63420702343531,0 -60.3208332600469,-52.6333330002178,0 -60.3253339918702,-52.63199999180609,0 -60.3266670002818,-52.6316044843594,0 -60.3292365801041,-52.6307646407755,0 -60.3329353109158,-52.6296000897723,0 -60.3366670000819,-52.628332999868,0 -60.3402778401502,-52.62694383958651,0 -60.3452387775475,-52.6247612227522,0 -60.3466669998821,-52.6241655199228,0 -60.3472724684496,-52.6239384689851,0 -60.3488886796688,-52.6233330004176,0 -60.3546076736052,-52.62127489472061,0 -60.3566669996823,-52.6204155196605,0 -60.36133374815391,-52.61866747232601,0 -60.3618183676235,-52.6184843667601,0 -60.3666670003817,-52.6166655193982,0 -60.3690205153844,-52.6156865156201,0 -60.3746674880141,-52.6133329997181,0 -60.37604810383691,-52.6127153246525,0 -60.3766670001819,-52.6123662033376,0 -60.37974317170999,-52.61025682819,0 -60.3820441968821,-52.6087089762382,0 -60.38666699998199,-52.605264151919,0 -60.38774610190101,-52.604412101837,0 -60.389112068667,-52.603332999918,0 -60.3930878985876,-52.5997538987234,0 -60.3966669997822,-52.5966655197979,0 -60.3985774008264,-52.5952421798826,0 -60.4015241778985,-52.5933330001178,0 -60.40457349387161,-52.59124071478709,0 -60.40666699958229,-52.5898027267144,0 -60.41045972483641,-52.5871269450524,0 -60.4166670002818,-52.5833330003177,0 -60.4224738849618,-52.5791386639182,0 -60.4266670000819,-52.5764921794704,0 -60.4286030354017,-52.57526903493789,0 -60.4316670004317,-52.5733329996182,0 -60.43466748861369,-52.5713334883498,0 -60.4366669998821,-52.57017626142531,0 -60.4414228594774,-52.56808885941329,0 -60.4422541586025,-52.5677446214171,0 -60.44666699968219,-52.56587694536471,0 -60.4484748609261,-52.5651396406818,0 -60.4529182204994,-52.56333299981801,0 -60.4554670484655,-52.5621342691811,0 -60.4566670003817,-52.56156786356599,0 -60.4599995191625,-52.56000048013799,0 -60.4622675859803,-52.55893358561639,0 -60.4666670001819,-52.5568632734213,0 -60.4691670003567,-52.5558330001928,0 -60.4752387776474,-52.5533330000179,0 -60.4762507406791,-52.5529155194357,0 -60.476666999982,-52.5527446212672,0 -60.47766675561621,-52.5523344647637,0 -60.4833332597221,-52.5500004803379,0 -60.4866669997822,-52.5486284098732,0 -60.4904170000445,-52.5470829995807,0 -60.4946662679339,-52.5453325114862,0 -60.4966669995823,-52.5445097577191,0 -60.4974567949951,-52.54412157435119,0 -60.49906690251551,-52.54333300021769,0 -60.5041999593606,-52.5408647380172,0 -60.5066670002818,-52.5397490157044,0 -60.5110542070859,-52.53772020722181,0 -60.51327710725259,-52.53672167196749,0 -60.51666700008191,-52.5351835857538,0 -60.5179487381437,-52.5346147384794,0 -60.5208332596472,-52.5333330004176,0 -60.5240498126487,-52.5307158122849,0 -60.5266669998821,-52.5285038982363,0 -60.5293940509946,-52.5260600508307,0 -60.5320234456255,-52.52333299971811,0 -60.5343024976621,-52.5209697189773,0 -60.53666699968231,-52.5185185465936,0 -60.5391669998571,-52.5158330000928,0 -60.54133374815391,-52.513332999918,0 -60.5438593826044,-52.51052538304,0 -60.5466670003817,-52.5074077069001,0 -60.5486311116364,-52.5052983317526,0 -60.55033399231981,-52.50333300011781,0 -60.5543781815078,-52.5010429610638,0 -60.5566670001818,-52.4997490156046,0 -60.5608137282709,-52.4974785080267,0 -60.5648481526201,-52.4951518476796,0 -60.566666999982,-52.4941166911324,0 -60.567222419479,-52.4938896401947,0 -60.5685725177075,-52.4933330003176,0 -60.57471387464561,-52.491379875181,0 -60.5766669997822,-52.4907573167967,0 -60.5807136306295,-52.489285148191,0 -60.5821430742434,-52.4888090740795,0 -60.58666699958229,-52.4869999924557,0 -60.58903272288179,-52.4856987229177,0 -60.5923078694126,-52.4833329996182,0 -60.5947126538658,-52.4813798753809,0 -60.5966670002818,-52.4797905197167,0 -60.60023023203961,-52.4768974528551,0 -60.60461621846369,-52.4733329998181,0 -60.60581616948059,-52.4724809488367,0 -60.6066670000819,-52.4718779219285,0 -60.6116657791524,-52.46833300036761,0 -60.6166669998821,-52.4647880779074,0 -60.61751783048341,-52.4641850509993,0 -60.6187190018804,-52.4633330000179,0 -60.62384839668609,-52.4605156174018,0 -60.6266669996822,-52.45908739416791,0 -60.6305561601387,-52.4572221597748,0 -60.6346662678339,-52.45533251148619,0 -60.63666700038171,-52.4543998947393,0 -60.63739820136579,-52.4540629808218,0 -60.6388899005484,-52.4533330002178,0 -60.6441450277708,-52.4508110269073,0 -60.6466670001819,-52.44960008977229,0 -60.6509589921637,-52.4476249923994,0 -60.6537336506874,-52.4462675700922,0 -60.656666999982,-52.44486131999389,0 -60.65771436302741,-52.44438036346299,0 -60.6600007400421,-52.4433330004176,0 -60.6646015700064,-52.4412675706419,0 -60.6666669997822,-52.4402763594664,0 -60.6712507399297,-52.4387504806501,0 -60.67188916775089,-52.4385551676868,0 -60.6766669995823,-52.4368168869897,0 -60.6791401442023,-52.4358061443381,0 -60.68518506683731,-52.4333329997181,0 -60.6863252030457,-52.4329912033813,0 -60.6873017660636,-52.4326982339363,0 -60.69401685359491,-52.4306840745104,0 -60.69666700008201,-52.42988817539899,0 -60.70116040782651,-52.42884081235351,0 -60.7019819412136,-52.4286479410496,0 -60.7066669998821,-52.4275541909731,0 -60.7101850667873,-52.4268510668232,0 -60.71388868001849,-52.426111320481,0 -60.71666699968231,-52.4255546797046,0 -60.71851026183909,-52.4251762620748,0 -60.7265253985283,-52.4234746017714,0 -60.7266670003817,-52.4234453045571,0 -60.726762215204,-52.4234282147403,0 -60.7272553791324,-52.423332999918,0 -60.7351289139681,-52.4217949137043,0 -60.7366670001819,-52.4214946210798,0 -60.7387312086783,-52.4212675701422,0 -60.7440009840581,-52.4206669839941,0 -60.746666999982,-52.4203788987671,0 -60.7500434650338,-52.41995653486621,0 -60.7529047930217,-52.4195707931576,0 -60.7566669997822,-52.4191118088629,0 -60.7615388260559,-52.41846239492361,0 -60.76176465661361,-52.4184306560499,0 -60.7666669995823,-52.4177788004512,0 -60.7966669998821,-52.4177788004512,0 -60.8010151446332,-52.41768114486889,0 -60.8023481521454,-52.41765184765459,0 -60.8066669996822,-52.4175541911729,0 -60.8109370194279,-52.4176030198634,0 -60.8124494704667,-52.4175493087536,0 -60.81666700038171,-52.41760057820409,0 -60.821333747954,-52.4180009689695,0 -60.82196118965721,-52.4180400310226,0 -60.8266670001819,-52.41846239492361,0 -60.8311372144109,-52.4188627847897,0 -60.8323005450341,-52.41896776534999,0 -60.83666699998201,-52.4193583903774,0 -60.8404939039705,-52.4195048746502,0 -60.842934090236,-52.4196000894725,0 -60.8466669997822,-52.4197441329853,0 -60.8503266676416,-52.4196733320586,0 -60.85312085764141,-52.41978807835711,0 -60.8566669995823,-52.4197099533516,0 -60.8606355054242,-52.4193657144561,0 -60.86253369907091,-52.4191996996064,0 -60.8666670002818,-52.4188408125534,0 -60.8711909256207,-52.41785692545669,0 -60.8724079664544,-52.41759325412531,0 -60.87666700008199,-52.4166655197978,0 -60.8796162188134,-52.41628221884929,0 -60.8849995192124,-52.4150004807875,0 -60.8866669998821,-52.4147368085568,0 -60.8880000073944,-52.4146660076301,0 -60.8957404866341,-52.4142582927859,0 -60.89666699968221,-52.4142094649948,0 -60.8974018636051,-52.4140678631413,0 -60.9012128981567,-52.4133330001178,0 -60.90576490032989,-52.4124296796859,0 -60.9066670003817,-52.4122221602245,0 -60.9084846273636,-52.4115141527559,0 -60.91318921660899,-52.4098539961649,0 -60.9166670001819,-52.4083329997681,0 -60.9200007402419,-52.4066655190984,0 -60.926666999982,-52.4033330003177,0 -60.9334199300857,-52.4000859297219,0 -60.9366669997822,-52.3985258712719,0 -60.9466669995823,-52.3933329996182,0 -60.95329175561,-52.38995897622569,0 -60.9566670002818,-52.3881401288638,0 -60.9597346273511,-52.3864018472674,0 -60.9650007397923,-52.38333299981801,0 -60.966050544497,-52.3827153238531,0 -60.9666670000819,-52.38235399604,0 -60.9687495196745,-52.3812504802254,0 -60.9725642171649,-52.3792314374808,0 -60.9766669998821,-52.3770585863846,0 -60.97908765467151,-52.37575487518729,0 -60.98370557445259,-52.3733330000179,0 -60.9858515699939,-52.3725175703296,0 -60.9866669996823,-52.37220751196709,0 -60.98850537852039,-52.3714946211798,0 -60.99304883623481,-52.3697148358709,0 -60.99666700038171,-52.3683329996682,0 -61.0007124099497,-52.3673784097857,0 -61.00262158971459,-52.3673784097857,0 -61.0066670001819,-52.3667289958464,0 -61.0097981031998,-52.3664628828557,0 -61.01388257661959,-52.3661162032002,0 -61.01666699998201,-52.3658818281838,0 -61.0190156325654,-52.3656816328011,0 -61.0248103107472,-52.36518846887271,0 -61.0266669997822,-52.3650322188617,0 -61.0282331619308,-52.3648979410871,0 -61.0357380448748,-52.3642607345452,0 -61.0374506912963,-52.3641166910324,0 -61.0466657790025,-52.36333300021769,0 -61.0561152426243,-52.3627812418608,0 -61.05666700008199,-52.3627421798077,0 -61.0573335038381,-52.3626664964616,0 -61.06530103311611,-52.3619682538318,0 -61.0666669998821,-52.3618046797421,0 -61.0685957111231,-52.3614042889767,0 -61.0738276448299,-52.3604936444661,0 -61.07666699968221,-52.35984911294621,0 -61.0808100666312,-52.3591899332687,0 -61.0823139723119,-52.35897997304729,0 -61.0866670003817,-52.3582548748626,0 -61.090972420141,-52.3576396405569,0 -61.0925922933996,-52.3574077071999,0 -61.0966670001819,-52.356826652528,0 -61.0997224198538,-52.3563896404695,0 -61.1042585525901,-52.3557402265302,0 -61.106666999982,-52.355395988534,0 -61.1084724195664,-52.355139640382,0 -61.11592603306,-52.3540751875199,0 -61.1166669997822,-52.3539677653001,0 -61.1171906813049,-52.35385546066099,0 -61.1188898999489,-52.3533330004176,0 -61.1246601642351,-52.3513261641711,0 -61.1266669995823,-52.35050585116409,0 -61.1316315999184,-52.3482988204342,0 -61.131757332335,-52.3482426676649,0 -61.1366670002818,-52.3460600508307,0 -61.138582282846,-52.3452470628017,0 -61.1430952229661,-52.3433329997181,0 -61.1456037675998,-52.3422685468559,0 -61.1466670000819,-52.34181688663989,0 -61.14929883637221,-52.3407011643272,0 -61.1526240310741,-52.3392900309101,0 -61.15666699988211,-52.3375761641087,0 -61.1603510816371,-52.3370170816729,0 -61.1666669996823,-52.333332999918,0 -61.1754670484655,-52.332131828521,0 -61.17666700038169,-52.331968253532,0 -61.1782453690285,-52.3317534099918,0 -61.1842670972487,-52.3309330978841,0 -61.1866670001819,-52.3306059488054,0 -61.1901960523059,-52.3298027265146,0 -61.19275342563001,-52.329419425566,0 -61.19666699998201,-52.3283329995683,0 -61.2013215410562,-52.3286772384637,0 -61.2022224198288,-52.3288896403446,0 -61.2066669997822,-52.32933397648181,0 -61.2093781814579,-52.3306205978623,0 -61.21428540864461,-52.333332999918,0 -61.2124995196371,-52.3375004807625,0 -61.21200025200999,-52.33866503086639,0 -61.2099995194622,-52.3433329997181,0 -61.20912305458519,-52.3457890545212,0 -61.2066669997822,-52.3511113206309,0 -61.205667244148,-52.35233202350409,0 -61.2048481524202,-52.3533330004176,0 -61.201531502177,-52.3581987229927,0 -61.1966816481395,-52.363318351161,0 -61.196668220362,-52.36333300021769,0 -61.2039997634782,-52.3659990152423,0 -61.2066669997822,-52.36733446441389,0 -61.21041700004451,-52.36958299975559,0 -61.21666699958231,-52.3733330000179,0 -61.2238093343333,-52.37619188634639,0 -61.2266670002818,-52.3773344651134,0 -61.2311115802352,-52.37777880035131,0 -61.2321211016075,-52.3778788984923,0 -61.23666700008189,-52.3783330003676,0 -61.240000740142,-52.376665519698,0 -61.2466657795021,-52.3733330000179,0 -61.2523811113991,-52.36904833211481,0 -61.25666699968221,-52.36583300039261,0 -61.25805615996381,-52.3647221604992,0 -61.26381177519319,-52.36333300021769,0 -61.2657978595835,-52.36246385941961,0 -61.2666670003817,-52.3625004807126,0 -61.26771924584651,-52.3622807538537,0 -61.2744453203952,-52.36111132043109,0 -61.2766670001819,-52.3606059491052,0 -61.279909187459,-52.36009081294061,0 -61.2829939043452,-52.35966112496091,0 -61.286666999982,-52.3590483323147,0 -61.2916670003318,-52.35833299986799,0 -61.2966669997822,-52.3576201090808,0 -61.3001289139182,-52.3567949136543,0 -61.3041670003068,-52.3558329996931,0 -61.3066669995823,-52.3552372968637,0 -61.30814893392609,-52.3548149338621,0 -61.3133344806018,-52.3533330004176,0 -61.3157978594836,-52.3524638596194,0 -61.3166670002818,-52.3517949142039,0 -61.3204597246365,-52.3471269453522,0 -61.3227778396255,-52.3433329997181,0 -61.326667000082,-52.3355546797047,0 -61.3274360427391,-52.333332999918,0 -61.32826612148429,-52.3317338785156,0 -61.3308247151884,-52.32749071522431,0 -61.33234204864661,-52.32333300011781,0 -61.3331879959292,-52.319853996165,0 -61.3341657793272,-52.31583299959319,0 -61.33477490993409,-52.3133330003176,0 -61.33514478310521,-52.3118095622614,0 -61.33666699988211,-52.3055522386448,0 -61.3370368730532,-52.3037040940686,0 -61.3371113360193,-52.3033329996182,0 -61.3377766193954,-52.3022221597249,0 -61.3406940992532,-52.2973613204685,0 -61.3431110920033,-52.2933329998181,0 -61.34469190230939,-52.29135790244521,0 -61.3466669996823,-52.2888896402446,0 -61.3491059646685,-52.2857719650041,0 -61.3509223712704,-52.2833330000179,0 -61.3533125075662,-52.2799785081016,0 -61.35666700038169,-52.2751518475797,0 -61.3574079671039,-52.2740727456606,0 -61.3579169995699,-52.2733330002177,0 -61.3611128007151,-52.268887198985,0 -61.36157788870861,-52.26824266836441,0 -61.3650349195259,-52.2633330004176,0 -61.365736824195,-52.26240282443081,0 -61.3666670001818,-52.2611113206309,0 -61.369778572623,-52.25644335177919,0 -61.3718525468575,-52.2533329997181,0 -61.3737788164392,-52.25044481617531,0 -61.37666699998199,-52.246111320481,0 -61.37777783987539,-52.2444438398113,0 -61.3785188065976,-52.243332999918,0 -61.3817780836916,-52.2384428634473,0 -61.3822224198288,-52.2377788004512,0 -61.3851850663377,-52.2333330001178,0 -61.38571485155911,-52.23238085189471,0 -61.3866669997822,-52.2306669841939,0 -61.3892854082949,-52.2259526292104,0 -61.3907404861844,-52.22333300031769,0 -61.3928571854107,-52.21952440652609,0 -61.39583325969719,-52.2141679607827,0 -61.3962959060312,-52.2133329996182,0 -61.3964289625265,-52.2130937421824,0 -61.39666699958241,-52.212666495862,0 -61.4003510822366,-52.2070170824724,0 -61.4027534259298,-52.20333299981801,0 -61.4044978103257,-52.20116503114121,0 -61.4066670002818,-52.1990483319149,0 -61.4095246662303,-52.1961894455864,0 -61.4123811108995,-52.1933330000179,0 -61.41463330828049,-52.1912993082165,0 -61.41666700008189,-52.18958299975559,0 -61.420000740142,-52.18666551989781,0 -61.4238093339336,-52.18333300021779,0 -61.42531079885421,-52.18197801956989,0 -61.4266669998821,-52.1808330000429,0 -61.4307575761012,-52.1774247970167,0 -61.435667244048,-52.1733330004176,0 -61.4362324292832,-52.17289843001851,0 -61.4366669996822,-52.1726054605735,0 -61.43804639422569,-52.1719536058742,0 -61.44290235196191,-52.16956835199781,0 -61.4466670003817,-52.16791063706621,0 -61.4499201737769,-52.1665873943927,0 -61.4558088455018,-52.1641899340182,0 -61.4566670001819,-52.1638408127033,0 -61.4570246659555,-52.16368944511171,0 -61.457821785447,-52.1633329997181,0 -61.4637556229236,-52.16042284393901,0 -61.466666999982,-52.1588237225367,0 -61.4707258382268,-52.15739061688339,0 -61.4736359940059,-52.1563627853142,0 -61.4766669997822,-52.1552934491334,0 -61.4781159748723,-52.1547831953881,0 -61.48222364090831,-52.153332999918,0 -61.48550733189779,-52.1521733322335,0 -61.4866669995823,-52.1517656173893,0 -61.48909131641111,-52.15090868398849,0 -61.4928986898227,-52.1495659098388,0 -61.4966670002818,-52.1482353439859,0 -61.5000007403419,-52.14666551979791,0 -61.50629712691091,-52.1437040936689,0 -61.506667000082,-52.14352831218181,0 -61.5068000565773,-52.1434672769932,0 -61.5071430741935,-52.14333300011781,0 -61.5141511311697,-52.1408183517855,0 -61.5166669998821,-52.14000048043781,0 -61.521428963176,-52.1385698164438,0 -61.5217951734085,-52.13845995346409,0 -61.5266669996823,-52.1369999922558,0 -61.5293171461693,-52.1359843671847,0 -61.5362312087033,-52.1333330003177,0 -61.5364472735228,-52.1331132734588,0 -61.53666700038169,-52.13291551973541,0 -61.5409260331099,-52.1275908128657,0 -61.5451850667374,-52.1233329996182,0 -61.5458588945723,-52.12252489490789,0 -61.5466670001818,-52.1216655198478,0 -61.5503706134131,-52.1170366130492,0 -61.5540742266442,-52.1133329998181,0 -61.55525342580491,-52.11191942564099,0 -61.55666699998199,-52.1104155199602,0 -61.5598151937162,-52.1064824141321,0 -61.562963386551,-52.1033330000179,0 -61.5649274978057,-52.10159471842151,0 -61.5666669997822,-52.1000004803379,0 -61.5696296462911,-52.0962968671067,0 -61.5722224196289,-52.0933330002177,0 -61.5742426836529,-52.090908683389,0 -61.57666699958231,-52.0880009683699,0 -61.5787885821273,-52.08545458206331,0 -61.5805561600387,-52.0833330004176,0 -61.5833332593224,-52.0800004807376,0 -61.5866670002818,-52.075999015642,0 -61.58787915779689,-52.0745463785125,0 -61.5888899004485,-52.07333299971809,0 -61.5926093831165,-52.0692753827527,0 -61.59666700008189,-52.0648491129961,0 -61.5973713455111,-52.0640385666265,0 -61.5981379474083,-52.06333299991801,0 -61.60269483200089,-52.0593608320367,0 -61.6066669998821,-52.05589647624129,0 -61.6080561601636,-52.0547221603994,0 -61.6096967852784,-52.0533330001178,0 -61.6136408772247,-52.0503056563809,0 -61.6166669996822,-52.0484404219878,0 -61.6200959554639,-52.04676073482,0 -61.6255952225414,-52.04440477725859,0 -61.6266670003817,-52.0439213790684,0 -61.6270783772653,-52.0437431559218,0 -61.6280305254883,-52.04333300031769,0 -61.6340644611059,-52.0407304612418,0 -61.6366670001819,-52.0396074139509,0 -61.6409333569888,-52.0376005777044,0 -61.6437043534731,-52.0362968674065,0 -61.646666999982,-52.0349003830462,0 -61.6477338945036,-52.0343998941398,0 -61.6499995196621,-52.0333329996182,0 -61.6546919024094,-52.0313579022454,0 -61.6566669997822,-52.03052538274021,0 -61.6615156325404,-52.02848436686,0 -61.66172925570051,-52.0283940353564,0 -61.6666669995823,-52.0263163981832,0 -61.6686909256456,-52.0253569258814,0 -61.6729633870506,-52.02333299981801,0 -61.6754768141037,-52.02214159415919,0 -61.6766670002818,-52.0215776293041,0 -61.67989209774209,-52.02010790235781,0 -61.6823139729115,-52.0189799726476,0 -61.686667000082,-52.01706102714461,0 -61.6893012771322,-52.01596727706809,0 -61.6958344803769,-52.0133330000179,0 -61.6964289628264,-52.0130961833422,0 -61.69666699988209,-52.0130009685199,0 -61.6973335036382,-52.01266649626181,0 -61.7031110920033,-52.0097783127189,0 -61.7066669996822,-52.00799852741,0 -61.7096772536023,-52.00634325413781,0 -61.7151521076836,-52.00333300021781,0 -61.7160493244168,-52.0027153242528,0 -61.7166670003817,-52.0022905195918,0 -61.7200007404418,-52.00000048053771,0 -61.7219758378146,-51.9986406174705,0 -61.7266670001819,-51.9954155191108,0 -61.7279243243481,-51.9945903245838,0 -61.7296076735552,-51.9933330004176,0 -61.73350904140911,-51.9901762613254,0 -61.73666699998199,-51.9876176676212,0 -61.7389741288529,-51.98564012858899,0 -61.7416670003317,-51.9833329997181,0 -61.74438916812559,-51.9810551680615,0 -61.7466669997822,-51.979241203119,0 -61.7500214925977,-51.9766874918342,0 -61.7545466383166,-51.9733329999179,0 -61.7556525957906,-51.9723198165063,0 -61.75666699958229,-51.9713896405195,0 -61.76086988044061,-51.9675371013561,0 -61.7654548418674,-51.9633330001178,0 -61.7658833085678,-51.9625493084038,0 -61.7666670002818,-51.9611113203311,0 -61.76958325975959,-51.9562504801755,0 -61.7733332600219,-51.9500004806376,0 -61.7766670000819,-51.9444438395116,0 -61.7771272047567,-51.9437919848122,0 -61.777619148305,-51.9433329996182,0 -61.7827082597783,-51.9393754807938,0 -61.7866669998821,-51.9362968676063,0 -61.7883332601718,-51.9350004804878,0 -61.79047681405369,-51.933332999818,0 -61.7939582596659,-51.9306254801817,0 -61.7966669996823,-51.92851854669351,0 -61.799645515628,-51.9263115159637,0 -61.8040351640915,-51.9233330000179,0 -61.8055793531046,-51.92224657402009,0 -61.8066670003817,-51.9214799730223,0 -61.8114497146326,-51.91811571446859,0 -61.8126679767457,-51.917332023654,0 -61.8166670001819,-51.9147123947612,0 -61.8174751057915,-51.9141411058274,0 -61.81866651145031,-51.9133330002177,0 -61.82333325992199,-51.9100004805377,0 -61.826666999982,-51.907815422044,0 -61.829241463123,-51.9059062422792,0 -61.8328571856106,-51.9033330004176,0 -61.83498242929559,-51.90164842993109,0 -61.8366669997822,-51.90025682799019,0 -61.8406672444977,-51.8973320231543,0 -61.8456672439481,-51.89333299971809,0 -61.8461909254708,-51.8928569256066,0 -61.8466669995823,-51.8923320237039,0 -61.8512824786035,-51.8879472576598,0 -61.8556672437483,-51.883332999918,0 -61.8561909261702,-51.88285692580641,0 -61.8566670002818,-51.8823344646638,0 -61.86128247840361,-51.87794969951901,0 -61.8656672444477,-51.8733330001178,0 -61.8660615315144,-51.8727275315503,0 -61.86666700008201,-51.87151659351591,0 -61.8688618243137,-51.86552782454941,0 -61.8696674882639,-51.8633330003177,0 -61.8693940511945,-51.8606059492051,0 -61.8688886798686,-51.85555467940489,0 -61.8684846270638,-51.8515141522563,0 -61.8677778399753,-51.8444438397114,0 -61.86766675571619,-51.8433329998181,0 -61.86766675571619,-51.8423320238038,0 -61.86666700008201,-51.8333330000179,0 -61.8612128987562,-51.8287871015435,0 -61.8566670002818,-51.8270829995807,0 -61.85435865013151,-51.82564012908859,0 -61.8506660230185,-51.82333300021781,0 -61.8484846265642,-51.8215141519565,0 -61.8466669995823,-51.8208330000428,0 -61.8420515214605,-51.8179496989194,0 -61.84000196112161,-51.81666796085771,0 -61.8366669997822,-51.8145829996057,0 -61.83589795712499,-51.8141020430748,0 -61.8346662672344,-51.8133330004176,0 -61.8297041094571,-51.8102958909426,0 -61.826666999982,-51.8085331954506,0 -61.8232453691784,-51.80675341014171,0 -61.8173823317292,-51.8040483321648,0 -61.8166670001819,-51.8037040941686,0 -61.8164106520299,-51.8035893478701,0 -61.8158320390173,-51.8033329997181,0 -61.8114497146326,-51.79855028546731,0 -61.8066670003817,-51.793332999918,0 -61.8066670003817,-51.7733330003177,0 -61.8091669996573,-51.7658329997931,0 -61.8100007404418,-51.7633329996182,0 -61.8133332601218,-51.7600004808375,0 -61.8166670001819,-51.7566655194981,0 -61.8184528882901,-51.75511766754631,0 -61.8212128986563,-51.753332999818,0 -61.82473096466231,-51.7513969644983,0 -61.826666999982,-51.7504765542495,0 -61.8301960530054,-51.7498027264147,0 -61.83266675596601,-51.7493339763819,0 -61.8366669997822,-51.74857225780341,0 -61.8403706130134,-51.74962938658691,0 -61.8440009845577,-51.7506669847935,0 -61.8466669995823,-51.75142870337191,0 -61.848333259872,-51.7516679608077,0 -61.85500073999209,-51.7516679608077,0 -61.8566670002818,-51.7518510663735,0 -61.86666700008201,-51.7518510663735,0 -61.867555671457,-51.7524443284429,0 -61.8688886798686,-51.753332999818,0 -61.873555427441,-51.75644335187919,0 -61.87666699988209,-51.75851854649369,0 -61.8795551834249,-51.76044481607529,0 -61.88388868001849,-51.7633329996182,0 -61.8848139726866,-51.7651860275131,0 -61.8866669996822,-51.7688896407443,0 -61.8883686599856,-51.7716313400143,0 -61.890302253646,-51.7733330003177,0 -61.8938667066831,-51.776133293117,0 -61.8966670003817,-51.7766679607577,0 -61.8990009848076,-51.77566698474351,0 -61.9044489824345,-51.7733330003177,0 -61.9061677325548,-51.7728349530706,0 -61.9066670001819,-51.7728984299185,0 -61.9069795002037,-51.7730205002958,0 -61.90777539841591,-51.7733330003177,0 -61.9137031330931,-51.7762968672066,0 -61.916666999982,-51.77647020703439,0 -61.9215168531202,-51.7781816330759,0 -61.92173902163849,-51.7782621988414,0 -61.9266669997822,-51.7800004804378,0 -61.9292036212501,-51.7807963786499,0 -61.93638257639471,-51.7830473556509,0 -61.93666699958229,-51.7831376871545,0 -61.9368256912526,-51.7831743084475,0 -61.9374970783275,-51.7833330001178,0 -61.9451167066707,-51.7848832928296,0 -61.9466670002818,-51.7849760659926,0 -61.94813428556871,-51.78480028540481,0 -61.9556220777966,-51.7843779215038,0 -61.9566670000819,-51.7842656168647,0 -61.9574714436521,-51.78413866406801,0 -61.9625031819762,-51.7833330001178,0 -61.9660651933539,-51.78272997231031,0 -61.9666669998821,-51.7826664963617,0 -61.9673908767875,-51.7826079019331,0 -61.97505811344111,-51.7817241129774,0 -61.9766669996823,-51.7816044842595,0 -61.97833325997189,-51.7816679611075,0 -61.9847785724731,-51.7814457925892,0 -61.98666700038171,-51.7815043870178,0 -61.9883332597721,-51.7816679611075,0 -61.9957148519588,-51.7823808518947,0 -61.9966670001819,-51.7824736250577,0 -61.99746656043339,-51.7825346602463,0 -62.0065510333035,-51.7832182538193,0 -62.006666999982,-51.7832255778981,0 -62.0067670972237,-51.78323290197681,0 -62.0083259352936,-51.7833330001178,0 -62.01616162935571,-51.7838383714437,0 -62.0166669997822,-51.783870109418,0 -62.01724195075541,-51.7839091714711,0 -62.025554939309,-51.7844438400112,0 -62.0266669995824,-51.7845170816979,0 -62.0345515214355,-51.7854496993441,0 -62.0366670002818,-51.785698722518,0 -62.0397236403337,-51.786389641069,0 -62.04289502758341,-51.7871049726164,0 -62.0466670000819,-51.7879570235977,0 -62.0512531818888,-51.7887455977311,0 -62.0523396069872,-51.7890043866431,0 -62.05666699988209,-51.7898393478076,0 -62.0598359454725,-51.7901640543276,0 -62.0640778883838,-51.7907426682395,0 -62.0666669996822,-51.7910258710471,0 -62.0687836989085,-51.7912163006917,0 -62.0755561604884,-51.7922221600246,0 -62.0766670003817,-51.7923344646638,0 -62.0774531328557,-51.7925468674439,0 -62.07925855244021,-51.793332999918,0 -62.0842854083449,-51.795713371375,0 -62.0866670001819,-51.7968413010851,0 -62.09107129680289,-51.7989287030971,0 -62.093334480302,-51.8000004800381,0 -62.096666999982,-51.8015800699642,0 -62.09796582786059,-51.8020341718395,0 -62.1010139234538,-51.8033329997181,0 -62.10499951911251,-51.8050004803878,0 -62.1066669997822,-51.8057866128619,0 -62.1101814046481,-51.8068461833047,0 -62.11256787890441,-51.80743212129529,0 -62.11666699958229,-51.8088896408442,0 -62.1201753007495,-51.80982469925041,0 -62.124242683453,-51.81090868358881,0 -62.1266670002818,-51.8115556558688,0 -62.1282990800385,-51.8116996993816,0 -62.13569165834329,-51.8123564373996,0 -62.136667000082,-51.8124443281432,0 -62.1378791584963,-51.8121220623832,0 -62.14386060338409,-51.8105253826403,0 -62.1466669998821,-51.80977831221929,0 -62.1513044511395,-51.80869432788089,0 -62.15190503728761,-51.8085722575036,0 -62.1566669996823,-51.8073808518448,0 -62.1602082601031,-51.806875480519,0 -62.1639997640778,-51.805999015642,0 -62.16666700038171,-51.8055546795048,0 -62.16777784027511,-51.8044438396115,0 -62.16871900238001,-51.8033329997181,0 -62.1709919516172,-51.7990092697619,0 -62.17146680444941,-51.798132804885,0 -62.1738093342333,-51.793332999918,0 -62.1745612870737,-51.7912285080891,0 -62.1766670001819,-51.7853325113862,0 -62.1771845780058,-51.78385057794181,0 -62.1773493733749,-51.7833330001178,0 -62.1775764234131,-51.7824247972665,0 -62.1793794022376,-51.7760454023734,0 -62.180000740242,-51.7733330003177,0 -62.1804768143535,-51.7695244065261,0 -62.1807404865842,-51.7674077072998,0 -62.1812507403293,-51.7633329996182,0 -62.1812507403293,-51.7333330002177,0 -62.1794868244573,-51.73051317594229,0 -62.1766670001819,-51.72599901544211,0 -62.1750007398922,-51.7233330004176,0 -62.1722224202285,-51.71888719918479,0 -62.1717951739081,-51.7182060472712,0 -62.16875074035439,-51.71333299971809,0 -62.16798291807711,-51.71201708202269,0 -62.16666700038171,-51.71000048003809,0 -62.1639643631648,-51.7060356371349,0 -62.1623188556307,-51.703332999918,0 -62.1597260822928,-51.7002739182067,0 -62.1566669996823,-51.6964921799701,0 -62.15527173660129,-51.6947294844781,0 -62.1541657791274,-51.6933330001178,0 -62.15043653162059,-51.6895634683793,0 -62.1466669998821,-51.6861332931169,0 -62.1450752034578,-51.6849247967419,0 -62.1424226153114,-51.68333300031761,0 -62.1387092363422,-51.68128954277811,0 -62.136667000082,-51.6801664963867,0 -62.1324397053281,-51.67756151565139,0 -62.1284089430183,-51.6750737228739,0 -62.1266670002818,-51.6739995042736,0 -62.126262947477,-51.67373827370231,0 -62.1256403890927,-51.6733329996182,0 -62.1205988850305,-51.6693998946893,0 -62.11666699958229,-51.666333488,0 -62.1149812087158,-51.6650200119639,0 -62.1128193437377,-51.6633329998181,0 -62.1097431722096,-51.66025682829,0 -62.1066669997822,-51.65833300036759,0 -62.1030573809933,-51.6569413984267,0 -62.0992646566385,-51.6559306566744,0 -62.096666999982,-51.6550883714311,0 -62.09540845543581,-51.6545903241841,0 -62.0911103597553,-51.6533330000179,0 -62.0877338947034,-51.6522661054963,0 -62.0866670001819,-51.65192919157889,0 -62.08434888519291,-51.6510136637496,0 -62.0806220784461,-51.64937792195351,0 -62.0766670003817,-51.6480302653844,0 -62.0733332594223,-51.64666551989781,0 -62.0676936117707,-51.6443583910268,0 -62.0666669996822,-51.6439384687853,0 -62.06613355242149,-51.64386766785859,0 -62.06222119934879,-51.64333300021781,0 -62.0573200758608,-51.6426787029598,0 -62.05666699988209,-51.642607902033,0 -62.05587354332931,-51.64253954276559,0 -62.0481330640896,-51.6418657149308,0 -62.0466670000819,-51.64173876213411,0 -62.0449213944068,-51.6415873945426,0 -62.0389338458203,-51.6410673750593,0 -62.0366670002818,-51.64086962133591,0 -62.03405225380849,-51.6407182537443,0 -62.029542976627,-51.640457023173,0 -62.0266669995824,-51.640288566664,0 -62.02348584749381,-51.6401518472299,0 -62.0200007398422,-51.64000048053771,0 -62.0166669997822,-51.63985399626489,0 -62.0130854569283,-51.6397514573638,0 -62.01029004654839,-51.63970995275209,0 -62.006666999982,-51.6396025314316,0 -62.0029633867509,-51.6396293869866,0 -62.0001447828554,-51.63985399626489,0 -61.9966670001819,-51.6398857342392,0 -61.9931586990147,-51.6398246990506,0 -61.9899323811744,-51.6400688398051,0 -61.98666700038171,-51.64000048053771,0 -61.98285718531081,-51.6395244064262,0 -61.9807404860845,-51.6392582925361,0 -61.9766669996823,-51.6387504804503,0 -61.9718525465577,-51.63814745354211,0 -61.9714289631761,-51.6380961831923,0 -61.9666669998821,-51.6375004803629,0 -61.9627448810714,-51.6372538988483,0 -61.9604450762792,-51.6371098553355,0 -61.9566670000819,-51.6368754803191,0 -61.9533332600219,-51.6366655191983,0 -61.9497785718236,-51.63644335157939,0 -61.9466670002818,-51.6362504802754,0 -61.9436884843361,-51.636311515464,0 -61.9393501053231,-51.636016105259,0 -61.93666699958229,-51.6360820237663,0 -61.9336115799105,-51.6363896404695,0 -61.9296076740549,-51.636274894171,0 -61.9266669997822,-51.6366655191983,0 -61.9231586995143,-51.6368413006854,0 -61.9201753011492,-51.6368413006854,0 -61.916666999982,-51.63703661364881,0 -61.9066670001819,-51.63703661364881,0 -61.9032185138233,-51.6367802654968,0 -61.8998676839464,-51.63653368398229,0 -61.8966670003817,-51.6362968673066,0 -61.894242683553,-51.6357573163471,0 -61.8876191488046,-51.63428514864061,0 -61.8866669996822,-51.6340727458605,0 -61.8860603107347,-51.6339384689851,0 -61.8833332596222,-51.6333330004176,0 -61.8866669996822,-51.6266655193982,0 -61.8875007404667,-51.6241655192233,0 -61.8875007404667,-51.6233329997181,0 -61.8872724691491,-51.6227275311506,0 -61.8866669996822,-51.6200004800381,0 -61.88499951991189,-51.6150004805876,0 -61.88499951991189,-51.613332999918,0 -61.8839997633783,-51.6106669839941,0 -61.88256421696501,-51.6074370041144,0 -61.8813337483538,-51.6033330001178,0 -61.8813337483538,-51.5933330003177,0 -61.8822224197289,-51.5888896407443,0 -61.88250074011701,-51.5875004804628,0 -61.8833332596222,-51.5833329996182,0 -61.88388868001849,-51.5805546799545,0 -61.8850007402919,-51.5750004804877,0 -61.88533399217,-51.57333299981799,0 -61.8855561597889,-51.57222215992469,0 -61.8866669996822,-51.5666655196979,0 -61.8872224200786,-51.5638896407942,0 -61.8873335043377,-51.5633330000179,0 -61.8873335043377,-51.56266649626169,0 -61.8885712970277,-51.5552372966638,0 -61.8885712970277,-51.5533330002177,0 -61.8883332599719,-51.5516655195481,0 -61.8872224200786,-51.54388719953459,0 -61.8871430737938,-51.5433330004176,0 -61.8870832598845,-51.5429155198353,0 -61.8866669996822,-51.5400004807375,0 -61.88583325979701,-51.5341655192233,0 -61.88571485145921,-51.53333299971809,0 -61.8860603107347,-51.5327275311506,0 -61.8866669996822,-51.5316655199478,0 -61.8896967850785,-51.5263627853142,0 -61.89142896297619,-51.523332999918,0 -61.8933332594223,-51.5200004802379,0 -61.8966670003817,-51.514165519623,0 -61.8970112383779,-51.513677238114,0 -61.8972553791324,-51.51333300011779,0 -61.8982050856961,-51.5117949139041,0 -61.9009296951493,-51.5075956950852,0 -61.9031672443728,-51.50333300031771,0 -61.9042524490912,-51.500918449227,0 -61.9066670001819,-51.4933329996182,0 -61.90939405039509,-51.48606005093059,0 -61.91041700044419,-51.4833329998181,0 -61.911905036688,-51.478569816144,0 -61.9120515218602,-51.4779496994191,0 -61.9133332599219,-51.4733330000179,0 -61.9137629470023,-51.4704301683176,0 -61.9144929276065,-51.4655082929733,0 -61.91481519336649,-51.4633330002177,0 -61.91481519336649,-51.433332999918,0 -61.9133332599219,-51.4299980394779,0 -61.91230786911291,-51.4276933513671,0 -61.910370613413,-51.4233330001178,0 -61.9093696364995,-51.4206303629009,0 -61.9066670001819,-51.4150004800881,0 -61.9061408769998,-51.4138603438797,0 -61.9058967362453,-51.4133330003177,0 -61.9054157797144,-51.4120830002302,0 -61.9035419999633,-51.4064579998368,0 -61.9021211017075,-51.4033329996182,0 -61.9022224202285,-51.39888719928479,0 -61.90252881655161,-51.3974711834483,0 -61.9026667554663,-51.39333299981799,0 -61.90380933423341,-51.3904765542495,0 -61.9066670001819,-51.3833330000179,0 -61.90933301520651,-51.3759990152423,0 -61.9099995198619,-51.3733330002178,0 -61.91095288846499,-51.3690483323147,0 -61.9112128986563,-51.3678788979927,0 -61.9122224200286,-51.3633330004176,0 -61.9128571858104,-51.35952440662599,0 -61.9144440998153,-51.35555712116421,0 -61.9149995193123,-51.35333299971811,0 -61.91476148225661,-51.351428703272,0 -61.91476148225661,-51.3452372972634,0 -61.9144440998153,-51.3433329999179,0 -61.9133332599219,-51.33999803947789,0 -61.9124995191374,-51.3375004800631,0 -61.9111115801353,-51.33333300011779,0 -61.9123188552309,-51.3289848553667,0 -61.9130305256382,-51.3269706950415,0 -61.9141669998071,-51.32333300031771,0 -61.9144440998153,-51.32111132053101,0 -61.916666999982,-51.3133329996182,0 -61.916666999982,-51.3033329998181,0 -61.9141669998071,-51.29583300019279,0 -61.9133332599219,-51.2933330000179,0 -61.9083332595723,-51.2833330002177,0 -61.9080000076942,-51.2819999918061,0 -61.9066670001819,-51.2800004805377,0 -61.904167,-51.27583299969311,0 -61.9026667554663,-51.2733330004176,0 -61.9039997638779,-51.2706669844937,0 -61.9066670001819,-51.2666679610575,0 -61.910001960622,-51.2633329997181,0 -61.9150007405917,-51.2616655199478,0 -61.916666999982,-51.2611113199314,0 -61.91999951966199,-51.2600004800381,0 -61.9225007402169,-51.25916551977291,0 -61.9266669997822,-51.2577788011507,0 -61.92974439258959,-51.2564091714461,0 -61.93666699958229,-51.253332999918,0 -61.9426667555663,-51.2493339764818,0 -61.9466670002818,-51.2466655197979,0 -61.9486665115502,-51.2453325113863,0 -61.9546674879142,-51.24133348795,0 -61.9566670000819,-51.2400004804378,0 -61.9606672438982,-51.2373320237539,0 -61.9666669998821,-51.2333330003177,0 -61.9722224197288,-51.2288896407443,0 -61.9766669996823,-51.2266655192982,0 -61.97866651184999,-51.225332511786,0 -61.981667000032,-51.2233329996182,0 -61.98444532059511,-51.2211113207308,0 -61.98666700038171,-51.2200004808375,0 -61.9906672441979,-51.2173320232542,0 -61.9966670001819,-51.21333299981799,0 -62.00346753679741,-51.2101323162534,0 -62.006666999982,-51.2083330003676,0 -62.0097443927895,-51.20640917154599,0 -62.0133332597221,-51.2033330000179,0 -62.0146674885137,-51.2013334878501,0 -62.0186665119499,-51.1953325114862,0 -62.0200007398422,-51.19333300021779,0 -62.02285718541069,-51.1895244064262,0 -62.0266669995824,-51.1866655191983,0 -62.0291669997572,-51.1858329996932,0 -62.0366657790025,-51.1833330004176,0 -62.0466670000819,-51.1833330004176,0 -62.05444532009539,-51.1811113206309,0 -62.05666699988209,-51.1808330002427,0 -62.0603022538459,-51.1796977464538,0 -62.0623200762105,-51.17898485566649,0 -62.0666669996822,-51.1777788009509,0 -62.0708784258986,-51.17754442593451,0 -62.0726667556662,-51.1773344648137,0 -62.0766670003817,-51.1770829999804,0 -62.0796674885637,-51.1763334879001,0 -62.0866657789026,-51.17333299971811,0 -62.0923811116989,-51.169048331815,0 -62.096666999982,-51.1658330000928,0 -62.09888990014871,-51.1655546797047,0 -62.10444409961551,-51.1655546797047,0 -62.1066669997822,-51.1653325120857,0 -62.1266670002818,-51.1653325120857,0 -62.1288899004485,-51.1655546797047,0 -62.13358960727451,-51.16641161310541,0 -62.136667000082,-51.1666679612574,0 -62.1413728106067,-51.1686284104727,0 -62.1422236403087,-51.1688896410441,0 -62.1466669998821,-51.17047655504889,0 -62.1533320392422,-51.17333299971811,0 -62.155796638504,-51.17420214051631,0 -62.1566669996823,-51.17444383961151,0 -62.1583344803519,-51.17500048038781,0 -62.16333325942241,-51.1766679610575,0 -62.16666700038171,-51.1777788009509,0 -62.1766670001819,-51.1777788009509,0 -62.1813740310866,-51.1780400315222,0 -62.1819599690773,-51.1780400315222,0 -62.18666699998201,-51.17833300006791,0 -62.1906660234182,-51.17933397698139,0 -62.1941682208866,-51.1808330002427,0 -62.1966669997822,-51.1816679605079,0 -62.1980952230161,-51.1819047771837,0 -62.2066669995823,-51.1833330004176,0 -62.22666700008191,-51.1833330004176,0 -62.2341657793272,-51.1858329996932,0 -62.23666699988209,-51.18666796085769,0 -62.2406660233183,-51.1893339767815,0 -62.2433344809015,-51.19000048053769,0 -62.2466669996822,-51.19133348805,0 -62.2484846266641,-51.1915141519565,0 -62.2548493733998,-51.1915141519565,0 -62.2566670003817,-51.19166796120739,0 -62.2666670001819,-51.19166796120739,0 -62.2677778400752,-51.19222216032439,0 -62.2699995198619,-51.19333300021779,0 -62.2741669998072,-51.1958330003926,0 -62.276666999982,-51.197334464414,0 -62.2804170002443,-51.19958299975559,0 -62.2866669997822,-51.2033330000179,0 -62.2966669995823,-51.21333299981799,0 -62.3009528887647,-51.21904833171511,0 -62.30416700010689,-51.2233329996182,0 -62.3053339918702,-51.2246660080298,0 -62.30666700028181,-51.2258329997931,0 -62.31080518391209,-51.22919481668739,0 -62.316667000082,-51.2333330003177,0 -62.32333325982199,-51.23666551909841,0 -62.3266669998821,-51.2383329997681,0 -62.3298249593544,-51.2401762619249,0 -62.33523755696761,-51.2433330001178,0 -62.3361396561202,-51.2438603436799,0 -62.3366669996822,-51.2441679612824,0 -62.3400031814016,-51.2466704022173,0 -62.3419050370878,-51.24809618379181,0 -62.34666700038171,-51.2516679609076,0 -62.3476191486048,-51.2523808516949,0 -62.3488886792691,-51.253332999918,0 -62.3533332601218,-51.25666551959799,0 -62.3566670001819,-51.2591679605329,0 -62.3590473707395,-51.2609526291604,0 -62.3622211996486,-51.2633329997181,0 -62.3597920004004,-51.2664579999367,0 -62.3566670001819,-51.271667960508,0 -62.35600049642571,-51.2726664957621,0 -62.3555561602885,-51.2733330004176,0 -62.3498676839464,-51.27653368398231,0 -62.34666700038171,-51.2786674730254,0 -62.3437507400046,-51.2804155194606,0 -62.3388899007483,-51.2833330002177,0 -62.3374665608331,-51.2841337808493,0 -62.3366669996822,-51.28466600773001,0 -62.3341670004067,-51.2858330003926,0 -62.33075757610119,-51.2874247968169,0 -62.3266669998821,-51.2893339765817,0 -62.3244453200954,-51.2911113202312,0 -62.32333325982199,-51.2933330000179,0 -62.3209528883651,-51.297617667921,0 -62.3191670002568,-51.3008329996432,0 -62.3177778399753,-51.3033329998181,0 -62.3171796954865,-51.3038456952226,0 -62.316667000082,-51.3041655193232,0 -62.3133344804019,-51.3066655194981,0 -62.3114289626765,-51.30809374183271,0 -62.30666700028181,-51.3116655198478,0 -62.30571485115939,-51.3123808513951,0 -62.30444409921571,-51.3133329996182,0 -62.30000074054169,-51.3166655192982,0 -62.2966669995823,-51.3191655194731,0 -62.2943684160695,-51.3210331955255,0 -62.2919050371877,-51.32333300031771,0 -62.2894868240576,-51.32615282459311,0 -62.2866669997822,-51.3306669841939,0 -62.28571485155909,-51.3323808518948,0 -62.28518506633769,-51.33333300011779,0 -62.2855561598888,-51.33444384001109,0 -62.2866669997822,-51.3377788004512,0 -62.2880561600637,-51.3419438396364,0 -62.2885188063977,-51.3433329999179,0 -62.28944409996521,-51.346111320481,0 -62.2905561602386,-51.349443840161,0 -62.2918513260778,-51.35333299971811,0 -62.2915791093883,-51.3582451093243,0 -62.2911103593556,-51.3588896408442,0 -62.2900007398422,-51.3633330004176,0 -62.2937031326934,-51.3662968673065,0 -62.2966669995823,-51.367778800751,0 -62.3001142655609,-51.3698857342392,0 -62.303031746318,-51.36969774625399,0 -62.30666700028181,-51.3706059491052,0 -62.3266669998821,-51.3706059491052,0 -62.329666267684,-51.3703325120358,0 -62.3333344809015,-51.3700004805377,0 -62.3366669996822,-51.36969774625399,0 -62.341667000032,-51.368332999868,0 -62.34666700038171,-51.3669706951414,0 -62.3495246663302,-51.3661894450868,0 -62.3554170000945,-51.36458299960569,0 -62.3566670001819,-51.3642436449283,0 -62.35746778081341,-51.36413378104909,0 -62.36166944129171,-51.3633330004176,0 -62.3658979573248,-51.3625639568611,0 -62.36666699998211,-51.3625004809124,0 -62.3675752028333,-51.36242479666701,0 -62.3754169996947,-51.3620830003302,0 -62.3766669997822,-51.361970695691,0 -62.3780622637624,-51.36193895681739,0 -62.3852717365014,-51.36193895681739,0 -62.3866669995823,-51.3619047771837,0 -62.3966670002818,-51.3619047771837,0 -62.3978669512987,-51.3621342697807,0 -62.4041633378677,-51.3633330004176,0 -62.4059992750464,-51.3639995041738,0 -62.40666700008191,-51.3642436449283,0 -62.40867017338969,-51.3653349533454,0 -62.412548347728,-51.36745165257171,0 -62.4166669998821,-51.36969774625399,0 -62.4190192945048,-51.3709794843157,0 -62.4233320392422,-51.3733330002178,0 -62.4233320392422,-51.3766679606578,0 -62.4222224197288,-51.37888719878521,0 -62.4222224197288,-51.3833330000179,0 -62.42083325944729,-51.3875004808625,0 -62.4199995195621,-51.39000048013799,0 -62.4188886796688,-51.39333299981799,0 -62.4182050860958,-51.3948710860317,0 -62.4151289136684,-51.4017949143038,0 -62.4144440997154,-51.4033329996182,0 -62.4113337476543,-51.40799852770981,0 -62.409999519762,-51.4100004806376,0 -62.4077778399753,-51.4133330003177,0 -62.40731153160191,-51.4139775309383,0 -62.40666700008191,-51.414998039328,0 -62.4030952229661,-51.419761223002,0 -62.4004169996448,-51.4233330001178,0 -62.3988886800685,-51.4255546799045,0 -62.3966670002818,-51.4308329997431,0 -62.39595288911449,-51.4326176683707,0 -62.3958332594973,-51.433332999918,0 -62.3957575761512,-51.4342412027693,0 -62.39541700019431,-51.44208299963069,0 -62.3953034742759,-51.4433329997181,0 -62.3952717363015,-51.4447294840784,0 -62.3952717363015,-51.4519365160573,0 -62.39523755666789,-51.4533330004176,0 -62.39523755666789,-51.4633330002177,0 -62.3950874103556,-51.4649125901438,0 -62.39449292790619,-51.47115770726239,0 -62.3942854084448,-51.4733330000179,0 -62.3938886797188,-51.47611132058091,0 -62.3933332593225,-51.480000480138,0 -62.3928571852109,-51.4833329998181,0 -62.391666999932,-51.4883330001678,0 -62.39019605260571,-51.4933329996182,0 -62.3893940506948,-51.4960600507307,0 -62.3866669995823,-51.50333300031771,0 -62.3866669995823,-51.51333300011779,0 -62.385128914268,-51.5217949137042,0 -62.3844440994156,-51.523332999918,0 -62.3813337482538,-51.5279985271103,0 -62.3799995194622,-51.53000048003809,0 -62.3777778396755,-51.53333299971809,0 -62.3853339920701,-51.5346660081297,0 -62.3866669995823,-51.53490282390621,0 -62.3886665117501,-51.5353325118859,0 -62.3937360917472,-51.5362651286327,0 -62.3966670002818,-51.53695116386509,0 -62.4015852126874,-51.5384160074927,0 -62.40188428493181,-51.5385502852674,0 -62.40666700008191,-51.5403593668912,0 -62.40895825951601,-51.5410405197042,0 -62.41512769328839,-51.5433330004176,0 -62.41629590633101,-51.5437040939687,0 -62.4166669998821,-51.54387499213709,0 -62.4174372638186,-51.54410204307481,0 -62.42416700040669,-51.5458329996931,0 -62.4266669996823,-51.5466679608577,0 -62.43074170736379,-51.54740770719991,0 -62.4323078695125,-51.54769335166681,0 -62.4366670003817,-51.5484843674595,0 -62.4466670001819,-51.5484843674595,0 -62.4506171949276,-51.5493828045728,0 -62.4557160721389,-51.5523808519947,0 -62.456666999982,-51.5527788011008,0 -62.4569697342658,-51.55303026593399,0 -62.4573335037381,-51.5533330002177,0 -62.4624238355915,-51.5575761644084,0 -62.4666669997821,-51.5611113202312,0 -62.48666700028181,-51.5611113202312,0 -62.4893330153064,-51.560666984094,0 -62.49400098415801,-51.560666984094,0 -62.496667000082,-51.5600004803379,0 -62.5007697827992,-51.557434562555,0 -62.512564216965,-51.5492314378805,0 -62.5166669996822,-51.5460600506308,0 -62.5183332599719,-51.545000480188,0 -62.5204169999445,-51.5433330004176,0 -62.5241023029789,-51.54076952339481,0 -62.52666700038169,-51.5387871019432,0 -62.5299104080389,-51.5365751878946,0 -62.5333332601218,-51.53333299971809,0 -62.5311115803351,-51.528889641044,0 -62.5303022543455,-51.5269682538818,0 -62.5286665116502,-51.523332999918,0 -62.52791699956979,-51.5220829998306,0 -62.52666700038169,-51.5200004802379,0 -62.5243134844797,-51.5156865160199,0 -62.52333325942239,-51.51333300011779,0 -62.5183332599719,-51.50333300031771,0 -62.5191657794771,-51.5008330001428,0 -62.5204169999445,-51.4970829998805,0 -62.52166700003199,-51.4933329996182,0 -62.5238093344332,-51.49047655494899,0 -62.52666700038169,-51.4866655194981,0 -62.5282453690285,-51.4849125897442,0 -62.52966626728441,-51.4833329998181,0 -62.5329829175276,-51.47964891806301,0 -62.5366670001819,-51.4755546798046,0 -62.5380000076942,-51.4746660075302,0 -62.5400007402419,-51.4733330000179,0 -62.543333259922,-51.4700004803378,0 -62.54666699998211,-51.4666655198978,0 -62.5483332593724,-51.4650004808875,0 -62.54999951966201,-51.4633330002177,0 -62.5511115799354,-51.4588896406444,0 -62.5511115799354,-51.4577763590917,0 -62.5533344801021,-51.4533330004176,0 -62.5555561598888,-51.4522221605242,0 -62.5566669997822,-51.4522221605242,0 -62.5574995192873,-51.4525004809124,0 -62.5599995194622,-51.4533330004176,0 -62.5644440994156,-51.455554679305,0 -62.56666699958231,-51.455554679305,0 -62.5694672932809,-51.4605327074184,0 -62.5716669999321,-51.4633330002177,0 -62.5739741288029,-51.4660258707972,0 -62.5766670002818,-51.4680009690694,0 -62.5796296467907,-51.470371573889,0 -62.5833332600219,-51.4733330000179,0 -62.5850666582996,-51.4749345621802,0 -62.5866670000819,-51.4760014567019,0 -62.5907404864842,-51.4792582930357,0 -62.5958332599969,-51.4833329998181,0 -62.5962666091167,-51.4837333905835,0 -62.5966669998821,-51.4839995035742,0 -62.60118238076219,-51.488816398358,0 -62.6054157792148,-51.4933329996182,0 -62.60589673664499,-51.4941020431747,0 -62.6066669996823,-51.49515184787939,0 -62.6097700276646,-51.5002299723353,0 -62.611667000032,-51.50333300031771,0 -62.6123811111993,-51.50762010898081,0 -62.6126667556662,-51.5093315350223,0 -62.6133332594223,-51.51333300011779,0 -62.6139387288892,-51.5160600512303,0 -62.6158332595972,-51.5224980387534,0 -62.616042000338,-51.523332999918,0 -62.6162019123883,-51.5237993082914,0 -62.6166670003817,-51.5250004805877,0 -62.6190473709394,-51.5309526291605,0 -62.61999951916239,-51.53333299971809,0 -62.6229633869507,-51.5370366129493,0 -62.6266670001819,-51.5416679605079,0 -62.62791577899,-51.5433330004176,0 -62.6316669996323,-51.548332999868,0 -62.6354157795146,-51.5533330002177,0 -62.6359394610372,-51.55406053916251,0 -62.636666999982,-51.5550004808874,0 -62.6401753011492,-51.55982469885069,0 -62.6433320393421,-51.5633330000179,0 -62.6448811116739,-51.56512010940549,0 -62.6466669997822,-51.56718065586259,0 -62.6519990316299,-51.57333299981799,0 -62.6541670003067,-51.5758329999929,0 -62.6566669995823,-51.5783330001678,0 -62.6593086016106,-51.5806913984892,0 -62.66249951943719,-51.5833329996182,0 -62.6648151936662,-51.58518602751311,0 -62.66666700028181,-51.5866679609576,0 -62.6714289626764,-51.5885722574037,0 -62.6722236405085,-51.5888896407443,0 -62.6766670000819,-51.5906669843937,0 -62.67866651135039,-51.5913334881499,0 -62.683332039442,-51.5933330003177,0 -62.68566602386781,-51.5943339763319,0 -62.68666699988211,-51.59476122265231,0 -62.6888899000488,-51.5955571208644,0 -62.6931367262788,-51.59686327372099,0 -62.6966669996822,-51.5983329997681,0 -62.70128247870339,-51.5979496988195,0 -62.70222241952899,-51.5977788006511,0 -62.70666700038169,-51.5973320237538,0 -62.7097443922898,-51.5964091718458,0 -62.71523755656799,-51.59476122265231,0 -62.7166670001819,-51.5943339763319,0 -62.717436042839,-51.5941020429748,0 -62.7200007402419,-51.5933330003177,0 -62.7250007405917,-51.591665519648,0 -62.72666699998201,-51.5911113205309,0 -62.72916700015691,-51.5908330001428,0 -62.73366773198019,-51.5903325121357,0 -62.7366669997822,-51.5900004806376,0 -62.739166999957,-51.5908330001428,0 -62.74666699958231,-51.5933330003177,0 -62.7541670001069,-51.59583299959321,0 -62.7566670002818,-51.5966679607577,0 -62.76095288856491,-51.5976201089808,0 -62.7622224201285,-51.5977788006511,0 -62.76666700008199,-51.59904833221469,0 -62.7680952224165,-51.6019047777832,0 -62.7686665113504,-51.6033330001178,0 -62.7716670004317,-51.6083329995682,0 -62.7746662673343,-51.613332999918,0 -62.77541699979469,-51.6145830000054,0 -62.7766669998821,-51.616665519598,0 -62.779167000057,-51.62083300044259,0 -62.7806672436983,-51.6233329997181,0 -62.7829170003193,-51.6270829999804,0 -62.7866669996823,-51.6333330004176,0 -62.78966626748419,-51.6403325120357,0 -62.7912824787034,-51.64333300021781,0 -62.7934113844278,-51.64658983565239,0 -62.7966670003817,-51.6511113202312,0 -62.7983332597721,-51.6533330000179,0 -62.8019050368879,-51.6580961836919,0 -62.8033308184625,-51.6599955977186,0 -62.8058332593974,-51.6633329998181,0 -62.8060786214312,-51.66392137856871,0 -62.8066670001818,-51.66533495274579,0 -62.8090192948046,-51.67097948461549,0 -62.8099995198619,-51.6733329996182,0 -62.8111103597553,-51.6777763591916,0 -62.8113337477542,-51.678667472226,0 -62.8124995191375,-51.68333300031761,0 -62.8141023025792,-51.6858964764412,0 -62.816666999982,-51.6875004802629,0 -62.8213337484537,-51.6886674729255,0 -62.8222236402088,-51.6888896405445,0 -62.8266669997822,-51.6900004804378,0 -62.8295234453507,-51.69047655454929,0 -62.8346674883139,-51.6913334879501,0 -62.8366669995823,-51.6916679611075,0 -62.84666700028179,-51.6916679611075,0 -62.8478425374032,-51.6921562426165,0 -62.8554914629606,-51.6921562426165,0 -62.8566670000819,-51.6924247972665,0 -62.8572468343739,-51.6927543871052,0 -62.85866651135029,-51.6933330001178,0 -62.8640864339417,-51.69591356605819,0 -62.86666699988211,-51.6964091716459,0 -62.8698676834468,-51.6965336836825,0 -62.872952400333,-51.6970488207464,0 -62.8766669996822,-51.6971562420668,0 -62.88018140454809,-51.69684618370439,0 -62.8834406816421,-51.69655809757809,0 -62.88666700038169,-51.6962748947705,0 -62.8893696366993,-51.6960356364355,0 -62.8944086991021,-51.6955913011976,0 -62.8966670001819,-51.6953911058148,0 -62.89846265402821,-51.6951274335842,0 -62.9059773027103,-51.69402391776951,0 -62.90666699998199,-51.6939213788685,0 -62.90716748798911,-51.6938334881249,0 -62.9100019613214,-51.6933330001178,0 -62.9166669997822,-51.6923076093087,0 -62.9177778396755,-51.69222216022439,0 -62.9245844808891,-51.6912504805252,0 -62.92666699958231,-51.6911113203311,0 -62.9289387284395,-51.69106005088059,0 -62.9342756427067,-51.6909428629227,0 -62.9366670002818,-51.6908891527122,0 -62.9394160236305,-51.6905839767691,0 -62.9433344804019,-51.6900004804378,0 -62.946667000082,-51.68966112486099,0 -62.9510566485454,-51.6889433516543,0 -62.9520905838133,-51.68875780442909,0 -62.9566669998821,-51.6880400312224,0 -62.96066724369831,-51.68733446451391,0 -62.96309522256641,-51.6869047774335,0 -62.9666669996823,-51.6862748949704,0 -62.9766670003817,-51.6862748949704,0 -62.9795795978201,-51.6862455977561,0 -62.9838386305483,-51.6861625894319,0 -62.9866670001819,-51.6861332931169,0 -62.9893598707614,-51.6860258708972,0 -62.9942756424069,-51.6857255782727,0 -62.996666999982,-51.6856254801318,0 -62.99891187328431,-51.68557909399991,0 -63.0045393144377,-51.68546190604211,0 -63.0066669997822,-51.68541796067031,0 -63.0088178786422,-51.6854838791776,0 -63.0145161207224,-51.6854838791776,0 -63.0166669995823,-51.68555468010441,0 -63.0190485914193,-51.6857133708753,0 -63.0239582593661,-51.686042960714,0 -63.02666700028179,-51.68622362462051,0 -63.0297627032861,-51.686428703322,0 -63.0333332600219,-51.6866679607577,0 -63.0404768142535,-51.68714403486929,0 -63.04270825977829,-51.6872929608015,0 -63.04666699988211,-51.6875566330322,0 -63.0510859455599,-51.6877519450961,0 -63.0522224197288,-51.6877788006511,0 -63.0566669996822,-51.6879838793525,0 -63.061372810207,-51.6880400312224,0 -63.061961189857,-51.6880400312224,0 -63.0666670003817,-51.6880961839917,0 -63.07096875810171,-51.6876347580376,0 -63.0726081619371,-51.6873906172831,0 -63.0766670001819,-51.68692430890971,0 -63.0802570874945,-51.68692430890971,0 -63.083333259922,-51.6866679607577,0 -63.08666699998199,-51.6866679607577,0 -63.0903339919201,-51.6869999922558,0 -63.0927778402251,-51.6872221598747,0 -63.0966669997822,-51.6875761645084,0 -63.1007856519362,-51.68745165247171,0 -63.1026045001975,-51.6873954997025,0 -63.10666699958229,-51.6872734293253,0 -63.1102790609299,-51.6869438394866,0 -63.1133332593224,-51.6866655190984,0 -63.1166670002818,-51.6863627848146,0 -63.11913648286239,-51.68580126161889,0 -63.12500073979221,-51.68333300031761,0 -63.12611157968561,-51.6827788012007,0 -63.126667000082,-51.6825004808125,0 -63.12833325947231,-51.6816679613073,0 -63.1327778394257,-51.67944383986131,0 -63.1366669998821,-51.6775004804628,0 -63.1394453204451,-51.67611132018121,0 -63.14500074029189,-51.6733329996182,0 -63.145952888515,-51.6726201097302,0 -63.1466669996822,-51.67208300043011,0 -63.15166577965199,-51.6683330001678,0 -63.1566670003817,-51.66458299990549,0 -63.1575007402669,-51.6641655193232,0 -63.1583332597721,-51.6633329998181,0 -63.1583332597721,-51.6333330004176,0 -63.15857129682789,-51.63142870307221,0 -63.1566670003817,-51.6266655193982,0 -63.1560004957262,-51.6239995034742,0 -63.1558332595972,-51.6233329997181,0 -63.1559260327602,-51.6225932542752,0 -63.1566670003817,-51.6216655199477,0 -63.1599995191625,-51.6200004800381,0 -63.1622224202285,-51.61888964104411,0 -63.1666670001819,-51.616665519598,0 -63.1700007402419,-51.6200004800381,0 -63.1733332599219,-51.6233329997181,0 -63.1753339924697,-51.62466600812969,0 -63.176666999982,-51.6250004803878,0 -63.1966669995823,-51.6250004803878,0 -63.1991669997572,-51.625832999893,0 -63.20666700028179,-51.6283330000679,0 -63.2100007403419,-51.6300004807376,0 -63.2166670000819,-51.6333330004176,0 -63.219999519762,-51.64000048053771,0 -63.2216657791523,-51.64333300021781,0 -63.2231367264787,-51.6468632736211,0 -63.22666699988209,-51.65333544167729,0 -63.2297431723095,-51.66025682829,0 -63.2316657789525,-51.6633329998181,0 -63.23466626713451,-51.6653325119858,0 -63.2366669996823,-51.6666679611574,0 -63.2408772055186,-51.6691240159605,0 -63.2466670003817,-51.6733329996182,0 -63.2535090407096,-51.6764921794705,0 -63.2566670001819,-51.67833299996791,0 -63.2599995198619,-51.68000048063761,0 -63.26666699998199,-51.68333300031761,0 -63.27333325972211,-51.6866655190984,0 -63.2766669997822,-51.6883329997681,0 -63.2799995194622,-51.6900004804378,0 -63.28666699958229,-51.6933330001178,0 -63.2929170000195,-51.6970830003801,0 -63.2966670002818,-51.6993339764818,0 -63.2991669995574,-51.7008329997431,0 -63.3033332600219,-51.703332999918,0 -63.3049995194123,-51.7050004805877,0 -63.306667000082,-51.7066679612574,0 -63.309999519762,-51.71000048003809,0 -63.31333325982211,-51.71333299971809,0 -63.3149995192124,-51.71500048038779,0 -63.3166669998821,-51.7166679610575,0 -63.3199995195621,-51.7200004807376,0 -63.3233332596222,-51.7233330004176,0 -63.3249995199119,-51.725000480188,0 -63.3266669996822,-51.7266679608576,0 -63.3297431721097,-51.7302568277904,0 -63.331665779652,-51.7333330002177,0 -63.33518506603789,-51.7348149336622,0 -63.33666700038171,-51.73533251148611,0 -63.34066846457801,-51.7373344644139,0 -63.3419611896571,-51.7380400311225,0 -63.3466670001819,-51.7400004803379,0 -63.3488886799686,-51.7411113202312,0 -63.353333259922,-51.7433330000179,0 -63.35549024248059,-51.7445097575193,0 -63.356666999982,-51.7450004806876,0 -63.3600007400421,-51.7466679613573,0 -63.3622224198287,-51.7477788003513,0 -63.3666669997822,-51.750000480138,0 -63.369333015706,-51.7506669847935,0 -63.37555616058831,-51.7522221599247,0 -63.3766669995823,-51.7525004803128,0 -63.37729199962601,-51.75270799977429,0 -63.3786665117501,-51.753332999818,0 -63.383908211195,-51.75609178890489,0 -63.38666700028179,-51.7577788010508,0 -63.3899995199619,-51.7600004808375,0 -63.39499951941221,-51.7633329996182,0 -63.3961408768999,-51.7638603440795,0 -63.3966670000819,-51.7641020431747,0 -63.3977790603553,-51.7644438395116,0 -63.4037251052294,-51.7662748942709,0 -63.40666699988209,-51.7671806563621,0 -63.41166700023179,-51.7683329999679,0 -63.4166669996823,-51.7694877852331,0 -63.4197907795208,-51.7702080000991,0 -63.424667488214,-51.7713334881499,0 -63.4266670003817,-51.77179491410399,0 -63.427777840275,-51.7722221604243,0 -63.4299982987824,-51.7733330003177,0 -63.43444410001521,-51.7755546801043,0 -63.4366670001819,-51.7766679607577,0 -63.4413728107066,-51.77862840997309,0 -63.4426679765459,-51.7793339766816,0 -63.446666999982,-51.78133348795011,0 -63.4481477130465,-51.7818510666734,0 -63.45166577905241,-51.7833330001178,0 -63.4553327718899,-51.78466600763011,0 -63.4566669997822,-51.7853325113862,0 -63.45974439258959,-51.7864116133053,0 -63.4626667557661,-51.78733446521329,0 -63.46666699958229,-51.7888896403446,0 -63.4693330155062,-51.7906669839941,0 -63.4733332593224,-51.793332999918,0 -63.4752375566679,-51.7947612222526,0 -63.4766670002818,-51.79583300009279,0 -63.4809528885649,-51.79904833181499,0 -63.4866670000819,-51.8033329997181,0 -63.49111158003539,-51.8088896408442,0 -63.49333325982209,-51.8133330004176,0 -63.4941669997072,-51.81583299969309,0 -63.4966669998821,-51.82333300021781,0 -63.5004170001444,-51.82958299975561,0 -63.50266675586611,-51.8333330000179,0 -63.5052387773476,-51.8347612223525,0 -63.5066669996822,-51.8355546798046,0 -63.5100007406416,-51.8366655196979,0 -63.5125007399172,-51.8375004808624,0 -63.51666700038171,-51.8388896402446,0 -63.5198664626671,-51.8401323162533,0 -63.5266670001819,-51.8433329998181,0 -63.5321211015076,-51.8478788982925,0 -63.536666999982,-51.85166796060789,0 -63.5377778398754,-51.8522221597249,0 -63.539999519662,-51.8533329996182,0 -63.5444440996155,-51.85555467940489,0 -63.54666699978219,-51.85666796095759,0 -63.5511115797356,-51.85888964074429,0 -63.5533344808016,-51.86000048063761,0 -63.5566669995823,-51.8616679613073,0 -63.5577778394756,-51.86222216042431,0 -63.5599995192624,-51.8633330003177,0 -63.5638093343332,-51.8661918866462,0 -63.5666670002818,-51.8683329997681,0 -63.5682673420641,-51.87173387871551,0 -63.5688886800685,-51.8733330001178,0 -63.5699995199618,-51.8766655197979,0 -63.57083325984699,-51.8791655199727,0 -63.5722224201285,-51.883332999918,0 -63.57245679514491,-51.8875444261343,0 -63.5722224201285,-51.888889641044,0 -63.57238111089949,-51.89333299971809,0 -63.57137281080651,-51.8980400315222,0 -63.57144971453269,-51.8985502852674,0 -63.570897957075,-51.9033330004176,0 -63.57106641448339,-51.9077324137199,0 -63.5711836015419,-51.9088163980583,0 -63.57133374785409,-51.9133330002177,0 -63.5718183673238,-51.91818163297589,0 -63.5718525469574,-51.9185185468934,0 -63.5723335034884,-51.9233330000179,0 -63.5727277914544,-51.9272734299248,0 -63.5729633868508,-51.92962938658691,0 -63.5733332600219,-51.933332999818,0 -63.5707075274304,-51.9373735269667,0 -63.5666670002818,-51.94074022628039,0 -63.5651618733218,-51.94182665227819,0 -63.5633332593224,-51.9433329996182,0 -63.5595832599594,-51.9462504803753,0 -63.5566669995823,-51.9485185471931,0 -63.55387159010181,-51.9505375899378,0 -63.55047681485311,-51.9533330003177,0 -63.5483332600718,-51.955000480088,0 -63.54666699978219,-51.9562968672066,0 -63.5425813068817,-51.95924608593799,0 -63.5376191482051,-51.9633330001178,0 -63.5370832601843,-51.9637504807001,0 -63.536666999982,-51.9640239177696,0 -63.5352876054386,-51.9647123946613,0 -63.53053784954209,-51.9672050707574,0 -63.5266670001819,-51.968957999612,0 -63.524167,-51.9708329997431,0 -63.520834480327,-51.9733329999179,0 -63.5182172930936,-51.97488329262979,0 -63.51666700038171,-51.9755546797047,0 -63.5119038167077,-51.978096183592,0 -63.51159497872529,-51.9782597576817,0 -63.5066669996822,-51.9808891523125,0 -63.5050495680831,-51.9817143477389,0 -63.50188550581139,-51.9833329997181,0 -63.4984321370334,-51.9850981368694,0 -63.4966669998821,-51.985999015642,0 -63.49166577915239,-51.9883330000679,0 -63.4866670000819,-51.99066698449369,0 -63.48484937310009,-51.9915141521564,0 -63.4809528885649,-51.9933330004176,0 -63.4784321365338,-51.99509813666959,0 -63.4766670002818,-51.9963334885996,0 -63.4724665601836,-51.9991337813988,0 -63.46833325987199,-52.00166551954811,0 -63.46666699958229,-52.002708000174,0 -63.4662592847382,-52.0029252853736,0 -63.4654170003942,-52.00333300021781,0 -63.4641670003068,-52.0058330003926,0 -63.4626667557661,-52.0093339765817,0 -63.4600007398423,-52.0133330000179,0 -63.4588886795689,-52.0155546798046,0 -63.4566669997822,-52.02000048013801,0 -63.45566724414789,-52.0223320238038,0 -63.45500074039181,-52.02333299981801,0 -63.45333325972211,-52.0266679611574,0 -63.45222241982881,-52.02888719928481,0 -63.4499995196621,-52.0333329996182,0 -63.45333325972211,-52.0366655192983,0 -63.4566669997822,-52.04000048063759,0 -63.4587177814004,-52.0412822186994,0 -63.4659260328601,-52.0425932539754,0 -63.46666699958229,-52.04285692620609,0 -63.4670002523597,-52.0430009688196,0 -63.4699982988823,-52.04333300031769,0 -63.4758332594973,-52.0441655198229,0 -63.4766670002818,-52.0442851485407,0 -63.4783344800522,-52.045000480088,0 -63.4826191488546,-52.04738085154501,0 -63.4866670000819,-52.0484843673596,0 -63.489999519762,-52.0500004804378,0 -63.4961128007651,-52.0527788010008,0 -63.4966669998821,-52.0530302658341,0 -63.4975739823533,-52.0533330001178,0 -63.50436719489011,-52.05563280491,0 -63.5066669996822,-52.0564580003364,0 -63.5114301833563,-52.0580961837918,0 -63.5117878500292,-52.0582109300903,0 -63.51666700038171,-52.06000048023791,0 -63.5249982991322,-52.06333299991801,0 -63.52575635567131,-52.0642436444286,0 -63.5266670001819,-52.0653349528458,0 -63.5298664624672,-52.0701323161534,0 -63.5313728107066,-52.07333299971809,0 -63.53014478285541,-52.07681200367101,0 -63.5284846271638,-52.0815165938157,0 -63.52784253730319,-52.0833330004176,0 -63.5275361409801,-52.0842021403165,0 -63.5266670001819,-52.0866655191983,0 -63.5249995195122,-52.091665519548,0 -63.5244441000152,-52.0933330002177,0 -63.5210419997884,-52.0977079996244,0 -63.51666700038171,-52.1033330000179,0 -63.5106672443978,-52.1073320234541,0 -63.5066669996822,-52.1108329996432,0 -63.5054292069923,-52.112095207128,0 -63.50435865043141,-52.1133329998181,0 -63.5009223714702,-52.1175883714062,0 -63.4966669998821,-52.1228569255067,0 -63.4964448322631,-52.1231108319993,0 -63.4962495192999,-52.1233329996182,0 -63.493332039442,-52.1266679609576,0 -63.4917780837915,-52.1284428629477,0 -63.48749951958709,-52.1333330003177,0 -63.49226636530049,-52.13773241361999,0 -63.4966669998821,-52.14333300011781,0 -63.5001276936381,-52.149871085782,0 -63.5019599687775,-52.153332999918,0 -63.5035896077741,-52.1564091714461,0 -63.5066669996822,-52.1622221598248,0 -63.5070588459889,-52.1629423746908,0 -63.5072724691491,-52.1633329997181,0 -63.5126411213906,-52.1673588787093,0 -63.51666700038171,-52.1703788983674,0 -63.5183552320083,-52.1716459882717,0 -63.5206049886293,-52.1733330004176,0 -63.5244441000152,-52.175554679305,0 -63.5266670001819,-52.1768437423448,0 -63.5310712968028,-52.1789287026974,0 -63.5333357015813,-52.18000048053771,0 -63.536666999982,-52.1815800704638,0 -63.53805493988351,-52.1819438399362,0 -63.5433308180628,-52.18333300021779,0 -63.54598218582921,-52.1840190354501,0 -63.54666699978219,-52.1841801678804,0 -63.5477424396618,-52.1844096604774,0 -63.55418409012361,-52.1858159105758,0 -63.5566669995823,-52.1863334883997,0 -63.5604182211239,-52.1870829995807,0 -63.5624995194372,-52.187500480163,0 -63.5666670002818,-52.1883329996681,0 -63.5710151441336,-52.1876811449688,0 -63.5725483479279,-52.18745165237181,0 -63.576667000082,-52.1868339764068,0 -63.57971143363571,-52.1863774337715,0 -63.58431348398,-52.1856865152205,0 -63.58666699988209,-52.1853325114862,0 -63.58840650185851,-52.1850737225742,0 -63.5960786209316,-52.1839213789684,0 -63.5966669996823,-52.18383348822491,0 -63.5970283283946,-52.1836943280307,0 -63.59797193125961,-52.18333300021779,0 -63.6042573317105,-52.18092333244579,0 -63.6066670003817,-52.18000048053771,0 -63.61111158033519,-52.17777880075101,0 -63.61333326012179,-52.17666796085769,0 -63.6166670001818,-52.17500048018799,0 -63.6178364336045,-52.1745024338402,0 -63.6200007402419,-52.1733330004176,0 -63.6241975174015,-52.17086473821711,0 -63.626666999982,-52.1694121019869,0 -63.6306928789732,-52.1673588787093,0 -63.6356135330381,-52.1643852460822,0 -63.6366669997822,-52.1637773358553,0 -63.6369453201703,-52.1636113201063,0 -63.6374079665044,-52.1633329997181,0 -63.6425007400171,-52.1591655197729,0 -63.6466669995824,-52.1557573167467,0 -63.648012214492,-52.15467821482769,0 -63.6497443923898,-52.153332999918,0 -63.65371656027099,-52.1503813395271,0 -63.6566670002818,-52.1483329995683,0 -63.6596674884637,-52.14633348829981,0 -63.6641669999071,-52.14333300011781,0 -63.6656672444477,-52.1423320232043,0 -63.6666670000819,-52.1416655194481,0 -63.6691670002568,-52.14083299994299,0 -63.6841670004067,-52.13583299959319,0 -63.6866669996822,-52.135000480088,0 -63.6878669515985,-52.13453417171459,0 -63.69166700003201,-52.1333330003177,0 -63.69666700038171,-52.1233329996182,0 -63.70266675546631,-52.119333976182,0 -63.7066670001819,-52.1166655194981,0 -63.7766669996823,-52.1166655194981,0 -63.7791669998571,-52.11583299999289,0 -63.781667000032,-52.1133329998181,0 -63.7826667556662,-52.1093339763819,0 -63.7826667556662,-52.1073320234541,0 -63.7833332594224,-52.1033330000179,0 -63.7841670002069,-52.10083299984301,0 -63.7866670003817,-52.0933330002177,0 -63.7966670001818,-52.07333299971809,0 -63.8013337477542,-52.0680009687696,0 -63.8054182202746,-52.06333299991801,0 -63.806666999982,-52.0626664961618,0 -63.80833325937239,-52.0616679609076,0 -63.8125007402169,-52.0591655199727,0 -63.8166669997822,-52.0566655197978,0 -63.8185188063978,-52.0551860271134,0 -63.8200007398422,-52.0533330001178,0 -63.8222224196289,-52.0488871988851,0 -63.8228571854107,-52.0471440348693,0 -63.8244440994156,-52.04333300031769,0 -63.824999519812,-52.04166551964789,0 -63.8266669995823,-52.0366655192983,0 -63.8277192459464,-52.0343852459823,0 -63.828205085796,-52.0333329996182,0 -63.83226636480079,-52.0289335863159,0 -63.8338093343333,-52.0261918870459,0 -63.8356147539177,-52.02333299981801,0 -63.8359528891145,-52.0226176682708,0 -63.83666700028181,-52.02111132003141,0 -63.8400007403418,-52.02000048013801,0 -63.8425007405167,-52.0191655198728,0 -63.8466670000819,-52.0177763595913,0 -63.85000074014199,-52.0166655196979,0 -63.8550007404917,-52.01500048068759,0 -63.8566669998821,-52.0144438399112,0 -63.85750074066661,-52.0141655195231,0 -63.8600007399422,-52.0133330000179,0 -63.8650007402919,-52.0116655193482,0 -63.8666669996822,-52.0111113202312,0 -63.86784375808291,-52.0121562425165,0 -63.868888679469,-52.0133330000179,0 -63.87666700038171,-52.02111132003141,0 -63.8778437578831,-52.0221562423167,0 -63.8788886792691,-52.02333299981801,0 -63.8866670001819,-52.0311113207308,0 -63.88784375768321,-52.0321562421169,0 -63.8888886799685,-52.0333329996182,0 -63.893333259922,-52.0366655192983,0 -63.89666699998201,-52.0391655194731,0 -63.8996076742547,-52.040391105665,0 -63.90666699978209,-52.04333300031769,0 -63.9145979077672,-52.0454033125128,0 -63.9166669995823,-52.0460600505309,0 -63.9216669999321,-52.0483329997681,0 -63.9266670002818,-52.0511113203311,0 -63.9299995199618,-52.0533330001178,0 -63.933999763778,-52.05599901604171,0 -63.936667000082,-52.05777880045121,0 -63.939999519762,-52.06000048023791,0 -63.9449995192124,-52.06333299991801,0 -63.94592603315989,-52.06407518791959,0 -63.9466669998821,-52.0647636639119,0 -63.9512812576239,-52.0687187419763,0 -63.9566669996822,-52.07333299971809,0 -63.9666670003817,-52.0833330004176,0 -63.9714668044494,-52.08853319525069,0 -63.9752375565679,-52.0933330002177,0 -63.9759528890146,-52.0940483317651,0 -63.97666700018191,-52.0950004808874,0 -63.9799995198619,-52.1000004803379,0 -63.9822224200286,-52.1033330000179,0 -63.98476148225649,-52.105237296464,0 -63.986666999982,-52.1066679613573,0 -63.99047681415361,-52.1095244060265,0 -63.99555493950879,-52.1133329998181,0 -63.9961909256706,-52.1138090739296,0 -63.9966669997822,-52.11416796098259,0 -64.00106641398381,-52.11893358631589,0 -64.00512769298859,-52.1233329996182,0 -64.0059260328601,-52.12407518761979,0 -64.00666699958229,-52.1245829997056,0 -64.0100019609217,-52.1266679609576,0 -64.0120234453257,-52.1279765545743,0 -64.0166670002818,-52.1305546797547,0 -64.0185188068974,-52.13148241408209,0 -64.0222224201286,-52.1333330003177,0 -64.0248066481083,-52.135193351392,0 -64.0266670000819,-52.1364091718457,0 -64.03140332820099,-52.1385966719988,0 -64.0322236403087,-52.13888964054441,0 -64.0366669998821,-52.1406669841939,0 -64.04583448017711,-52.1425004806126,0 -64.0466669996823,-52.1426664963617,0 -64.0472224200786,-52.14277880100081,0 -64.0499995193623,-52.14333300011781,0 -64.05555616048839,-52.14444384001111,0 -64.05666700038169,-52.14466600763011,0 -64.0583344801521,-52.14500048078751,0 -64.0638886796189,-52.14611132068091,0 -64.06666700018189,-52.14666551979791,0 -64.076666999982,-52.14666551979791,0 -64.0802387770979,-52.14690477723369,0 -64.0830952226664,-52.14690477723369,0 -64.0866669997822,-52.1471806559625,0 -64.0914289630762,-52.14809618379179,0 -64.0918391195797,-52.1481621013998,0 -64.0966669995823,-52.1491655199727,0 -64.099607673855,-52.1503911052653,0 -64.1066670002818,-52.153332999918,0 -64.1133332600219,-52.15666796125739,0 -64.116667000082,-52.1583330002677,0 -64.119999519762,-52.1600004800381,0 -64.1266669998821,-52.1633329997181,0 -64.1326667558661,-52.16733446481369,0 -64.13666699968221,-52.1696977464538,0 -64.13901929520431,-52.1709794845156,0 -64.14333203904231,-52.1733330004176,0 -64.14533277159011,-52.1746660079299,0 -64.1466670003817,-52.17555712096431,0 -64.1513337479541,-52.17866747302541,0 -64.1533357008818,-52.18000048053771,0 -64.1566670001819,-52.18222216032441,0 -64.1583332595723,-52.18333300021779,0 -64.163333259922,-52.18666551989781,0 -64.166666999982,-52.1888896404445,0 -64.169999519662,-52.1900004803379,0 -64.17500074039179,-52.1916679610076,0 -64.1766669997822,-52.1922221601246,0 -64.177466560933,-52.192532218487,0 -64.1799995194622,-52.1933330000179,0 -64.18466626793391,-52.1953325112863,0 -64.1866669995823,-52.1961894455864,0 -64.1914289628763,-52.1985722578034,0 -64.19222364070841,-52.19888964024471,0 -64.19666700028181,-52.2008329996432,0 -64.1981477124469,-52.2018510663736,0 -64.200666023718,-52.20333299981801,0 -64.20291699981961,-52.2070830000803,0 -64.20666700008189,-52.2133329996182,0 -64.20999951976199,-52.22000048063759,0 -64.2116670004317,-52.22333300031769,0 -64.21333325982199,-52.2266655190984,0 -64.21666699988209,-52.2333330001178,0 -64.222666755866,-52.237332023554,0 -64.22666699968229,-52.2400004802379,0 -64.23166577965191,-52.243332999918,0 -64.234666267834,-52.24533251208571,0 -64.2366670003817,-52.2466679612573,0 -64.24066602381789,-52.24933397628191,0 -64.2466670001819,-52.2533329997181,0 -64.25266675616579,-52.2573344648137,0 -64.256666999982,-52.2600004807376,0 -64.26166577905239,-52.2633330004176,0 -64.26499951911249,-52.265000480188,0 -64.2666669997821,-52.2660600506308,0 -64.2706660232184,-52.2693339767816,0 -64.275554939309,-52.2733330002177,0 -64.2761909254708,-52.2738090743293,0 -64.2766669995823,-52.2741679613823,0 -64.28000318130169,-52.27667040231721,0 -64.28190503698779,-52.2780961838917,0 -64.2866670002818,-52.2816679610075,0 -64.2876191485049,-52.2823808517948,0 -64.2888886800685,-52.2833330000179,0 -64.2933332600219,-52.2866679613573,0 -64.2966670000819,-52.2891679606328,0 -64.2990473715389,-52.2909526292604,0 -64.3022211995487,-52.2933329998181,0 -64.30476148215671,-52.2952372971635,0 -64.3066669998821,-52.2966679611574,0 -64.3104755936737,-52.2995244058266,0 -64.3155549394089,-52.3033329996182,0 -64.31619092557069,-52.30380907462901,0 -64.3166669996822,-52.3041679607827,0 -64.3200031814017,-52.3066704026169,0 -64.3219050370877,-52.30809618329219,0 -64.3266670003817,-52.3116679613073,0 -64.327575203233,-52.3124247965671,0 -64.3286665116502,-52.3133330003176,0 -64.3330305258381,-52.31697069504149,0 -64.3366670001819,-52.32000048043781,0 -64.3383686604852,-52.32163133981441,0 -64.3403022541457,-52.32333300011781,0 -64.3438667071828,-52.3261332929171,0 -64.34666699998201,-52.3280009689695,0 -64.34999951966201,-52.3300004802379,0 -64.35555615988881,-52.333332999918,0 -64.3561115802852,-52.3338896406943,0 -64.35666699978221,-52.3344438398113,0 -64.36111157973561,-52.33888964104399,0 -64.3655561605883,-52.3433329997181,0 -64.3661115800853,-52.34388964049451,0 -64.36666699958231,-52.34444383961151,0 -64.3704768146532,-52.34952440662601,0 -64.37333325932239,-52.3533330004176,0 -64.37476148255629,-52.3552372968637,0 -64.3766670002818,-52.35777880075099,0 -64.3790473708394,-52.3609526287607,0 -64.38083325984699,-52.36333300021769,0 -64.3833332600219,-52.36666551989779,0 -64.386667000082,-52.3711113202312,0 -64.3883332594723,-52.3733330000179,0 -64.3919050374874,-52.3780961836919,0 -64.3933308181627,-52.3799955977186,0 -64.39583325999691,-52.38333299981801,0 -64.3961909257706,-52.3838090739296,0 -64.3966669998821,-52.38444383971141,0 -64.4004755936736,-52.3895244058266,0 -64.4033332596222,-52.3933329996182,0 -64.4047614828561,-52.3952372969636,0 -64.4066669996823,-52.39777880085089,0 -64.40904737113929,-52.4009526288607,0 -64.4108332601468,-52.4033330003177,0 -64.4133332594224,-52.4066679607577,0 -64.41666700038169,-52.4111113203311,0 -64.4183332597721,-52.4133330001178,0 -64.42190503688791,-52.4180961837918,0 -64.4233308184625,-52.4199955978186,0 -64.42583325939729,-52.423332999918,0 -64.4261909260703,-52.4238090740295,0 -64.42666700018189,-52.4244438398113,0 -64.4306660236181,-52.429333976282,0 -64.43393872848949,-52.4333329997181,0 -64.4345234452008,-52.4354765544994,0 -64.43666699998199,-52.4433354411776,0 -64.4391670001569,-52.4508330000428,0 -64.43999951966209,-52.4533330002178,0 -64.4406660234182,-52.4573320236539,0 -64.4411115799354,-52.4588896404445,0 -64.44166700033171,-52.4633330000179,0 -64.4429170004192,-52.4670830002802,0 -64.4441657792273,-52.4708329996432,0 -64.4449995191125,-52.4733329998181,0 -64.4466669997822,-52.4766679611574,0 -64.4499995194622,-52.4833329996182,0 -64.45499951981201,-52.4933330003176,0 -64.45499951981201,-52.495000480088,0 -64.45500074019201,-52.5016655194481,0 -64.45500074019201,-52.50333300011781,0 -64.45083325934741,-52.5075004800631,0 -64.4466669997822,-52.5116655192483,0 -64.4457783284071,-52.5124443285429,0 -64.4444440996155,-52.513332999918,0 -64.43958325945979,-52.5162504806751,0 -64.43666699998199,-52.5179985271103,0 -64.43333325992199,-52.52000048003811,0 -64.42777784007519,-52.52333299971811,0 -64.4270832594848,-52.5237504803004,0 -64.42666700018189,-52.5239995034743,0 -64.4250007398922,-52.5249980387285,0 -64.420833259947,-52.5275004805627,0 -64.41666700038169,-52.5300004807376,0 -64.4146259845015,-52.5312919845374,0 -64.4111115796356,-52.5333330004176,0 -64.40787915809661,-52.5345439375526,0 -64.4066669996823,-52.535000480188,0 -64.4043147050596,-52.5356865154203,0 -64.4002155843817,-52.5368803636378,0 -64.3966669998821,-52.5379155192857,0 -64.3918525467576,-52.5385185470932,0 -64.3914289624766,-52.5385722582031,0 -64.386667000082,-52.5391655193732,0 -64.3829633868508,-52.5396293869866,0 -64.3800007403419,-52.54000048053769,0 -64.3766670002818,-52.5404155194606,0 -64.374334236236,-52.5409990157919,0 -64.3688899006484,-52.54333300021769,0 -64.3674079672039,-52.5440727456606,0 -64.36666699958231,-52.54444384011109,0 -64.3649995198119,-52.5450004808874,0 -64.36000073984221,-52.54666551989779,0 -64.35666699978221,-52.5477788005511,0 -64.352666755966,-52.54933397658171,0 -64.34888867976871,-52.5511113202312,0 -64.34666699998201,-52.55208299993051,0 -64.3458503499137,-52.5525175703295,0 -64.34444532019531,-52.5533330000179,0 -64.3395832596597,-52.556250480775,0 -64.3366670001819,-52.5580009688696,0 -64.3330305258381,-52.5596977458542,0 -64.32791699956979,-52.5620829997306,0 -64.3266670003817,-52.5626664960619,0 -64.32500074009199,-52.56333299981801,0 -64.3246674882139,-52.56533251198581,0 -64.32380933443319,-52.570476554949,0 -64.3233320390423,-52.5733329996182,0 -64.3266670003817,-52.5766679609576,0 -64.33237989061941,-52.5833330003177,0 -64.3343586500316,-52.5856401291886,0 -64.3366670001819,-52.5883354414274,0 -64.3383332595722,-52.5916655194481,0 -64.3386665114503,-52.5933330001178,0 -64.342455574665,-52.59754442543479,0 -64.34666699998201,-52.603332999918,0 -64.3536164625297,-52.6063847575505,0 -64.35666699978221,-52.6078325113613,0 -64.3602155842818,-52.6097856364979,0 -64.3658332596971,-52.6133329997181,0 -64.3663337477042,-52.6136674728755,0 -64.36666699958231,-52.6138896404944,0 -64.3680012283739,-52.61466600812971,0 -64.3726313555526,-52.6173686444474,0 -64.3766670002818,-52.6197221603494,0 -64.37907422639439,-52.62092577340571,0 -64.3828571859104,-52.6233330004176,0 -64.38526319164291,-52.6247368088566,0 -64.386667000082,-52.625554679305,0 -64.3911115800353,-52.627778800751,0 -64.39187574027321,-52.6281254804065,0 -64.3966669998821,-52.6309990157919,0 -64.3982050860958,-52.63179491400399,0 -64.400351081637,-52.6333330002178,0 -64.4034663161175,-52.6365336837824,0 -64.4066669996823,-52.6400004803378,0 -64.4083332599719,-52.6416655193482,0 -64.4099995193623,-52.6433330000179,0 -64.4133332594224,-52.6466655196979,0 -64.41666700038169,-52.650000480138,0 -64.4183332597721,-52.6516679608077,0 -64.4199995191624,-52.653332999818,0 -64.42333326012179,-52.6566679611574,0 -64.42666700018189,-52.6600004808375,0 -64.4283808669834,-52.6616191328167,0 -64.4301948319259,-52.66333299961821,0 -64.4335236895666,-52.66647753131301,0 -64.43666699998199,-52.6694438398613,0 -64.4386958084647,-52.671304191835,0 -64.4413325271743,-52.6733330003177,0 -64.44424268385271,-52.6757573162471,0 -64.4466669997822,-52.67714403486931,0 -64.4501337972369,-52.6798662035624,0 -64.45533277169,-52.68333300011779,0 -64.4560603106348,-52.6839384686853,0 -64.4566669995824,-52.6842851483409,0 -64.4611140211951,-52.6877812421106,0 -64.4617280351207,-52.6882719652789,0 -64.4666670002818,-52.6916679609076,0 -64.46779370871261,-52.6922075118671,0 -64.4703022542456,-52.693332999918,0 -64.4746381915992,-52.6953618084007,0 -64.4766670000819,-52.6963774334718,0 -64.4816670004317,-52.6983330002677,0 -64.4866669998821,-52.7002910078237,0 -64.4888545000351,-52.7011454995651,0 -64.4944440995155,-52.70333299971811,0 -64.4958332597971,-52.7041655192233,0 -64.4966669996822,-52.7046660081297,0 -64.50100049627579,-52.708999503824,0 -64.5053327715901,-52.7133330004176,0 -64.5060004957263,-52.7139995041737,0 -64.5066670003817,-52.7146660079299,0 -64.5104902423308,-52.7195097573693,0 -64.5131660230934,-52.72333300021769,0 -64.5145124592825,-52.725486320737,0 -64.5166670001819,-52.7291679608327,0 -64.51818189287999,-52.7318193276998,0 -64.5190473707395,-52.7333330000179,0 -64.52083203936709,-52.7374980392031,0 -64.5213337477542,-52.73866747262571,0 -64.523333259922,-52.74333299981799,0 -64.5244440998153,-52.74555467960479,0 -64.526666999982,-52.7511113207308,0 -64.5276191482051,-52.7533329996182,0 -64.5285700760481,-52.75523729696361,0 -64.5307246169475,-52.75927538245291,0 -64.5324995198369,-52.7633330003177,0 -64.5335407791836,-52.76645799963691,0 -64.5346662672344,-52.77133104719,0 -64.5352375570675,-52.7733330001178,0 -64.5354902422808,-52.77450975761919,0 -64.5366669997822,-52.78000292189731,0 -64.53733350353831,-52.7826664961618,0 -64.53749951928729,-52.7833329999179,0 -64.5375361405804,-52.7842021407162,0 -64.5389521564168,-52.79104784398281,0 -64.5390192953042,-52.7933329997181,0 -64.5386420980544,-52.7953080979903,0 -64.5378974683934,-52.802102530907,0 -64.5376923905913,-52.8033330004176,0 -64.53749951928729,-52.8041655199228,0 -64.5366669997822,-52.8077739183316,0 -64.5354755941233,-52.8121415936596,0 -64.535150886704,-52.8133330002178,0 -64.53458325980959,-52.8154179605704,0 -64.5333332597221,-52.8199980386785,0 -64.5324238355915,-52.8233330000179,0 -64.531753669796,-52.828245109624,0 -64.5317146077429,-52.8283793864994,0 -64.53124951974949,-52.833332999818,0 -64.53124951974949,-52.8533330003177,0 -64.5310224688118,-52.8576884691475,0 -64.5308637771416,-52.8591362229583,0 -64.5306196363871,-52.86333300011779,0 -64.5318952716494,-52.8681035078706,0 -64.5321369707445,-52.8688041912604,0 -64.53350781992989,-52.873332999918,0 -64.5346320876007,-52.8753666917194,0 -64.5366669997822,-52.879048331815,0 -64.53797071097949,-52.88202928942011,0 -64.53854077953331,-52.88333299971811,0 -64.5417915112692,-52.8882084880312,0 -64.5466669995823,-52.8924028244307,0 -64.54729688294471,-52.89270311705521,0 -64.54933179512619,-52.8933330004176,0 -64.5544660723513,-52.8955327070688,0 -64.55666700028181,-52.8964775312131,0 -64.5612824784036,-52.8987187424759,0 -64.5630964433461,-52.8997612231019,0 -64.56666700008201,-52.9017192306579,0 -64.5675849686713,-52.9024150316284,0 -64.5688410724575,-52.9033330002177,0 -64.56801831869041,-52.90468553920619,0 -64.56666700008201,-52.9066655198978,0 -64.5640351637917,-52.9107011637277,0 -64.5629633868508,-52.9133330000179,0 -64.5607148515091,-52.9173808512452,0 -64.5583332596722,-52.92166551914829,0 -64.5574079670041,-52.92333299981809,0 -64.5571430743933,-52.9238090739296,0 -64.55666700028181,-52.9246660082297,0 -64.5535712972775,-52.9302372966139,0 -64.55185132587791,-52.9333329996182,0 -64.5492597738195,-52.9359257738553,0 -64.5466669995823,-52.9385185471932,0 -64.5443452225539,-52.9410112223899,0 -64.5424726640821,-52.9433330003177,0 -64.5400629963102,-52.94672899594641,0 -64.5366669997822,-52.9519047777832,0 -64.5360419997385,-52.9527080000741,0 -64.5355549395088,-52.9533330001178,0 -64.5316657790524,-52.9583329995682,0 -64.5277778398754,-52.963332999918,0 -64.5271076740798,-52.9637748943958,0 -64.526666999982,-52.9639702073591,0 -64.5253620684047,-52.9646367111153,0 -64.52046949027471,-52.9671367112902,0 -64.5166670001819,-52.9690776290293,0 -64.5138508379458,-52.970515617102,0 -64.5083344801521,-52.9733329997181,0 -64.5071430744932,-52.9738090738297,0 -64.5066670003817,-52.9739995034743,0 -64.5056135336376,-52.97438524608219,0 -64.499838386932,-52.9765043869679,0 -64.4966669996822,-52.9776664963117,0 -64.492307868813,-52.9789750899284,0 -64.49047559367369,-52.979524406626,0 -64.47778028163459,-52.9833330004176,0 -64.47692334733451,-52.9835893476702,0 -64.4766670000819,-52.9836674726757,0 -64.47618970469109,-52.98380907452909,0 -64.46923169768471,-52.98589647654111,0 -64.4666670002818,-52.9866679608577,0 -64.4622224203284,-52.9888896406443,0 -64.4599995192623,-52.9900004805377,0 -64.4566669995824,-52.99166551954811,0 -64.4555244217146,-52.99219042145069,0 -64.4533344808016,-52.9933330002177,0 -64.449166999957,-52.9958330003926,0 -64.4466669997822,-52.99733202365389,0 -64.4427961504219,-52.9994609293784,0 -64.436665779602,-53.0033330000179,0 -64.43249951913749,-53.00916551987279,0 -64.42952344575041,-53.013332999818,0 -64.4283332595722,-53.0150004804877,0 -64.42666700018189,-53.01733202325419,0 -64.4244978102257,-53.0211650309414,0 -64.4235627518195,-53.02333299961821,0 -64.4222211989492,-53.02777880085091,0 -64.4219465406003,-53.0286113203561,0 -64.4206342849442,-53.0333330003177,0 -64.42179517390809,-53.0382060469714,0 -64.4218745192936,-53.03854051922949,0 -64.42301587678119,-53.04333300011779,0 -64.42363965644491,-53.0463603438548,0 -64.42492749820541,-53.0515922775615,0 -64.425310799154,-53.053332999918,0 -64.4254548417675,-53.0545463787124,0 -64.42666700018189,-53.060608390265,0 -64.42712110115789,-53.06287889874221,0 -64.427232185417,-53.06333299971809,0 -64.4273042067237,-53.06397020715929,0 -64.42666700018189,-53.0666630777388,0 -64.42566602326831,-53.072332023504,0 -64.4254902417812,-53.0733330004176,0 -64.4254548417675,-53.074546379212,0 -64.42666700018189,-53.0783354415274,0 -64.4283808669834,-53.0816191325169,0 -64.42927442167721,-53.0833330002177,0 -64.4318098218657,-53.08819139871411,0 -64.4321198811276,-53.0887846598841,0 -64.4344929276065,-53.0933330000179,0 -64.4350275961466,-53.0949736251326,0 -64.43666699998199,-53.09888964024459,0 -64.43857129642819,-53.1033329998181,0 -64.4390900955315,-53.1057573166468,0 -64.4401753011492,-53.1098246993503,0 -64.4408332595473,-53.1133329996182,0 -64.44200025220979,-53.1180009684699,0 -64.44222241982879,-53.1188871990849,0 -64.4433332597221,-53.1233330003176,0 -64.4439997634782,-53.1259990153422,0 -64.4455549395088,-53.1322221602245,0 -64.445833259897,-53.1333330001178,0 -64.4402155835823,-53.136880363338,0 -64.43666699998199,-53.1392778246119,0 -64.4338093340335,-53.14047655434941,0 -64.42666700018189,-53.143332999918,0 -64.4189582598158,-53.1456254806314,0 -64.41666700038169,-53.1462285075395,0 -64.412515388974,-53.14748339094571,0 -64.41122144351471,-53.1478886641305,0 -64.4066669996823,-53.1492314373809,0 -64.4033332596222,-53.1500004800381,0 -64.3989997639279,-53.1509990152923,0 -64.3966669998821,-53.15153856625179,0 -64.3950007404918,-53.15166551994781,0 -64.3877778399753,-53.1522221598248,0 -64.386667000082,-53.1523076098083,0 -64.3855561601886,-53.1522221598248,0 -64.37907422639439,-53.1509257736055,0 -64.3766670002818,-53.1507841717521,0 -64.37357251765749,-53.1502372967138,0 -64.3703339924198,-53.14966600777999,0 -64.36666699958231,-53.1490190355,0 -64.3634785234151,-53.1501445235509,0 -64.3578791581966,-53.1521220625831,0 -64.35666699978221,-53.1525493089034,0 -64.3560749589921,-53.15273973854809,0 -64.35444531999551,-53.1533329997181,0 -64.3486958084648,-53.15536180820079,0 -64.34666699998201,-53.1560795823069,0 -64.3426081617372,-53.1573906175829,0 -64.3411628495858,-53.1578300704014,0 -64.3366670001819,-53.1593754806938,0 -64.33426221482929,-53.160928215065,0 -64.3309101636731,-53.1633330004176,0 -64.3292841876151,-53.16595018765099,0 -64.3266670003817,-53.1711088787717,0 -64.3260603105348,-53.1727275316502,0 -64.3258332595972,-53.17333300021771,0 -64.32564038829329,-53.1743583910269,0 -64.3243855057864,-53.1810527267019,0 -64.3239582594661,-53.1833330000179,0 -64.3233332594223,-53.18666796135729,0 -64.32280713713961,-53.1894731365759,0 -64.3220832593349,-53.193332999818,0 -64.3217780842911,-53.1982231362887,0 -64.32176465651369,-53.1984306566495,0 -64.3214582601905,-53.2033329996182,0 -64.32228101395761,-53.2077202073216,0 -64.3225642167652,-53.20922899632109,0 -64.3233332594223,-53.2133330003177,0 -64.32375684370329,-53.2162431560967,0 -64.3247749104337,-53.2214409101698,0 -64.32507520305811,-53.22333300011779,0 -64.32520825955351,-53.224792961326,0 -64.3261396559204,-53.2328056563559,0 -64.3261897049908,-53.233332999918,0 -64.32599927534621,-53.2339995036741,0 -64.3240742261446,-53.2407402263803,0 -64.3233332594223,-53.24333299971809,0 -64.32207593525619,-53.2479228435643,0 -64.32189649262899,-53.24856249176549,0 -64.32061963698661,-53.2533330004176,0 -64.31987378694571,-53.256541008061,0 -64.3189521563169,-53.2610478435831,0 -64.31844434333171,-53.2633330002178,0 -64.31791699976969,-53.2645830003052,0 -64.3166669996822,-53.2675419847747,0 -64.31494824956199,-53.2716142498977,0 -64.3142219318966,-53.2733330000179,0 -64.31148999836471,-53.2781547772212,0 -64.31090894369279,-53.2790898356274,0 -64.30833326017181,-53.2833329998181,0 -64.3076814045731,-53.2843486248891,0 -64.3066669998821,-53.2859257731558,0 -64.3037678302211,-53.2904350503372,0 -64.3019050374875,-53.2933329996182,0 -64.2996198808528,-53.2962871016684,0 -64.2966670000819,-53.30020800009909,0 -64.2953156814735,-53.3019804613292,0 -64.2942866286249,-53.3033330003177,0 -64.2904768144534,-53.3071415941092,0 -64.2866670002818,-53.3109526286609,0 -64.2854768141037,-53.3121415935597,0 -64.2842866288248,-53.3133330001178,0 -64.2804768146532,-53.3171415939094,0 -64.2766669995823,-53.32095262846101,0 -64.2754768143035,-53.3221415933598,0 -64.2742866290247,-53.323332999918,0 -64.2704768148531,-53.32714159370951,0 -64.2666669997821,-53.3309526291605,0 -64.265574470985,-53.3322392496416,0 -64.2644453199955,-53.3333329997181,0 -64.2611543049272,-53.33782030466331,0 -64.25833325937241,-53.3416655197479,0 -64.25711133611919,-53.3433330004176,0 -64.256666999982,-53.3439384689851,0 -64.2524775469012,-53.349143547137,0 -64.24828931420051,-53.35333300021771,0 -64.2474165113629,-53.35408251139879,0 -64.2466670001819,-53.35466600773,0 -64.2366670003817,-53.3619999925056,0 -64.2359528883151,-53.36261766757129,0 -64.235128914168,-53.3633330000179,0 -64.230595223091,-53.3672612225274,0 -64.22666699968229,-53.3706669847934,0 -64.2252876051388,-53.3719536052746,0 -64.2238093337337,-53.373332999818,0 -64.2201154862407,-53.3767802657966,0 -64.21666699988209,-53.3800004808375,0 -64.2148493729002,-53.3815141522563,0 -64.21212232268699,-53.38333299961819,0 -64.20873609189709,-53.38540331271269,0 -64.20666700008189,-53.38666551929819,0 -64.2025288164517,-53.38919481668741,0 -64.1980952226164,-53.3919047770838,0 -64.19666700028181,-53.3927788012007,0 -64.19575879653119,-53.3933330003177,0 -64.19000074054171,-53.3966655190984,0 -64.1866669995823,-53.3985966719987,0 -64.18366773267969,-53.4003325119359,0 -64.17848584804339,-53.4033330001178,0 -64.17728833778651,-53.4039555585022,0 -64.1766669997822,-53.4042705001834,0 -64.1748481524203,-53.4051518474797,0 -64.1705842363734,-53.4072514568892,0 -64.166666999982,-53.4090898357273,0 -64.1637507405042,-53.4104155191608,0 -64.15690503723761,-53.4130961832422,0 -64.1566670001819,-53.4131938397239,0 -64.1565730057396,-53.413240226755,0 -64.15636426589811,-53.413332999918,0 -64.1498042070984,-53.4164702066347,0 -64.1466670003817,-53.4177763594914,0 -64.1429108964207,-53.4195781170365,0 -64.13839551554059,-53.4216044847591,0 -64.13666699968221,-53.4224003829713,0 -64.13610669686651,-53.4227739181817,0 -64.1352668532826,-53.42333299971809,0 -64.1297944417601,-53.42646044159609,0 -64.1266669998821,-53.4275078046414,0 -64.1218671949151,-53.4285331954505,0 -64.121404548581,-53.42859667229861,0 -64.116667000082,-53.429487785333,0 -64.1132575757765,-53.4299247964921,0 -64.10960767365511,-53.4303911057649,0 -64.1066670002818,-53.43076952339479,0 -64.1043049390217,-53.4309697187775,0 -64.0985358969141,-53.4314628827058,0 -64.0966669995823,-53.4316240160355,0 -64.076666999982,-53.4316240160355,0 -64.075263191543,-53.4319291910793,0 -64.0680708086209,-53.4319291910793,0 -64.06666700018189,-53.4321415938594,0 -64.06566480288831,-53.4323295818447,0 -64.0592597737195,-53.4333330004176,0 -64.05718579858571,-53.4338505782416,0 -64.05666700038169,-53.4339995041738,0 -64.0557697836485,-53.4342314375308,0 -64.0492426832032,-53.4359086839386,0 -64.0466669996823,-53.43657030437599,0 -64.042307868813,-53.43769091000749,0 -64.0412885817026,-53.4379545822381,0 -64.0366669998821,-53.43914354713689,0 -64.0340791089637,-53.4407451092993,0 -64.0298969808609,-53.4433330002178,0 -64.02790235201191,-53.4445683512484,0 -64.0266670000819,-53.44533251148621,0 -64.0222919997759,-53.4489579997119,0 -64.01733350403789,-53.4533330000179,0 -64.01699536884119,-53.4536601481972,0 -64.0166670002818,-53.4540214769096,0 -64.0123811110993,-53.459048331915,0 -64.0087263265587,-53.463332999818,0 -64.0084321367337,-53.4650981369694,0 -64.00713697089451,-53.4728618088254,0 -64.00705884588901,-53.4733329996182,0 -64.0071345292351,-53.4737993088909,0 -64.0083112867364,-53.48168749188421,0 -64.0085859450853,-53.4833330003176,0 -64.0089277423214,-53.4855937421574,0 -64.0096491775674,-53.490352043412,0 -64.0101008377834,-53.4933330001178,0 -64.0112605054679,-53.4979277263834,0 -64.01142408045691,-53.4985746995627,0 -64.0126264722339,-53.503332999918,0 -64.0136591871217,-53.5063408121787,0 -64.0166670002818,-53.5122221598248,0 -64.01701367993731,-53.5129863200626,0 -64.01717115032829,-53.5133329997181,0 -64.017434822559,-53.5141020432746,0 -64.0191889726929,-53.5208110271072,0 -64.02030225424561,-53.5233330004176,0 -64.02137158952721,-53.52803758966299,0 -64.02145703951069,-53.5285429609888,0 -64.0227265701751,-53.53333300021771,0 -64.0209675367224,-53.5376347579377,0 -64.0199995199619,-53.5400004803379,0 -64.0186359939559,-53.5433330000179,0 -64.0181965411374,-53.54486132049351,0 -64.016983162343,-53.5530156173768,0 -64.0169099197569,-53.55333299981811,0 -64.01692578919371,-53.55359178873001,0 -64.01859937266291,-53.5614018476171,0 -64.0186836013671,-53.56333299961819,0 -64.0178230059269,-53.5644877848833,0 -64.0166670002818,-53.5660380784945,0 -64.0135517658013,-53.5702177658372,0 -64.01122876749361,-53.5733330003177,0 -64.00882032010171,-53.5754863199377,0 -64.00666699958229,-53.5777788006511,0 -64.00423291791481,-53.5808989175509,0 -64.0023335038881,-53.5833330001178,0 -63.9966669997822,-53.5905986247267,0 -63.9955891191425,-53.59225633965831,0 -63.9948896561327,-53.5933329999179,0 -63.99333325972209,-53.596665519598,0 -63.9922724688993,-53.59893846883519,0 -63.9902229085603,-53.6033329997181,0 -63.989899421521,-53.6065654221565,0 -63.9895063557337,-53.61049364466601,0 -63.9892219316468,-53.6133330004176,0 -63.989049812199,-53.6157158126346,0 -63.9888142168026,-53.62118700377721,0 -63.9886665121498,-53.6233330002178,0 -63.988688484386,-53.6253544846217,0 -63.9890253983035,-53.6309746016965,0 -63.989047371439,-53.6333330000179,0 -63.9895405353674,-53.6362065354032,0 -63.9901630937517,-53.6398369060483,0 -63.9916096271825,-53.6482744066385,0 -63.99162549572,-53.6483745038802,0 -63.99247632632141,-53.6533329996182,0 -63.9930232013596,-53.6569780193201,0 -63.9935981523328,-53.66026415196901,0 -63.99407910976301,-53.6633330003177,0 -63.9944257894186,-53.66557421068119,0 -63.99543164875161,-53.6720976481879,0 -63.9956220783961,-53.67333300011781,0 -63.99576978304901,-53.674231437231,0 -63.9966669997822,-53.67970018761351,0 -63.9972175368598,-53.6827836832204,0 -63.9973151933415,-53.683332999918,0 -63.9974555739155,-53.68412157405129,0 -63.9987312091779,-53.6912700116017,0 -63.9990986406897,-53.6933329997181,0 -63.9992231527263,-53.6958891526622,0 -63.9993293536667,-53.7006694261531,0 -63.99946729258149,-53.7033330004176,0 -63.99905713697719,-53.7057231367133,0 -63.9979768146782,-53.7120219649417,0 -63.9977522053999,-53.71333300021771,0 -63.9975935137296,-53.7142607345452,0 -63.9966669997822,-53.71966356642039,0 -63.9961176839839,-53.7227836833203,0 -63.9959956136066,-53.7233330000179,0 -63.9956477126718,-53.7243510667483,0 -63.9938837967998,-53.7305497968356,0 -63.9927534254302,-53.73333299981811,0 -63.9894123612914,-53.7360771407474,0 -63.986666999982,-53.7379985270103,0 -63.9836482016032,-53.7403129808594,0 -63.9797102124563,-53.74333299961819,0 -63.97803907064661,-53.7447050700829,0 -63.97666700018191,-53.745666984044,0 -63.9723274007888,-53.7489946213047,0 -63.9666645587224,-53.7533354410777,0 -63.9610944898188,-53.7577617108342,0 -63.9566669996822,-53.7610698166187,0 -63.9553425375281,-53.7620073166843,0 -63.9534101642477,-53.7633330001178,0 -63.9492622148793,-53.765928215115,0 -63.9466669998821,-53.7675517504129,0 -63.9431098709238,-53.76977587095961,0 -63.937425056621,-53.773332999918,0 -63.9369526445489,-53.7736186443849,0 -63.936667000082,-53.77378954255331,0 -63.9349714434773,-53.7750297769026,0 -63.9311530839476,-53.7778178632038,0 -63.9266670002818,-53.78109667177389,0 -63.9254206622338,-53.7820854412901,0 -63.92385083804571,-53.7833329997181,0 -63.9198969803613,-53.78656298049711,0 -63.9166669995823,-53.78937059737509,0 -63.9145808179504,-53.7912455975063,0 -63.9122578205419,-53.7933330004176,0 -63.909655281466,-53.79632128120209,0 -63.90666699978209,-53.7997514573638,0 -63.90502881632679,-53.8016948167623,0 -63.9035651930791,-53.8033330002177,0 -63.9015070882814,-53.80817430889721,0 -63.90125928548759,-53.8087407145123,0 -63.8992756427567,-53.81333300001791,0 -63.8984785232652,-53.8151445233011,0 -63.89666699998201,-53.8192582930358,0 -63.895484138782,-53.8221489182379,0 -63.89499951931231,-53.823332999818,0 -63.8938459553265,-53.8261528240935,0 -63.89258130708159,-53.8292460863378,0 -63.8909089430932,-53.8333329996182,0 -63.89055615973891,-53.8372221600746,0 -63.89028760508889,-53.8397123945114,0 -63.88994825041139,-53.8433330003177,0 -63.8897321855919,-53.84639940610769,0 -63.88940137537309,-53.85059862492649,0 -63.8892060624098,-53.85333300011781,0 -63.8890546957176,-53.8557206956535,0 -63.88870069108399,-53.8612993090159,0 -63.888571296628,-53.863332999918,0 -63.8887714920107,-53.8654374917468,0 -63.88927564295649,-53.8707255782228,0 -63.8895234457504,-53.87333299971811,0 -63.89012769303861,-53.8767949138542,0 -63.89058545695331,-53.8794145427469,0 -63.8912702718056,-53.8833330004176,0 -63.892289558916,-53.8877104414836,0 -63.8925349200505,-53.8891996990068,0 -63.89339673676989,-53.89333300021779,0 -63.89404859146929,-53.8959526291105,0 -63.8953681721034,-53.9020341721393,0 -63.8956757888066,-53.9033330000179,0 -63.89583326009679,-53.9041655195231,0 -63.89666699998201,-53.9085722578034,0 -63.8976276935632,-53.9123710858569,0 -63.8978718343176,-53.9133329998181,0 -63.8982795491618,-53.91494432771851,0 -63.89964795668781,-53.9203520429124,0 -63.90040113080751,-53.9233329996182,0 -63.9015681234701,-53.9282329027262,0 -63.90160230310381,-53.9283989175759,0 -63.9028754958074,-53.9333330003176,0 -63.90034864097701,-53.93701464041331,0 -63.89666699998201,-53.9423808518948,0 -63.89633374810391,-53.9429985269604,0 -63.89615430457749,-53.9433330001178,0 -63.8955549397087,-53.9444438400112,0 -63.8928339922949,-53.9494999922308,0 -63.89076978289909,-53.953332999918,0 -63.8889558179566,-53.955623038972,0 -63.8866670001819,-53.95725389834869,0 -63.882533698971,-53.9591996994066,0 -63.8792585524402,-53.96074022638031,0 -63.87666700038171,-53.9619609292535,0 -63.87573438273551,-53.9624003829713,0 -63.873751961284,-53.9633329997181,0 -63.86952466563079,-53.9661894452866,0 -63.8666669996822,-53.96724169165069,0 -63.8625105058551,-53.96917772697049,0 -63.8602033769842,-53.9697954020361,0 -63.8566669998821,-53.9710527262023,0 -63.8551191488296,-53.9717851484658,0 -63.85185376713761,-53.9733330004176,0 -63.8484113844778,-53.9750786051935,0 -63.8466670000819,-53.9756669839441,0 -63.8424238358913,-53.9775761637089,0 -63.8413801348853,-53.9780449137417,0 -63.83666700028181,-53.98016649628679,0 -63.8344184649401,-53.9810844648761,0 -63.8289130941639,-53.9833330002177,0 -63.827317634801,-53.98398485581641,0 -63.8266669995823,-53.9842509688071,0 -63.8253571855856,-53.9846440354938,0 -63.819915290758,-53.9865825115736,0 -63.8166669997822,-53.9874101486594,0 -63.811687752188,-53.9883110274319,0 -63.811652351275,-53.9883183515107,0 -63.806666999982,-53.98921923028319,0 -63.8032148515841,-53.9898808516199,0 -63.7993855059363,-53.9906132738835,0 -63.7966670001818,-53.9911357341268,0 -63.79485425561939,-53.99152147673469,0 -63.7867561115053,-53.99324266761501,0 -63.7863349688837,-53.99333300001791,0 -63.77863355259629,-53.9952983316526,0 -63.7766669996823,-53.9958012613191,0 -63.7734626540782,-53.99653856600199,0 -63.77049390387051,-53.9971611252857,0 -63.7666669998821,-53.9980864179538,0 -63.7624885329194,-53.9991557541347,0 -63.759896980861,-54.0001030199384,0 -63.756667000082,-54.00108690613579,0 -63.7550642166402,-54.0017289959963,0 -63.7510676348634,-54.003332999818,0 -63.7481953207574,-54.0048613202936,0 -63.7466670002818,-54.0056743083226,0 -63.7435236898664,-54.0064750898535,0 -63.7409028396942,-54.00756883993,0 -63.7366669995823,-54.00826464090041,0 -63.73232251776991,-54.0089897381858,0 -63.7308186111899,-54.0091801678304,0 -63.7266669997822,-54.00982958176969,0 -63.7240131912557,-54.0106791910918,0 -63.71783155098521,-54.01216844951429,0 -63.71666699998201,-54.012500480113,0 -63.7160456619777,-54.0127104412338,0 -63.7142231525764,-54.0133329996182,0 -63.7086726151491,-54.01533983586471,0 -63.7066670001819,-54.0159086840385,0 -63.7028034749004,-54.017197746179,0 -63.7010993729377,-54.0177641526935,0 -63.69666700038171,-54.0192412028192,0 -63.69358106221619,-54.02024706215221,0 -63.68781690252801,-54.02218309747201,0 -63.6866669996822,-54.02256395676109,0 -63.6860993727878,-54.02276415214381,0 -63.6845832597097,-54.0233330003177,0 -63.6788508379958,-54.0255180588113,0 -63.6766669998821,-54.0263481366571,0 -63.6717951736084,-54.0282060469714,0 -63.6716096272824,-54.0282744062388,0 -63.6666670000819,-54.0301591721081,0 -63.66461621846369,-54.0312822184995,0 -63.6608698811401,-54.03333300011781,0 -63.6587019124632,-54.0353691326793,0 -63.6566670002818,-54.0372783124441,0 -63.6535444417225,-54.0402104413587,0 -63.6502180257413,-54.043332999918,0 -63.6483173904352,-54.0449833907708,0 -63.6466669995824,-54.0461992112246,0 -63.642294441835,-54.04896044107149,0 -63.6393330157061,-54.0506669846935,0 -63.6366669997822,-54.05223924964159,0 -63.6360029376854,-54.05266893762129,0 -63.6349726644569,-54.05333299971811,0 -63.6299226150366,-54.0565898360521,0 -63.626666999982,-54.0586894454615,0 -63.6239167562533,-54.0605815354095,0 -63.6199213948564,-54.0633330004176,0 -63.6187067947827,-54.0653740153984,0 -63.6166670001818,-54.0687993082415,0 -63.6149751056166,-54.0716411056525,0 -63.6139680250043,-54.07333300021779,0 -63.6136030351519,-54.0763969652477,0 -63.6130720295505,-54.07973680900649,0 -63.61268140452321,-54.0833330000179,0 -63.612403084135,-54.08759813644479,0 -63.6123127517321,-54.08897997264759,0 -63.6120283285445,-54.0933329998181,0 -63.6107331618059,-54.0973979417616,0 -63.60985791820831,-54.1001420817916,0 -63.608841071858,-54.1033329996182,0 -63.6078571856606,-54.1045244061764,0 -63.6066670003817,-54.1059648359084,0 -63.6031953205076,-54.1098613204435,0 -63.60010449992271,-54.1133330003177,0 -63.5984846266642,-54.11515184767961,0 -63.5966669996823,-54.1171928635598,0 -63.5935493244417,-54.120215323978,0 -63.5904719316343,-54.1233330001178,0 -63.58864820095371,-54.1253154215694,0 -63.58666699988209,-54.1276762615502,0 -63.5841438061917,-54.1308110275069,0 -63.5821137773289,-54.133332999918,0 -63.578856940995,-54.1355229417304,0 -63.576667000082,-54.13699510943669,0 -63.57287671648731,-54.1395414957434,0 -63.5672358475563,-54.1433329997181,0 -63.5666670002818,-54.1437163006667,0 -63.5660188067225,-54.1439824136574,0 -63.5598457109108,-54.1465117110466,0 -63.5566669995823,-54.1478129805845,0 -63.5527375566929,-54.14940233624881,0 -63.5491889730926,-54.1508110271072,0 -63.54666699978219,-54.15181932809951,0 -63.5455793534044,-54.1522465744198,0 -63.5427790606051,-54.15333300041759,0 -63.5383723223248,-54.1550395431404,0 -63.536666999982,-54.1556987228178,0 -63.5332294997416,-54.15677049975869,0 -63.5308479079046,-54.1575126877603,0 -63.5266670001819,-54.1588163980583,0 -63.52312329900101,-54.15978807775749,0 -63.5191108477874,-54.1608891519128,0 -63.51666700038171,-54.1615580973283,0 -63.5152985919564,-54.1619633714124,0 -63.51019849436501,-54.1633330002177,0 -63.5074262775006,-54.1640922771368,0 -63.5066669996822,-54.1643022382577,0 -63.5053571856855,-54.1646415938345,0 -63.49966504730409,-54.16633104674041,0 -63.4966669998821,-54.1670414958683,0 -63.4926667560659,-54.167334464414,0 -63.4908039633322,-54.1674687421886,0 -63.4866670000819,-54.1677714764724,0 -63.48187696085301,-54.1681230394467,0 -63.4814863358257,-54.1681523357616,0 -63.4766670002818,-54.1685038987359,0 -63.47222852312779,-54.1688945237632,0 -63.4709760822804,-54.1690239182192,0 -63.46666699958229,-54.1694145432465,0 -63.463275886373,-54.1699418868086,0 -63.4593537675623,-54.1706450118577,0 -63.4566669997822,-54.1710820230169,0 -63.4546955644487,-54.17136034340509,0 -63.4476423417207,-54.1723588786593,0 -63.446666999982,-54.1724955980933,0 -63.4459333573385,-54.1726005777544,0 -63.4407441486235,-54.17333300001791,0 -63.437240730775,-54.17390673061109,0 -63.4366670001819,-54.173999503774,0 -63.4356281815953,-54.17437059732519,0 -63.429791999701,-54.1764580002365,0 -63.4266670003817,-54.1775761642086,0 -63.4227082593786,-54.1793754800943,0 -63.4188886794689,-54.1811113200313,0 -63.4166669996823,-54.182122062683,0 -63.4158173903602,-54.182483390496,0 -63.4136372151853,-54.183332999818,0 -63.4085835037256,-54.1852495036616,0 -63.40666699988209,-54.1859770426064,0 -63.40215650232071,-54.1878422769994,0 -63.40146436338959,-54.18813036312571,0 -63.3966670000819,-54.1901152262367,0 -63.39449658974581,-54.1911625901814,0 -63.3900007403419,-54.19333299961821,0 -63.38792310316861,-54.1945878830243,0 -63.38666700028179,-54.1953471599434,0 -63.3816889730676,-54.1983549731035,0 -63.3815754471492,-54.19842333237091,0 -63.3766669995823,-54.2013896409192,0 -63.37545362078789,-54.2021196215233,0 -63.3734138261871,-54.2033330003177,0 -63.3703034750253,-54.2069682542815,0 -63.3666669997822,-54.21111132033109,0 -63.3656916580435,-54.21235643709991,0 -63.3650507894623,-54.21333300011779,0 -63.3615205160589,-54.21818651529539,0 -63.36074048638431,-54.2192582931357,0 -63.3577778398754,-54.2233329999179,0 -63.3573103102226,-54.2239750897785,0 -63.356666999982,-54.22486132039361,0 -63.3531001052856,-54.2297661050217,0 -63.3505048902884,-54.23333299971811,0 -63.3487434160758,-54.235408195232,0 -63.3466670001819,-54.23785692595629,0 -63.3441535722295,-54.2408183511859,0 -63.34201978318639,-54.2433330004176,0 -63.3395625080033,-54.2462285080392,0 -63.33666700038171,-54.2496415934847,0 -63.33481031044741,-54.2514775315628,0 -63.3329316482769,-54.2533330002178,0 -63.3298188554558,-54.256484855092,0 -63.3266669996822,-54.2598320238288,0 -63.3249494708414,-54.2616142498977,0 -63.3234480059207,-54.2633330000179,0 -63.3206269612652,-54.2672929605017,0 -63.3166669998821,-54.2728496016278,0 -63.3164655841194,-54.2731328044354,0 -63.3163215406066,-54.273332999818,0 -63.3156672442479,-54.2743339767316,0 -63.3125007403169,-54.27916551967301,0 -63.309770027165,-54.2833329996182,0 -63.30854200021311,-54.2852079997493,0 -63.306667000082,-54.2880693277372,0 -63.3046674879142,-54.2913334881499,0 -63.3034406813423,-54.2933330003177,0 -63.3033698804156,-54.29662889870469,0 -63.30353345540459,-54.3002006758205,0 -63.3034565507792,-54.3033330001178,0 -63.3054108962958,-54.304590324284,0 -63.306667000082,-54.3053959882342,0 -63.31136182448859,-54.30863817551139,0 -63.3133357014814,-54.3100004802379,0 -63.3166669998821,-54.3123027266894,0 -63.31720777122159,-54.3127910081984,0 -63.3175886305108,-54.313332999918,0 -63.31824170738881,-54.3149077074247,0 -63.32041944180381,-54.3195805586958,0 -63.32172559376111,-54.3233329997181,0 -63.3227692947671,-54.3272294842533,0 -63.3235761799967,-54.3302421798327,0 -63.3244050374624,-54.3333330004176,0 -63.3254560625472,-54.33454393755261,0 -63.3266669996822,-54.33585008951,0 -63.33048413883191,-54.33951464068811,0 -63.3345686113523,-54.3433330002177,0 -63.33571118922,-54.3442900308602,0 -63.33666700038171,-54.3450883707317,0 -63.341128670152,-54.3488725506277,0 -63.3458820880879,-54.3533330000179,0 -63.3462959066308,-54.353704093569,0 -63.3466670001819,-54.3540361250671,0 -63.3512873616224,-54.3579521401791,0 -63.3516999588859,-54.358301261494,0 -63.356666999982,-54.3629472581094,0 -63.3568842851816,-54.3631157146185,0 -63.35710401204049,-54.3633329998181,0 -63.3618330151814,-54.3681669844187,0 -63.3666669997822,-54.37236864489701,0 -63.3671674886886,-54.37283251161111,0 -63.3676057211271,-54.37333299961821,0 -63.3722553788826,-54.3777446212172,0 -63.3766669995823,-54.3818779215288,0 -63.3774116292432,-54.3825883706567,0 -63.3782099691147,-54.3833330003177,0 -63.3825495685077,-54.3874516524717,0 -63.38666700028179,-54.3913090740545,0 -63.3877021559297,-54.3922978435706,0 -63.3888142171024,-54.39333300011779,0 -63.3931635822335,-54.39683641796631,0 -63.3966670000819,-54.3996245042674,0 -63.3989814530316,-54.4010185469683,0 -63.4020991291715,-54.4033329999179,0 -63.405086189576,-54.4049125898441,0 -63.40666699988209,-54.4057499917687,0 -63.4113837965249,-54.40804979656081,0 -63.4117646558142,-54.40823534378599,0 -63.4166669996823,-54.4106254800818,0 -63.4184675368473,-54.4115336838324,0 -63.4218659750347,-54.41333299971809,0 -63.42497632619641,-54.4150224535234,0 -63.4266670003817,-54.4159648360083,0 -63.43111158033511,-54.4188896408442,0 -63.434361091691,-54.42102587064741,0 -63.4366670001819,-54.4225444253849,0 -63.4370954668822,-54.4229057540973,0 -63.4376032789681,-54.4233330004176,0 -63.44252393393241,-54.42747606646719,0 -63.446666999982,-54.4309648361582,0 -63.4479524000832,-54.4320463788373,0 -63.4494795001788,-54.4333330002178,0 -63.45128125772391,-54.43794725795951,0 -63.45149854292341,-54.43850145707651,0 -63.45338574955261,-54.4433330000179,0 -63.45409497830061,-54.4459038011195,0 -63.4566669997822,-54.451733879315,0 -63.4571162183387,-54.4528837812614,0 -63.4572919998259,-54.453332999818,0 -63.4575300368817,-54.45419481653751,0 -63.458805672144,-54.4611943281557,0 -63.4595722731419,-54.4633329996182,0 -63.4595332110888,-54.4661992109248,0 -63.4590864332922,-54.4709135668076,0 -63.45904737123909,-54.4733330003177,0 -63.4586665119499,-54.47533251158611,0 -63.45725537853291,-54.4827446213671,0 -63.4571430738937,-54.4833330001178,0 -63.4570393146127,-54.4837065353283,0 -63.4566669997822,-54.48463671131509,0 -63.4535419995636,-54.49020799969941,0 -63.45000074004211,-54.493332999918,0 -63.44836255658671,-54.49502733614261,0 -63.446666999982,-54.4967802658965,0 -63.4434467849412,-54.5001127855766,0 -63.44033277174,-54.5033329997181,0 -63.4407404865842,-54.5074052657404,0 -63.44090894309321,-54.509092276987,0 -63.4413325273742,-54.5133330004176,0 -63.4421906820543,-54.5178080979653,0 -63.44266675616581,-54.5193315351222,0 -63.4436054766114,-54.5233330002177,0 -63.4447187581641,-54.5252812420356,0 -63.446666999982,-54.52718065606241,0 -63.45030347432579,-54.5296977460541,0 -63.4555561598888,-54.53333300001789,0 -63.4504768141536,-54.53714159380941,0 -63.446666999982,-54.540000480138,0 -63.44448560352781,-54.5411503829837,0 -63.43696973446561,-54.5430302655343,0 -63.4366670001819,-54.5431401285141,0 -63.43651319183029,-54.5431791914665,0 -63.4266792068798,-54.5433329998181,0 -63.4266670003817,-54.5433329998181,0 -63.4185712970277,-54.5452372971635,0 -63.4166669996823,-54.5454374925462,0 -63.4138093337338,-54.5461894453866,0 -63.4105134353467,-54.5471782149027,0 -63.40666699988209,-54.548096183492,0 -63.4034077227881,-54.5500737225242,0 -63.3980390705466,-54.55333299961821,0 -63.3972016677227,-54.5538676681583,0 -63.3966670000819,-54.55416551912339,0 -63.39333203874251,-54.5566679609576,0 -63.39151563304001,-54.5581816323764,0 -63.38666700028179,-54.5600004806377,0 -63.38370435377289,-54.5603715741888,0 -63.3790473710393,-54.5609526288607,0 -63.3766669995823,-54.5612504807251,0 -63.3748151929668,-54.5614824140821,0 -63.3676191480052,-54.5623808511953,0 -63.3666669997822,-54.5625004808125,0 -63.36581861173951,-54.5624858317557,0 -63.3576606519175,-54.5623393474829,0 -63.356666999982,-54.562322257666,0 -63.3556367267535,-54.5623027261898,0 -63.3478364336045,-54.5621635659957,0 -63.3466670001819,-54.5621440354188,0 -63.3458125075412,-54.56247850767691,0 -63.33762525230351,-54.5623759687759,0 -63.33666700038171,-54.562581046578,0 -63.33616284943591,-54.5628276289918,0 -63.3352021558547,-54.5633330003176,0 -63.3306550370003,-54.5673222580157,0 -63.3266669996822,-54.5693681563153,0 -63.3245258865604,-54.571191886996,0 -63.32201123822801,-54.57333300011779,0 -63.3196601639854,-54.57632616422109,0 -63.3166669998821,-54.5783574143632,0 -63.3141035237585,-54.58076952379449,0 -63.311376472646,-54.583332999918,0 -63.3093037187916,-54.5859697186275,0 -63.306667000082,-54.5877617113339,0 -63.3043134841799,-54.5909794847154,0 -63.3025947340597,-54.59333299971809,0 -63.3008357015064,-54.59750048056271,0 -63.2966670002818,-54.6012455975063,0 -63.2955293048335,-54.6021953049693,0 -63.2929914629856,-54.6033330004176,0 -63.2948054279281,-54.60519579315131,0 -63.2966670002818,-54.6071049729161,0 -63.3000642171899,-54.6099370036897,0 -63.30414014435209,-54.6133330002177,0 -63.3055183185156,-54.61448046050481,0 -63.306667000082,-54.61543993370591,0 -63.3104646077554,-54.6195366136238,0 -63.31222241992871,-54.6233330000179,0 -63.3126325764322,-54.6273662030878,0 -63.3126020588379,-54.6292680587738,0 -63.312935310716,-54.63333299981799,0 -63.31467725435171,-54.6353227462477,0 -63.3166669998821,-54.6369560472837,0 -63.3199018630805,-54.6400981364198,0 -63.3232331623805,-54.6433329996182,0 -63.3248359449229,-54.6451640543776,0 -63.3266669996822,-54.6466679609576,0 -63.3307856527356,-54.6492143472643,0 -63.3354023512375,-54.6520683511735,0 -63.33666700038171,-54.65284960122811,0 -63.3371955643238,-54.6528032150962,0 -63.3454231037932,-54.6520878826496,0 -63.3466670001819,-54.6519804613292,0 -63.3479365308462,-54.65206346875401,0 -63.3528877034047,-54.6533330003177,0 -63.35576734158951,-54.6542338790902,0 -63.356666999982,-54.6545146402384,0 -63.35838452972219,-54.6550517504379,0 -63.3633857495527,-54.6566142496479,0 -63.3666669997822,-54.657639640457,0 -63.3709370195278,-54.6590629803722,0 -63.37312574006081,-54.6597929609763,0 -63.3766669995823,-54.660972160137,0 -63.3784370191531,-54.66156298054699,0 -63.38374829914459,-54.6633330001178,0 -63.3858332594973,-54.6641679612824,0 -63.38666700028179,-54.6644999918811,0 -63.3886128004403,-54.6652788011757,0 -63.3929755933489,-54.6670244059515,0 -63.3966670000819,-54.6685014569766,0 -63.3997932206805,-54.6702055589394,0 -63.4041010820992,-54.673332999918,0 -63.4055915609018,-54.6744096601776,0 -63.40666699988209,-54.6751860269136,0 -63.4110444418475,-54.6789555586521,0 -63.41612867000211,-54.6833329997181,0 -63.4164179765083,-54.6835820237913,0 -63.4166669996823,-54.68379686733151,0 -63.4200068434411,-54.6866728434769,0 -63.4217902907893,-54.6882084880313,0 -63.4266670003817,-54.6924077068501,0 -63.427187019865,-54.69281298003489,0 -63.4278559652805,-54.6933330004176,0 -63.43206983225689,-54.69793016834259,0 -63.4366670001819,-54.7029448168498,0 -63.4368769613027,-54.7031230390969,0 -63.4371211011579,-54.70333300021781,0 -63.4372541585525,-54.7039213789684,0 -63.4388886799686,-54.71111132023119,0 -63.4393940503951,-54.71333300001789,0 -63.44023023283891,-54.71689745305499,0 -63.44076612085971,-54.7192338791402,0 -63.4417439042577,-54.7233329998181,0 -63.4427644117482,-54.7272368084319,0 -63.4436225664282,-54.7302885660644,0 -63.4444440998153,-54.73333299961819,0 -63.4462775953347,-54.73372118388551,0 -63.446666999982,-54.7338041913104,0 -63.4472651444708,-54.73393114410699,0 -63.4545283283197,-54.7354716719801,0 -63.4566669997822,-54.7359257738553,0 -63.4595832601593,-54.7362504803753,0 -63.46307691226959,-54.7369218674502,0 -63.46666699958229,-54.7372538980489,0 -63.47003614055539,-54.73670214059131,0 -63.4752802816596,-54.7347197191397,0 -63.4766670002818,-54.734390129301,0 -63.47738965590791,-54.7340556561436,0 -63.47894727359779,-54.73333299961819,0 -63.4793757402981,-54.7306254808812,0 -63.4800007403418,-54.7266655194981,0 -63.4805268635239,-54.7233329998181,0 -63.48257398220349,-54.71923876155961,0 -63.4866670000819,-54.71604051965421,0 -63.4889777909922,-54.7156450113082,0 -63.4942194904371,-54.7157792890829,0 -63.4966669998821,-54.7154814372185,0 -63.50029248810781,-54.7169584882436,0 -63.5066669996822,-54.7195561449001,0 -63.5102839434492,-54.7197172773305,0 -63.51236646304181,-54.7190312420981,0 -63.51666700038171,-54.719121574501,0 -63.52088208773809,-54.7175468669943,0 -63.5228803786266,-54.7171196206739,0 -63.5266670001819,-54.7159990159418,0 -63.52890943182481,-54.7155766520408,0 -63.5357075276802,-54.71429247231971,0 -63.536666999982,-54.7141118084132,0 -63.537681404673,-54.71434862508891,0 -63.5441438069911,-54.715854972429,0 -63.54666699978219,-54.7164433511797,0 -63.5509834065589,-54.7176494058953,0 -63.5520258862856,-54.7179741133147,0 -63.5566669995823,-54.7191606365541,0 -63.5598823322038,-54.7201176680958,0 -63.5649641186991,-54.7216313395147,0 -63.5666670002818,-54.7221367108405,0 -63.5676777420341,-54.7223222580657,0 -63.5731940998278,-54.7233329998181,0 -63.5760310139201,-54.7239702072592,0 -63.576667000082,-54.724336418391,0 -63.5814838948658,-54.7285161057337,0 -63.58424390433271,-54.7309111253481,0 -63.58666699988209,-54.7330107347576,0 -63.5868391193299,-54.7331621014498,0 -63.58703687305321,-54.73333299961819,0 -63.5919392169213,-54.7380595628985,0 -63.5966669996823,-54.741858390952,0 -63.59739698028639,-54.7426030197135,0 -63.59799024235579,-54.7433330003176,0 -63.60226392414071,-54.74773729693869,0 -63.6066670003817,-54.752273429675,0 -63.6071662680088,-54.7528349528707,0 -63.6075141680444,-54.7533330001178,0 -63.61090528125369,-54.75757128098981,0 -63.6115827711279,-54.7584184495518,0 -63.6155146565761,-54.763332999918,0 -63.6157343825357,-54.7642656175641,0 -63.6166670001818,-54.7682084882311,0 -63.61764722433989,-54.7723539959401,0 -63.6178791585962,-54.77333299971809,0 -63.6177119215679,-54.7743779220035,0 -63.6173762289298,-54.7826249920497,0 -63.6172834548675,-54.7833330004176,0 -63.6171711502284,-54.7838383708441,0 -63.6166670001818,-54.7861088793213,0 -63.615246101926,-54.79191210196191,0 -63.6150617750808,-54.7933330002177,0 -63.6157050862207,-54.7942949141789,0 -63.6166670001818,-54.7957329022516,0 -63.619713875395,-54.8002861248048,0 -63.6217524496158,-54.8033330000179,0 -63.62503980264471,-54.8049614177352,0 -63.626666999982,-54.80642870302219,0 -63.6301130446813,-54.8098881754989,0 -63.6327241291152,-54.813332999818,0 -63.6342597736695,-54.81574022683,0 -63.6366669997822,-54.8195097576692,0 -63.6388850175295,-54.82111620315019,0 -63.6419465409001,-54.8233329996182,0 -63.6446845781308,-54.8253154219691,0 -63.6466669995824,-54.82675096838241,0 -63.6504829183519,-54.8295170824474,0 -63.65575269373181,-54.8333330003177,0 -63.6565607984421,-54.8334404216381,0 -63.6566670002818,-54.8334526290355,0 -63.6568342364108,-54.83349901606671,0 -63.6652082601531,-54.8347905198665,0 -63.6666670000819,-54.83535936714109,0 -63.66837232242471,-54.8350395430405,0 -63.67538282016099,-54.8346171800388,0 -63.6766669998821,-54.8344243087348,0 -63.67770093515,-54.8343681559656,0 -63.68608838666971,-54.8339116133303,0 -63.6866669996822,-54.8338798753559,0 -63.6871857987855,-54.833853019801,0 -63.696662117063,-54.8333378827371,0 -63.6967426837278,-54.8333330003177,0 -63.7048042074481,-54.83147020668459,0 -63.7066670001819,-54.8310405196042,0 -63.7096760328226,-54.8303227463976,0 -63.71289258582409,-54.8295585861598,0 -63.71666699998201,-54.82866014814731,0 -63.7209785234401,-54.8276445230762,0 -63.7227729569064,-54.82722704339329,0 -63.7266669997822,-54.82631639888271,0 -63.7290058675267,-54.8256718673628,0 -63.7356135328382,-54.8233329996182,0 -63.73640576991029,-54.8230717699462,0 -63.7366669995823,-54.8229863199626,0 -63.7373481523953,-54.8226518477045,0 -63.7432832111512,-54.8199492113869,0 -63.7466670002818,-54.81805467977959,0 -63.750177742209,-54.8168437417452,0 -63.75634229266261,-54.813332999818,0 -63.75656568156089,-54.813230460917,0 -63.756667000082,-54.8131743081478,0 -63.75690869917711,-54.8130913007229,0 -63.7646076738051,-54.811272453361,0 -63.7666669998821,-54.81027880052619,0 -63.77152173633899,-54.8081865151955,0 -63.7727534262296,-54.8072465743699,0 -63.7766669996823,-54.8045390547335,0 -63.7772285237773,-54.80389452321361,0 -63.7775947340097,-54.8033330000179,0 -63.782709480658,-54.7993754802941,0 -63.7866670003817,-54.7963115152642,0 -63.78847852366489,-54.79514452350089,0 -63.792440925808,-54.7933330002177,0 -63.7957295001163,-54.7923955001522,0 -63.7966670001818,-54.7922783121943,0 -63.806666999982,-54.7922783121943,0 -63.80764478338,-54.7923564371998,0 -63.8133308180628,-54.7933330002177,0 -63.81599561360661,-54.79400438639329,0 -63.8166669997822,-54.7941728438017,0 -63.817791267453,-54.7944560466092,0 -63.82398267346161,-54.7960185467185,0 -63.8266669995823,-54.7966948162128,0 -63.8308674396806,-54.7975346597967,0 -63.8321101147899,-54.7978886644303,0 -63.83666700028181,-54.7986210857944,0 -63.8401044996229,-54.7998954997774,0 -63.8450703203389,-54.80173632027491,0 -63.8466670000819,-54.8023295823443,0 -63.8473994214461,-54.8026005777544,0 -63.84937696137761,-54.8033330000179,0 -63.85444409971539,-54.8055546798046,0 -63.8566669998821,-54.8065312419232,0 -63.86139600392241,-54.8086039957777,0 -63.8623615799229,-54.8090288004387,0 -63.8666669996822,-54.81091600796739,0 -63.8683405840507,-54.81166063672899,0 -63.8721052324705,-54.813332999818,0 -63.8752631910434,-54.8147368082571,0 -63.87666700038171,-54.81535936754069,0 -63.8797346265517,-54.8164018472674,0 -63.8824909748785,-54.81751024640071,0 -63.8866670001819,-54.8186796798233,0 -63.8905671467564,-54.81943407432309,0 -63.8932941969696,-54.8199589762257,0 -63.89666699998201,-54.8206108318244,0 -63.89885938255441,-54.8211406170458,0 -63.9062641682567,-54.8229301680927,0 -63.90666699978209,-54.8230278245744,0 -63.9069184646154,-54.8230815347849,0 -63.9078181230079,-54.8233329996182,0 -63.9148090901674,-54.8251909099325,0 -63.9166669995823,-54.82568407386089,0 -63.9196687090437,-54.8263334886995,0 -63.92306714633169,-54.82693163318829,0 -63.9266670002818,-54.8277983323271,0 -63.93166699973219,-54.8283329999679,0 -63.936667000082,-54.8292412028192,0 -63.9399043049397,-54.8300956954599,0 -63.9435896070747,-54.8333330003177,0 -63.9462348711423,-54.8337651290574,0 -63.9466669998821,-54.833855460561,0 -63.9472981036245,-54.8339628827808,0 -63.9547651448955,-54.8352348551044,0 -63.9566669996822,-54.83555712086441,0 -63.959348885043,-54.836013664399,0 -63.96331128718609,-54.8366899338933,0 -63.9666670003817,-54.8372587811677,0 -63.9715058674019,-54.83817186733781,0 -63.97177686371121,-54.8382231367883,0 -63.97666700018191,-54.839143547037,0 -63.9801911698865,-54.8398100507932,0 -63.9838288655097,-54.8404936443662,0 -63.986666999982,-54.8410283129062,0 -63.98854200011319,-54.8414579999867,0 -63.9952375570676,-54.8433330001178,0 -63.9963386312228,-54.84366258995649,0 -63.9966669997822,-54.8437700112769,0 -63.9973322831583,-54.8439970622146,0 -64.0037861410175,-54.8462138595819,0 -64.00666699958229,-54.847202629098,0 -64.01146802582871,-54.8485307541909,0 -64.0120905842131,-54.8487578051286,0 -64.0166670002818,-54.85020311728,0 -64.0192548903009,-54.8507451089995,0 -64.0257221759376,-54.8523881757736,0 -64.0266670000819,-54.85260057855379,0 -64.0273054279031,-54.8526957933761,0 -64.0316230550599,-54.853332999918,0 -64.036038337799,-54.853960441621,0 -64.0366669998821,-54.8540776286796,0 -64.0376313555026,-54.8542973555385,0 -64.04508740975611,-54.8549125898441,0 -64.0466669996823,-54.85543749174679,0 -64.0514655842692,-54.8581303632257,0 -64.0517231519019,-54.8582768474985,0 -64.05666700038169,-54.8610527264021,0 -64.05812818197001,-54.8618730394092,0 -64.06072949976659,-54.8633329997181,0 -64.0654804769424,-54.8645195238569,0 -64.06666700018189,-54.8648173748219,0 -64.0685664142086,-54.8652324137449,0 -64.0736543044026,-54.8663456952976,0 -64.076666999982,-54.86700487497501,0 -64.0813679280874,-54.8680351482035,0 -64.08185865035639,-54.8681425704232,0 -64.0866669997822,-54.8691948167873,0 -64.0899982990822,-54.87000292149761,0 -64.0945893633084,-54.8712553632444,0 -64.0966669995823,-54.8717851484658,0 -64.09794019318529,-54.8720585855352,0 -64.1009504471054,-54.8733330004176,0 -64.1053364335295,-54.8746635662705,0 -64.1066670002818,-54.87506639869531,0 -64.1088984449073,-54.875564445043,0 -64.1136604082012,-54.8763408126783,0 -64.116667000082,-54.877124503493,0 -64.1212714920857,-54.8779374924213,0 -64.1219440995405,-54.8780546794798,0 -64.1266669998821,-54.87888964064431,0 -64.130572028876,-54.8794291916039,0 -64.1331135327633,-54.8797783129187,0 -64.13666699968221,-54.88026903518781,0 -64.1395527424651,-54.88044725743491,0 -64.1440571363277,-54.8807231370631,0 -64.1466670003817,-54.8808818278341,0 -64.14883374777919,-54.88116503154091,0 -64.1560529862563,-54.8827177659121,0 -64.1566670001819,-54.8828105390751,0 -64.1570771566854,-54.8829228437142,0 -64.1583320391922,-54.88333300021781,0 -64.16454908037571,-54.8854496994441,0 -64.166666999982,-54.8861723550701,0 -64.17024854283601,-54.8869145430717,0 -64.1725983966986,-54.8874028245806,0 -64.1766669997822,-54.8882451098239,0 -64.1810078204545,-54.8889921793456,0 -64.1826862872423,-54.8893535080579,0 -64.1866669995823,-54.8900883710814,0 -64.189699226638,-54.8903007738616,0 -64.1943781816078,-54.8910454026232,0 -64.19666700028181,-54.8912333906085,0 -64.1987446365557,-54.8912553628447,0 -64.2046516193767,-54.89131639803329,0 -64.20666700008189,-54.89133837116881,0 -64.2085297928156,-54.8914702072842,0 -64.2157307210958,-54.8923979416116,0 -64.21666699988209,-54.8924711832984,0 -64.2174262777005,-54.89257372309879,0 -64.2230073318229,-54.89333300001789,0 -64.2263105542886,-54.8936894454116,0 -64.22666699968229,-54.89372850746459,0 -64.227096687662,-54.8937626870983,0 -64.23555005678961,-54.89445116399,0 -64.2366670003817,-54.8945414963929,0 -64.2379096754911,-54.8945756760266,0 -64.24522046675111,-54.8947807538287,0 -64.2466670001819,-54.8948198167811,0 -64.2481965410375,-54.8948637621529,0 -64.2549494711411,-54.8950517501381,0 -64.256666999982,-54.89509813626999,0 -64.2584504473302,-54.8951152269861,0 -64.26481031074719,-54.8951909103322,0 -64.2666669997821,-54.8952080001491,0 -64.2685774008264,-54.8952446214421,0 -64.2747492753587,-54.8952519455208,0 -64.2766669995823,-54.8952885668139,0 -64.278657966392,-54.89532274644759,0 -64.2845698316324,-54.895430167768,0 -64.2866670002818,-54.895466789061,0 -64.28884107265741,-54.8955058511141,0 -64.2943928304647,-54.8956059492551,0 -64.2966670000819,-54.8956474529675,0 -64.2990766678539,-54.8957426677898,0 -64.3040595783868,-54.8959404215132,0 -64.3066669998821,-54.8960429613136,0 -64.3095210037912,-54.896187003927,0 -64.313606697591,-54.8963920817292,0 -64.3166669996822,-54.8965458909801,0 -64.32005078881279,-54.8967167891485,0 -64.32312818162021,-54.8968730391594,0 -64.3266670003817,-54.8970512614065,0 -64.33075147290209,-54.8974174725383,0 -64.3326069415571,-54.89739305864271,0 -64.3366670001819,-54.8978520429374,0 -64.3416389236973,-54.8983037031533,0 -64.3416914144272,-54.8983085855727,0 -64.34666699998201,-54.8987822189242,0 -64.35073682434491,-54.8992631754551,0 -64.3528461994925,-54.8995121995283,0 -64.35666699978221,-54.8999638597443,0 -64.35968091574161,-54.9003203042386,0 -64.3641853105036,-54.9008525311194,0 -64.36666699958231,-54.9011454996651,0 -64.3685078200798,-54.90149217932059,0 -64.3762983474907,-54.90296434792629,0 -64.3766670002818,-54.90303514885299,0 -64.376918465115,-54.9030815349848,0 -64.37824781058789,-54.903332999818,0 -64.38567334724711,-54.9043266526529,0 -64.386667000082,-54.90445848786891,0 -64.3879548418424,-54.90461962119849,0 -64.3945100173234,-54.9054912027568,0 -64.3966669998821,-54.90575731664679,0 -64.39947583803951,-54.9061406175954,0 -64.40330518368719,-54.9066948167124,0 -64.4066669996823,-54.9071489176883,0 -64.41124707779041,-54.9079130779261,0 -64.41195874819761,-54.9080424723821,0 -64.41666700038169,-54.9088017502006,0 -64.4205134358464,-54.9094877854329,0 -64.4233210527244,-54.90998827344,0 -64.42666700018189,-54.91058397626939,0 -64.4290034253677,-54.9109965744323,0 -64.43547803508319,-54.9121440347194,0 -64.43666699998199,-54.9123539958402,0 -64.4374995194872,-54.912500480113,0 -64.4422602615018,-54.91333299961819,0 -64.4460114821442,-54.91398973853561,0 -64.4466669997822,-54.9141020431747,0 -64.4475947341097,-54.9142607339457,0 -64.4545429762773,-54.9154570238226,0 -64.4566669995824,-54.9158183516356,0 -64.4596528396068,-54.9163188396427,0 -64.4631025472447,-54.9168974535546,0 -64.4666670002818,-54.9174955980434,0 -64.4715119710006,-54.9184868083195,0 -64.4719013747486,-54.9185673749843,0 -64.4766670000819,-54.919543937103,0 -64.4799201734772,-54.92007860564309,0 -64.4843623126706,-54.92102831220681,0 -64.4866669998821,-54.9214409103697,0 -64.4883662185261,-54.9216337816736,0 -64.496026131101,-54.9226909104571,0 -64.4966669996822,-54.9227665938032,0 -64.4972334061967,-54.9227665938032,0 -64.5060908281292,-54.9227568280651,0 -64.5066670003817,-54.9227568280651,0 -64.5072114337606,-54.9227885660395,0 -64.5100690997091,-54.9233330003177,0 -64.5154182204744,-54.9245830004051,0 -64.5166670001819,-54.925000480088,0 -64.5195197828117,-54.92618700422679,0 -64.5225532302474,-54.9274467691531,0 -64.526666999982,-54.9291581951945,0 -64.5296272048316,-54.9303740156483,0 -64.5365485914443,-54.9332133713999,0 -64.5366669997822,-54.93326219919109,0 -64.53671704885269,-54.9332841714273,0 -64.5368415608893,-54.9333330001178,0 -64.5454218828136,-54.93457811688649,0 -64.5466669995823,-54.9347587816924,0 -64.548333259872,-54.9350004807875,0 -64.5541560139888,-54.9358452067908,0 -64.55666700028181,-54.9362089762632,0 -64.5600080644206,-54.9366728438766,0 -64.5629084553609,-54.9370927652189,0 -64.56666700008201,-54.9376103439422,0 -64.571531502277,-54.93846727734289,0 -64.57189283008999,-54.93855760974579,0 -64.57666699988209,-54.9395146403883,0 -64.5800385816152,-54.9399614181849,0 -64.58379468557629,-54.940461906192,0 -64.58666699968219,-54.9408427654812,0 -64.58886548595341,-54.9411332932668,0 -64.5953254475114,-54.9419926683269,0 -64.5966670003817,-54.9421708905741,0 -64.59771924584651,-54.9422807535539,0 -64.606547371464,-54.9432133712001,0 -64.6067646566635,-54.9432353434363,0 -64.60782666786641,-54.943332999918,0 -64.6158930740061,-54.9441069258939,0 -64.616666999982,-54.9442167888737,0 -64.6178852620951,-54.9445512620311,0 -64.62416333756789,-54.94583788251219,0 -64.6266669997822,-54.9466679612574,0 -64.63154309873499,-54.948457511405,0 -64.6319349441423,-54.9486015549178,0 -64.6366669995823,-54.9503373948548,0 -64.6391694414165,-54.9508305587832,0 -64.6457038650413,-54.9523686440976,0 -64.64666700028179,-54.9525712811397,0 -64.6473530355141,-54.9526469644858,0 -64.6509827955196,-54.9533329997181,0 -64.65583875325579,-54.9541606368039,0 -64.6566670000819,-54.954336418291,0 -64.6577924881328,-54.9544584886683,0 -64.6652070386738,-54.95479296092629,0 -64.6666669998821,-54.9549760664922,0 -64.66835767406729,-54.9550248942834,0 -64.6750733722383,-54.9549272387011,0 -64.6766669996823,-54.9549760664922,0 -64.67848828870351,-54.9551542887394,0 -64.6843885571861,-54.955610832274,0 -64.6866670003817,-54.9558476480505,0 -64.6895466385665,-54.9562114175229,0 -64.6933094559666,-54.9566899332938,0 -64.6966670001819,-54.9571171796141,0 -64.7008985676148,-54.95756395741071,0 -64.7022883376366,-54.9577104416835,0 -64.706666999982,-54.9581743083976,0 -64.71137647254611,-54.9586235269542,0 -64.71666699978211,-54.9591264566207,0 -64.7207966389537,-54.9592045816261,0 -64.72273816733249,-54.9594047770088,0 -64.72666699958231,-54.95949022699231,0 -64.7312135086964,-54.9587871019432,0 -64.7320271073651,-54.9586943278809,0 -64.7366670002818,-54.9579033120881,0 -64.7406257403856,-54.9572905194419,0 -64.7439100420148,-54.9560893480449,0 -64.746667000082,-54.95547167208,0 -64.7666669996822,-54.95547167208,0 -64.7685285720359,-54.9551957933512,0 -64.7759065021833,-54.9540947191959,0 -64.77666700038171,-54.95397997289739,0 -64.77723035459709,-54.95389696457319,0 -64.78100232709571,-54.9533329997181,0 -64.7858491288342,-54.9525151292698,0 -64.78666700018189,-54.95223192556289,0 -64.78884595497679,-54.9511528245432,0 -64.79261975849499,-54.9492851484908,0 -64.79666699998209,-54.94728075390361,0 -64.7996284261109,-54.94629442604689,0 -64.8057447585138,-54.9442558518261,0 -64.80666699978219,-54.9439482342236,0 -64.8071552812912,-54.9438212814269,0 -64.8091035231091,-54.943332999918,0 -64.81514234204541,-54.94180956276111,0 -64.8166669995823,-54.9414238201531,0 -64.819243293743,-54.940757316397,0 -64.8230793537292,-54.9397441329853,0 -64.8266670002818,-54.9388286051559,0 -64.83114637050861,-54.93781298008491,0 -64.8324671706234,-54.9375322189367,0 -64.8366670000819,-54.93660448460921,0 -64.8395356521486,-54.93620165218451,0 -64.84449292750659,-54.935505851214,0 -64.8466669998821,-54.9352031169303,0 -64.84830640461681,-54.9349711835732,0 -64.8561237866834,-54.9338774334967,0 -64.8566669996823,-54.9337993084912,0 -64.857103401101,-54.933770011277,0 -64.86000013000189,-54.9333330001178,0 -64.86512830352839,-54.93179491390411,0 -64.8666670003817,-54.93133348795,0 -64.8689924394495,-54.9310063397707,0 -64.87368482219679,-54.9303496017526,0 -64.8766670001819,-54.9299321211704,0 -64.8806202472266,-54.9293803637128,0 -64.882456795045,-54.9291215739015,0 -64.886666999982,-54.92853319515079,0 -64.89159864106441,-54.9284013590354,0 -64.891720100802,-54.928386710878,0 -64.8966669997822,-54.9282792886582,0 -64.9006495440412,-54.9293510664985,0 -64.90426282486941,-54.9309282147652,0 -64.9066669995823,-54.9317729416679,0 -64.9075721510339,-54.9324272380265,0 -64.9085468830322,-54.9333330001178,0 -64.9143098223404,-54.9356913984392,0 -64.91666700028181,-54.9364384688602,0 -64.9216547932341,-54.9383452069657,0 -64.9216938552872,-54.9383598551232,0 -64.92666700008191,-54.9402617108092,0 -64.92892102848261,-54.9410795821569,0 -64.9351344076268,-54.943332999918,0 -64.93625928503791,-54.9437407147622,0 -64.93666699988211,-54.9438896406943,0 -64.93748914390881,-54.94415575368501,0 -64.9438026202947,-54.9461967695652,0 -64.94666699968219,-54.9471245038927,0 -64.9515760578887,-54.9484233317713,0 -64.9518012769074,-54.9484672771431,0 -64.9566670003817,-54.9496196207489,0 -64.9598023760788,-54.9501982346608,0 -64.96437329908839,-54.951040519904,0 -64.9666670001819,-54.9514628829057,0 -64.9688886799686,-54.9511113199314,0 -64.9736872636562,-54.95035448467171,0 -64.976666999982,-54.9498832929796,0 -64.9813483966112,-54.9480131761671,0 -64.9854322584919,-54.94456835184791,0 -64.9866669997822,-54.94361620272549,0 -64.9867933428384,-54.9434599527146,0 -64.9868952710999,-54.943332999918,0 -64.98785718596029,-54.9421440350192,0 -64.9912629473271,-54.9379277263834,0 -64.994976936936,-54.9333330001178,0 -64.99583325969709,-54.9325004806126,0 -64.9966669995823,-54.93168749258359,0 -65.0013667073077,-54.92803270714369,0 -65.0040681232452,-54.9259330977342,0 -65.00666700028179,-54.92391161333019,0 -65.00701062763829,-54.9236772383139,0 -65.0075166096038,-54.9233330003177,0 -65.01319287854849,-54.9198588787842,0 -65.01666700008199,-54.918242667565,0 -65.0207832105767,-54.9174492110122,0 -65.0225672685646,-54.9174321211954,0 -65.0266669998821,-54.9168535081828,0 -65.0302345052182,-54.9168998943146,0 -65.0330616535724,-54.916938957267,0 -65.0366669996823,-54.9169853433988,0 -65.0407508624623,-54.9174174730379,0 -65.04248120934029,-54.91751757027959,0 -65.0466670003817,-54.91800829254859,0 -65.0508241048485,-54.9191752852112,0 -65.0538270337905,-54.920493644566,0 -65.0566670001818,-54.9215141520564,0 -65.05787915859629,-54.92212206228331,0 -65.06030286388599,-54.9233330003177,0 -65.06454541833639,-54.92545458196331,0 -65.066666999982,-54.9265141524062,0 -65.0710420002881,-54.92770799972439,0 -65.0720240554658,-54.9279765543744,0 -65.0766669997822,-54.9292412035187,0 -65.07988111112429,-54.9301176683957,0 -65.0847920003505,-54.9314579999867,0 -65.08666699958231,-54.9319682537319,0 -65.08783216122519,-54.9321684491146,0 -65.091666999932,-54.9333330001178,0 -65.0945979084666,-54.9354008706536,0 -65.0966670002818,-54.93578173084219,0 -65.0985371170942,-54.9352031169303,0 -65.1033570632778,-54.9366435466623,0 -65.1066670000819,-54.9362675706918,0 -65.10987805912509,-54.9365434494206,0 -65.1128809889664,-54.9371196207738,0 -65.1166669998821,-54.93737596892581,0 -65.1215479812543,-54.9382133708503,0 -65.12175122893601,-54.9382499921434,0 -65.1266669996822,-54.9390922773866,0 -65.1302741777111,-54.9397246015091,0 -65.13365308442231,-54.9403178635785,0 -65.13666700038171,-54.9408476487999,0 -65.1387666097912,-54.9412333905085,0 -65.1458704913301,-54.9425371017058,0 -65.14666700018191,-54.9426835859787,0 -65.14721692661981,-54.9427836832203,0 -65.1502137527625,-54.943332999918,0 -65.15566663370819,-54.94433397683149,0 -65.15666699998199,-54.9445170823974,0 -65.1581165848125,-54.9447831953881,0 -65.1641169514361,-54.9458842695433,0 -65.16666699978219,-54.94635057791681,0 -65.1714790121467,-54.9481450113831,0 -65.1717530598558,-54.9482475511835,0 -65.1766669995823,-54.9500786050435,0 -65.1795313798692,-54.95046923007091,0 -65.18539685807851,-54.9533329997181,0 -65.1863221516459,-54.95367723861361,0 -65.1866670002818,-54.9538066330696,0 -65.1872150957001,-54.95388231641571,0 -65.1913746418262,-54.9533329997181,0 -65.1958180013996,-54.9524833903961,0 -65.196667000082,-54.95232225796579,0 -65.1978718344176,-54.9521269450025,0 -65.204409309442,-54.9510746995377,0 -65.2066669998821,-54.95071093006529,0 -65.20973706861081,-54.95026415226871,0 -65.21310498830449,-54.9497709883404,0 -65.2166669996823,-54.94925096885709,0 -65.2214472731731,-54.9485527262273,0 -65.2218305741217,-54.9484965743574,0 -65.2266670003817,-54.9477910076488,0 -65.230872322,-54.9475371011562,0 -65.23256299618529,-54.9474370039146,0 -65.2366670001819,-54.94719042150071,0 -65.2411951981998,-54.9478618085756,0 -65.2419972001106,-54.948003410429,0 -65.246666999982,-54.9486479410496,0 -65.2504517896183,-54.9495488207215,0 -65.2533472981393,-54.9500126874356,0 -65.2566669997822,-54.95071093006529,0 -65.2587348712173,-54.9512651291823,0 -65.2664356768649,-54.9533329997181,0 -65.2666157301318,-54.9533842691686,0 -65.2666669995823,-54.9533940349068,0 -65.26678113614049,-54.9534477460166,0 -65.2735200269277,-54.95647997307221,0 -65.2766670002818,-54.957954582438,0 -65.280283333409,-54.9597172770307,0 -65.2857819898469,-54.9624492105626,0 -65.28666700008191,-54.9628837809617,0 -65.28696546168671,-54.9630351485532,0 -65.2875629964351,-54.96333300041761,0 -65.2940565260878,-54.9659428635722,0 -65.29666699988211,-54.966992668277,0 -65.3012733229055,-54.9687260665547,0 -65.30253614103,-54.9692021406662,0 -65.30666699968219,-54.9707573166968,0 -65.30855664887019,-54.9714433519291,0 -65.3137568437033,-54.9733330002177,0 -65.3159431234763,-54.9740556558438,0 -65.3166670003817,-54.9742973558382,0 -65.31774365974211,-54.97440966047739,0 -65.32392163887251,-54.9760795819071,0 -65.3266670001819,-54.9762773356305,0 -65.32990613605929,-54.9765727458355,0 -65.3331348955589,-54.9768657152805,0 -65.336666999982,-54.97718553938109,0 -65.3412727132651,-54.97872850801421,0 -65.3428089675598,-54.9794755784351,0 -65.3466669997822,-54.9810991128338,0 -65.3484858480434,-54.981514152656,0 -65.35430371884151,-54.9833330000179,0 -65.3561805499924,-54.9838188398675,0 -65.3566669995823,-54.9840239176696,0 -65.3575636065751,-54.984228996371,0 -65.36454297697679,-54.9854570233229,0 -65.36666700028179,-54.9860136640993,0 -65.3697755204239,-54.98644091041961,0 -65.3734162674468,-54.9865825113737,0 -65.37666700008199,-54.98714647622891,0 -65.3806330642645,-54.98936815601551,0 -65.3842292561752,-54.9933329998181,0 -65.3852705155218,-54.9947294841783,0 -65.3866669998821,-54.9966020426501,0 -65.3895411459071,-55.0004594651322,0 -65.3916840900487,-55.0033329996182,0 -65.39424085273311,-55.00575975810631,0 -65.3966669996822,-55.0080620036585,0 -65.4000434647341,-55.0099565352659,0 -65.4060603105349,-55.0133330003177,0 -65.4064491045425,-55.01355028551719,0 -65.4066670003817,-55.0136723558945,0 -65.4071259846764,-55.0137919846123,0 -65.4139478837878,-55.0160527264521,0 -65.4166670001819,-55.0166288987047,0 -65.4202430499768,-55.0169096598529,0 -65.4227912673031,-55.0172099533766,0 -65.426666999982,-55.0174858321054,0 -65.4311176836342,-55.0177836839698,0 -65.4321473471223,-55.0178520432371,0 -65.4366669997822,-55.01815477752091,0 -65.441216560296,-55.018784659984,0 -65.4422627029613,-55.0189287034968,0 -65.44666699958231,-55.0195390544837,0 -65.4500690998091,-55.019929679511,0 -65.4537928542568,-55.0204594647325,0 -65.4566670002818,-55.020806144388,0 -65.4589710768537,-55.0210283129063,0 -65.464940925883,-55.0216069259188,0 -65.4666670000819,-55.0217729416679,0 -65.4681892168588,-55.021812003721,0 -65.4753175122933,-55.0219829027887,0 -65.4766669998821,-55.02201708242241,0 -65.4777930985726,-55.022207512067,0 -65.48085462194319,-55.02333300011781,0 -65.484882331954,-55.0251176678461,0 -65.4866669996823,-55.02590868363879,0 -65.49129285418179,-55.0279594652571,0 -65.49181104264549,-55.0281889569548,0 -65.49666700038171,-55.0303398358147,0 -65.4990253987032,-55.0309746015965,0 -65.50625257099929,-55.0329179609951,0 -65.50666700018191,-55.0330302656342,0 -65.50692334743449,-55.03307665266529,0 -65.5083332595722,-55.0333329999179,0 -65.51544568646921,-55.03455370279111,0 -65.51666699998199,-55.0347661055713,0 -65.5183985672401,-55.0350639574356,0 -65.5239759602223,-55.0360234297374,0 -65.52666699978219,-55.0364872964515,0 -65.53027356717131,-55.0369389566675,0 -65.5327497640903,-55.0372514566893,0 -65.53666699958229,-55.0377421798577,0 -65.5412226637949,-55.0378886641305,0 -65.54208326013431,-55.0379155196854,0 -65.5466670002818,-55.03806444561759,0 -65.55155591637239,-55.0382231363886,0 -65.5517707599126,-55.0382280197073,0 -65.556667000082,-55.03838671137759,0 -65.5611329425312,-55.0388676679085,0 -65.5624641190238,-55.03913134013921,0 -65.5666669998821,-55.03966112536061,0 -65.5701399001363,-55.039858879084,0 -65.57380994437339,-55.0404765550489,0 -65.5766669996822,-55.0406767504317,0 -65.5794538656034,-55.0405473550763,0 -65.5836817700976,-55.0403471605929,0 -65.58666700038169,-55.0402080003989,0 -65.5899458089519,-55.04005419114801,0 -65.5932343832602,-55.0399003827964,0 -65.5966670001819,-55.03973925036609,0 -65.60385999284441,-55.0405253828401,0 -65.606666999982,-55.0408330004426,0 -65.6087721024505,-55.0412285078893,0 -65.615897957125,-55.0425639570609,0 -65.6166669997822,-55.0427079996744,0 -65.6171827474857,-55.0428178635535,0 -65.6193324050664,-55.0433329997181,0 -65.6251600416026,-55.0448393479575,0 -65.6266669995823,-55.0453325118859,0 -65.630001350282,-55.0466679610575,0 -65.63238111109931,-55.0476201092806,0 -65.6366670002818,-55.04933397698141,0 -65.6394514236442,-55.0505497965358,0 -65.6458320389174,-55.0533330004176,0 -65.6464228593274,-55.05357714027281,0 -65.64666700008191,-55.0536625902563,0 -65.64713269781571,-55.053799308791,0 -65.6541346510932,-55.0558647385668,0 -65.65666699988211,-55.0566118089878,0 -65.661319099297,-55.05798387855311,0 -65.6618562085971,-55.0581425702234,0 -65.66666699968231,-55.0595634684793,0 -65.6697608716669,-55.0602397379735,0 -65.67424329419261,-55.060908683389,0 -65.6766670003817,-55.0613823167405,0 -65.6784168778366,-55.0615825121232,0 -65.6855250320546,-55.0621904214507,0 -65.6866670001819,-55.0623149334874,0 -65.68760633126711,-55.0623930584928,0 -65.6964655842193,-55.063132804835,0 -65.696666999982,-55.0631474529925,0 -65.6968263013927,-55.0631743085474,0 -65.6978394857036,-55.0633330002178,0 -65.70497632649629,-55.06502489478301,0 -65.7066669997822,-55.06645800043631,0 -65.7114491042927,-55.06855028486769,0 -65.7122242506486,-55.0688896404445,0 -65.7166669995823,-55.070832999843,0 -65.71840589181841,-55.0715947184215,0 -65.722380501359,-55.0733330000179,0 -65.72435865013151,-55.0756401288888,0 -65.72666700028179,-55.0783354411276,0 -65.7289741291527,-55.0810258709471,0 -65.7309516681849,-55.083332999818,0 -65.7335896072745,-55.0864116130055,0 -65.73666700008189,-55.0900004808375,0 -65.73857129652809,-55.09142870317211,0 -65.74666699988209,-55.09333299961819,0 -65.7466773762599,-55.09333299961819,0 -65.7562751542749,-55.0929423745908,0 -65.7566669996822,-55.092961906067,0 -65.7570509112705,-55.09294969956889,0 -65.7659528883151,-55.0926201097303,0 -65.7666670003817,-55.09259325417531,0 -65.77029065758769,-55.0869560472837,0 -65.7726197586949,-55.083332999818,0 -65.7745197833613,-55.0811870042768,0 -65.7766670001819,-55.079741691226,0 -65.780362068055,-55.079639152325,0 -65.7823389973468,-55.0790043865431,0 -65.786666999982,-55.0789384689352,0 -65.79028028081029,-55.0797197189898,0 -65.7938172685521,-55.08048387922759,0 -65.7966669997822,-55.0810991135332,0 -65.79917676569519,-55.08082323480439,0 -65.80366407064029,-55.0803300699767,0 -65.8066669995823,-55.080000480138,0 -65.8112495193498,-55.0787504800506,0 -65.8119056476275,-55.0785722578034,0 -65.8166670002818,-55.0772734299248,0 -65.818609138401,-55.0752763594164,0 -65.8258491287343,-55.0741508713656,0 -65.826667000082,-55.0738163982082,0 -65.8269416584308,-55.0736088787467,0 -65.8273048172634,-55.0733330000179,0 -65.83114331800959,-55.0688554608108,0 -65.8315998615444,-55.0682670820602,0 -65.83179090092931,-55.0682084885309,0 -65.8366669998821,-55.0657158124347,0 -65.8382764967629,-55.0649418864588,0 -65.8427161942969,-55.0633330002178,0 -65.8445191731213,-55.0611845621178,0 -65.8466669996823,-55.0586259684136,0 -65.8492634359588,-55.0559282145155,0 -65.85263440705219,-55.0533330004176,0 -65.8552332840887,-55.0518998947643,0 -65.85666700038171,-55.0514604410465,0 -65.85885877231451,-55.05114061694589,0 -65.8637592851628,-55.0504252853985,0 -65.86666700018181,-55.0500004807375,0 -65.8704023513874,-55.0495976483128,0 -65.87268567700239,-55.0493510667982,0 -65.87666699998201,-55.0489238204779,0 -65.880908333153,-55.0475737222495,0 -65.882573982803,-55.0474272379766,0 -65.88666699978219,-55.04650926938719,0 -65.88886426567331,-55.0455302656092,0 -65.89521070131271,-55.0433329997181,0 -65.89622449536419,-55.04289110524029,0 -65.89666699958239,-55.0427910079986,0 -65.8974006422258,-55.042600578354,0 -65.90360364589149,-55.04026903558749,0 -65.9066670002818,-55.0396830975968,0 -65.9107197339285,-55.0392802660714,0 -65.9123908766376,-55.0390580975531,0 -65.9166670000819,-55.0386650308665,0 -65.9216084060031,-55.038391593797,0 -65.92171949026221,-55.0383842697182,0 -65.9266669998821,-55.0381132734088,0 -65.9311396566698,-55.0378056558063,0 -65.9322724687993,-55.0377275308009,0 -65.9366669996822,-55.03742723817649,0 -65.9404029615274,-55.0370683511235,0 -65.9431983719073,-55.03680223813271,0 -65.94666700038169,-55.0364702066347,0 -65.94953076912959,-55.0361967695652,0 -65.9542548907506,-55.03574510934931,0 -65.95666700018189,-55.0355156167523,0 -65.95862500773779,-55.035291007474,0 -65.9653388748891,-55.03466112501091,0 -65.966666999982,-55.0345146407381,0 -65.96785535424119,-55.0345219648168,0 -65.9758350909167,-55.0341655194231,0 -65.9766669997822,-55.03417040274181,0 -65.97746595029329,-55.0341313397894,0 -65.9862830888934,-55.0337163008666,0 -65.9866669995823,-55.0336992110497,0 -65.9870167315369,-55.0336821212329,0 -65.9944447098554,-55.0333329999179,0 -65.99648206369621,-55.03314745269271,0 -65.9966670002818,-55.0331547776708,0 -65.9968299637318,-55.0331694258283,0 -65.9981483230866,-55.0333329999179,0 -66.0061054768862,-55.0338945231137,0 -66.006667000082,-55.0339335860661,0 -66.0073579177337,-55.03402391756971,0 -66.0149885330943,-55.0350102463258,0 -66.0166669998821,-55.03522753152531,0 -66.01893262504061,-55.0355986250764,0 -66.0237550128835,-55.03624559735641,0 -66.02666699968231,-55.0367558520009,0 -66.0313105546384,-55.03797655487411,0 -66.03190015466831,-55.0381010660113,0 -66.0366670003817,-55.03955126148151,0 -66.03948072095849,-55.04051805876129,0 -66.0459974441267,-55.0426640543026,0 -66.0466670001819,-55.0428886644802,0 -66.0469965900206,-55.0430034098794,0 -66.0479444655646,-55.0433329997181,0 -66.0543983234239,-55.0456010665359,0 -66.056666999982,-55.0463652267737,0 -66.0613148267178,-55.0479814370936,0 -66.0618372878605,-55.0481621018994,0 -66.0666669997822,-55.0498417890673,0 -66.0699702222479,-55.05002977705249,0 -66.07356946555841,-55.050234855754,0 -66.0766669995823,-55.0504130780011,0 -66.07922254188669,-55.0507768474735,0 -66.0857417067144,-55.0524077068501,0 -66.08666700028181,-55.0525663985204,0 -66.0872437822747,-55.0527568281651,0 -66.0886860430264,-55.0533330004176,0 -66.09429395270369,-55.0557060468965,0 -66.09666700008189,-55.05670946457009,0 -66.1009364091879,-55.0590629804721,0 -66.1041926348822,-55.06085741393839,0 -66.10666699988209,-55.06222216032441,0 -66.1073542554944,-55.0626445233261,0 -66.10847119908649,-55.0633330002178,0 -66.11219678545319,-55.0678032144468,0 -66.1166669996822,-55.07316698426891,0 -66.1168049394963,-55.0733330000179,0 -66.1169123617161,-55.0735795824318,0 -66.1198066480583,-55.0801933514419,0 -66.1211799398023,-55.083332999818,0 -66.1208332601468,-55.0874980390033,0 -66.1166669996822,-55.0908037031284,0 -66.1139509355872,-55.0906181559031,0 -66.10967786444181,-55.0903227456981,0 -66.10666699988209,-55.0901152262367,0 -66.10401319135561,-55.0906791910917,0 -66.09805371870409,-55.09194628099601,0 -66.09666700008189,-55.092241691201,0 -66.096052376416,-55.09271776531261,0 -66.0952595296036,-55.09333299961819,0 -66.0901930010061,-55.0968583906022,0 -66.08666700028181,-55.0993120037459,0 -66.0842963945629,-55.1009623945988,0 -66.0808894119168,-55.1033330003177,0 -66.0782118001345,-55.10487840971079,0 -66.0766669995823,-55.1057695236445,0 -66.0718702469143,-55.1085356368101,0 -66.0709089435928,-55.1090922775865,0 -66.0666669997822,-55.1115385666515,0 -66.0661134113049,-55.1127788010008,0 -66.065866828891,-55.1133330001178,0 -66.0652235186504,-55.1147758715092,0 -66.06303052543841,-55.1196977459542,0 -66.0614100424395,-55.123332999918,0 -66.0602137525626,-55.1268803631382,0 -66.0594587483225,-55.13054003099759,0 -66.05868543298629,-55.1333329997181,0 -66.0640595782868,-55.1359404221128,0 -66.0666669997822,-55.13720507035769,0 -66.0711646811051,-55.1378300704014,0 -66.0720466390411,-55.1379521407786,0 -66.0766669995823,-55.13859423063921,0 -66.08082715634821,-55.1391728436517,0 -66.0827784504651,-55.1394438399612,0 -66.08666700028181,-55.1399858316807,0 -66.0895246662303,-55.1404741131897,0 -66.0949555740404,-55.1416215743761,0 -66.09666700008189,-55.1419365160573,0 -66.0977247395051,-55.1422758707348,0 -66.09907544747389,-55.14333300041761,0 -66.10381726865199,-55.1461821210081,0 -66.10666699988209,-55.1478959887089,0 -66.1102454913363,-55.1497538981238,0 -66.11372632630891,-55.1533330002177,0 -66.11538770327989,-55.1546122966201,0 -66.1166669996822,-55.1555986253762,0 -66.1213795245454,-55.1580449144412,0 -66.1218024981867,-55.1581962811334,0 -66.1266670003817,-55.1632670824099,0 -66.12671765919259,-55.1632817305673,0 -66.1267866290996,-55.1633330000179,0 -66.1267341383697,-55.1634013592853,0 -66.1266670003817,-55.16343065649951,0 -66.1236659015601,-55.170332511636,0 -66.12236096998279,-55.1733329998181,0 -66.1197962725799,-55.176462882456,0 -66.1166669996822,-55.17770800012411,0 -66.11348584759379,-55.18015184752971,0 -66.1093446125638,-55.1833329996182,0 -66.10813855784809,-55.1848051682239,0 -66.10666699988209,-55.1853911053152,0 -66.1017011800654,-55.1883671796016,0 -66.10153028099759,-55.1884697185027,0 -66.09666700008189,-55.19138475760041,0 -66.095071540719,-55.19173876133469,0 -66.08684217112931,-55.19315721883051,0 -66.08666700028181,-55.19319384012361,0 -66.0865455396449,-55.19321092994041,0 -66.085579353904,-55.1933330003177,0 -66.0780061116927,-55.1946733319087,0 -66.0766669995823,-55.1949101485844,0 -66.0747523267584,-55.1952470625019,0 -66.06950879719319,-55.1961747968294,0 -66.0666669997822,-55.19667772649591,0 -66.0623866045581,-55.197612784902,0 -66.06120557437769,-55.197871573814,0 -66.056666999982,-55.19886278498951,0 -66.05299939740419,-55.1996660081797,0 -66.04958875271871,-55.2004106369413,0 -66.0466670001819,-55.2010502851425,0 -66.044748054679,-55.20141405461489,0 -66.0367951735583,-55.2032036056618,0 -66.0366670003817,-55.2032304612168,0 -66.03658704435659,-55.20325243345301,0 -66.0360896077491,-55.20333300011781,0 -66.0297712480446,-55.20643846886019,0 -66.02666699968231,-55.207498039303,0 -66.0232337721209,-55.2099003829962,0 -66.0178767166371,-55.212122062783,0 -66.0166669998821,-55.2127275313504,0 -66.0162977373507,-55.2129643480262,0 -66.01572339611781,-55.213332999918,0 -66.0105482258199,-55.2172148362956,0 -66.006667000082,-55.2191508707161,0 -66.00431714621929,-55.2209843671348,0 -66.0013038408995,-55.22333299971811,0 -65.9987000814436,-55.22536669151961,0 -65.9966670002818,-55.2261479415742,0 -65.992146736083,-55.2278520426376,0 -65.99150281520269,-55.22816942597821,0 -65.9866669995823,-55.2294340742231,0 -65.9831471025567,-55.229812491853,0 -65.9798292310342,-55.230171378906,0 -65.9766669997822,-55.2305107344828,0 -65.97412061347551,-55.2307866132116,0 -65.96862073575829,-55.231379875281,0 -65.966666999982,-55.2315898355025,0 -65.9653535230466,-55.23201952348219,0 -65.9613337477542,-55.2333330004176,0 -65.9606727370571,-55.23733934793249,0 -65.9588068929237,-55.2411943278559,0 -65.9581873859391,-55.2433330002177,0 -65.9583332595722,-55.2450004808874,0 -65.958870979512,-55.2511284100481,0 -65.95906446055641,-55.2533330000179,0 -65.95929517353341,-55.25595995298939,0 -65.9596778638423,-55.26032274589801,0 -65.959941536073,-55.263332999818,0 -65.9643391192549,-55.2656621018245,0 -65.966666999982,-55.2668925704357,0 -65.9716309896784,-55.2683696214608,0 -65.97173352857941,-55.26839891777579,0 -65.9766669997822,-55.2698662030628,0 -65.9793397291451,-55.27065966051489,0 -65.9859632647928,-55.272629874569,0 -65.9866669995823,-55.27283739492981,0 -65.9870625079284,-55.2729374921715,0 -65.9891236650251,-55.27333299961819,0 -65.99585523263281,-55.2741459885465,0 -65.9966670002818,-55.2741923746783,0 -65.9979084550112,-55.2745732339675,0 -66.0036597975616,-55.2763408127782,0 -66.006667000082,-55.277263663787,0 -66.0113361893136,-55.27866503146599,0 -66.0127869954235,-55.27945360559939,0 -66.0166669998821,-55.2811552659028,0 -66.01847119908651,-55.2815288011133,0 -66.0265382158659,-55.2832036058617,0 -66.02666699968231,-55.2832304605173,0 -66.02675428068549,-55.28324510957411,0 -66.0272694168501,-55.2833330003177,0 -66.0353071364152,-55.2846928633849,0 -66.0366670003817,-55.2849223550826,0 -66.03886609639321,-55.2855327069688,0 -66.0438978347173,-55.2861015542433,0 -66.0466670001819,-55.2873173746971,0 -66.0498701254059,-55.29012987489371,0 -66.0525391927295,-55.2933330001178,0 -66.05357129697769,-55.2964287031221,0 -66.0554762040635,-55.3021415933598,0 -66.05587354252989,-55.303332999918,0 -66.0553846512806,-55.3046147379797,0 -66.0533332599219,-55.3100004800381,0 -66.05206372835831,-55.3133329997181,0 -66.0501807935088,-55.3168461833047,0 -66.0466670001819,-55.3211479410246,0 -66.04557508112499,-55.3222416911011,0 -66.0444825514286,-55.32333300041761,0 -66.0405750807753,-55.3272416914509,0 -66.0366670003817,-55.3311479417241,0 -66.0359003984846,-55.33256639832061,0 -66.0354865799417,-55.3333330002177,0 -66.035881477648,-55.3341191326918,0 -66.0366670003817,-55.3361479411745,0 -66.0392530593812,-55.3407475507588,0 -66.0398365557124,-55.34333300001791,0 -66.0422572096025,-55.3477421799576,0 -66.0430384596572,-55.349705069933,0 -66.0446772537522,-55.3533329998181,0 -66.04537488574231,-55.35462450361789,0 -66.0466670001819,-55.357014640813,0 -66.04901868416491,-55.3609819253755,0 -66.0500800856274,-55.3633329996182,0 -66.0521040116907,-55.3678959879095,0 -66.05280103304121,-55.3694682537568,0 -66.05451612112201,-55.3733330003176,0 -66.0550874100559,-55.3749125902438,0 -66.056666999982,-55.3787773359053,0 -66.0579578931422,-55.382041496318,0 -66.0584675371471,-55.38333300011781,0 -66.05948743489721,-55.38615282439329,0 -66.0605921710918,-55.3894072190679,0 -66.062113777229,-55.393332999918,0 -66.064463020452,-55.3955375898878,0 -66.0666669997822,-55.3973344650135,0 -66.07100720981489,-55.3989921799451,0 -66.0730964437458,-55.3997612226023,0 -66.0766669995823,-55.4011015550927,0 -66.0783027422777,-55.4016972579221,0 -66.0827876055635,-55.40333299971811,0 -66.08611768358421,-55.4038823164157,0 -66.08666700028181,-55.4039726488186,0 -66.087762581378,-55.404429191454,0 -66.0941621174877,-55.4058378832117,0 -66.09666700008189,-55.407927726883,0 -66.0994398275859,-55.4105595622739,0 -66.1016047439637,-55.4133330004176,0 -66.1040217367137,-55.415979483966,0 -66.10666699988209,-55.4188749924868,0 -66.10910657550799,-55.4208940352315,0 -66.1112495196495,-55.4233330002177,0 -66.1139954915986,-55.426003898561,0 -66.1166669996822,-55.4286039959776,0 -66.119254279961,-55.4307451090995,0 -66.1215278398379,-55.4333330000179,0 -66.1238953932577,-55.43610399650219,0 -66.1266670003817,-55.44066210147469,0 -66.12771680508639,-55.4422831951133,0 -66.12801831809089,-55.443332999818,0 -66.12811292317279,-55.4447783128688,0 -66.1285474935719,-55.4514531170677,0 -66.1286695630499,-55.4533329996182,0 -66.12880933388359,-55.4554741136394,0 -66.12915845519851,-55.4608403242215,0 -66.1293208089082,-55.4633330003177,0 -66.1291804274347,-55.4658452069907,0 -66.1266670003817,-55.4722148361457,0 -66.1264253003873,-55.4733330001178,0 -66.1264124832495,-55.4735869066104,0 -66.1266670003817,-55.4742997964984,0 -66.1302973710268,-55.4797026292729,0 -66.1327375563931,-55.483332999918,0 -66.1343171463192,-55.4856840741606,0 -66.1366670001819,-55.48918016793039,0 -66.1385157544984,-55.4914848551419,0 -66.1399995198619,-55.4933329997181,0 -66.14214002234409,-55.4978593676157,0 -66.1429896316661,-55.499656241842,0 -66.1447285230029,-55.50333300041761,0 -66.1442683183282,-55.5057304607921,0 -66.1434480062205,-55.5101152268362,0 -66.1428236159171,-55.5133330002177,0 -66.14186231259561,-55.5181376876042,0 -66.14179761536759,-55.5184623941241,0 -66.140823494009,-55.52333300001791,0 -66.1401307453376,-55.5267973558133,0 -66.1393623124208,-55.5306376875792,0 -66.1388233721009,-55.5333329998181,0 -66.1413667070079,-55.5380327066441,0 -66.14157727876839,-55.5384233316714,0 -66.1450892410756,-55.5449101487843,0 -66.146666999982,-55.5478276286421,0 -66.1487098468819,-55.5512895427781,0 -66.1502345053181,-55.5533330003177,0 -66.1531806717505,-55.5568193283493,0 -66.1566669997821,-55.5609453045821,0 -66.1577607498587,-55.56223925004129,0 -66.1586848221468,-55.56333300011779,0 -66.1643024984615,-55.565698722518,0 -66.1666669995823,-55.56669237535279,0 -66.1710377272093,-55.5677031171051,0 -66.1720600666187,-55.5679399337809,0 -66.1766670002818,-55.5690043866431,0 -66.180182014888,-55.5698173746721,0 -66.18404554016951,-55.5707109293659,0 -66.186667000082,-55.5713188395927,0 -66.1881751784417,-55.57182421091861,0 -66.19123914347161,-55.573332999918,0 -66.1948872145733,-55.5751127852268,0 -66.1966669998821,-55.5767802658965,0 -66.1995704422221,-55.58043016801779,0 -66.201881843772,-55.58333299971811,0 -66.2040022050377,-55.5859965739826,0 -66.2066669996822,-55.5893461834796,0 -66.2084278641545,-55.59157274568561,0 -66.2098194660954,-55.5933330004176,0 -66.2110548171261,-55.5977202072218,0 -66.21132398241581,-55.5986772378642,0 -66.21263501769189,-55.6033330002177,0 -66.210103889283,-55.60677049955891,0 -66.2066669996822,-55.6114360276505,0 -66.20585950471239,-55.6125248944083,0 -66.2052607495839,-55.6133330000179,0 -66.20160169236421,-55.6182670818603,0 -66.201227546514,-55.61877245318609,0 -66.1978461990428,-55.623332999818,0 -66.1974470295567,-55.6241142498727,0 -66.1966669998821,-55.62492723790171,0 -66.1930756912901,-55.6297416910262,0 -66.1904108966455,-55.6333329996182,0 -66.19132581383521,-55.6379912027318,0 -66.1914057698604,-55.6385942305392,0 -66.19249585699821,-55.6433330003177,0 -66.19359571077339,-55.6464042894264,0 -66.19637769337579,-55.6530449139916,0 -66.196491218395,-55.6533330001178,0 -66.1966669998821,-55.6537333908832,0 -66.2001960529055,-55.6598051681739,0 -66.2022474442641,-55.663332999918,0 -66.20415296198961,-55.66584764825029,0 -66.2066669996822,-55.6725273357679,0 -66.20696057886759,-55.67304003117239,0 -66.2071290362759,-55.6733329997181,0 -66.2117085037444,-55.67829149635541,0 -66.2117567217952,-55.6784233324708,0 -66.21424939789139,-55.68333300041759,0 -66.2152717364015,-55.68472948477779,0 -66.2166670003817,-55.6866313395647,0 -66.2199238358163,-55.69007616388379,0 -66.22157727806891,-55.6933330002178,0 -66.2241541828692,-55.6958452068907,0 -66.22666700018191,-55.6982963792744,0 -66.2295094073332,-55.7004912035062,0 -66.2312281574535,-55.70333300001791,0 -66.23420484148021,-55.7057939372403,0 -66.23666699998201,-55.7079960855509,0 -66.2399763261465,-55.71002489493291,0 -66.2430341874777,-55.713332999818,0 -66.2450105061299,-55.7149882730903,0 -66.24666699978221,-55.7163774333718,0 -66.2509797445196,-55.7190190354001,0 -66.2549653401783,-55.72333299961821,0 -66.2558912434861,-55.7241093672534,0 -66.25666699958229,-55.7247587811927,0 -66.26034864057731,-55.72701464061311,0 -66.2621064527506,-55.72789354714941,0 -66.2666670002818,-55.7329814373434,0 -66.2668971026192,-55.73310350772069,0 -66.2670332105142,-55.7333330003176,0 -66.2675800855525,-55.7342460855883,0 -66.2708405839257,-55.7391606368539,0 -66.2726460035102,-55.74333300011779,0 -66.2741077957381,-55.745891593822,0 -66.2766670000819,-55.750371573789,0 -66.27784864090199,-55.7521513590979,0 -66.2783595052869,-55.753332999918,0 -66.2806165850873,-55.757283195563,0 -66.28138074532509,-55.7586186447346,0 -66.2840736159046,-55.76333299971811,0 -66.28453626313799,-55.7654643480012,0 -66.2861262285426,-55.77279100779869,0 -66.28624341560111,-55.7733330004176,0 -66.2862672197563,-55.7737333902837,0 -66.2866669998821,-55.7786699137854,0 -66.2870368730532,-55.7829619066666,0 -66.28708692212371,-55.7833330002177,0 -66.2871796952867,-55.7838456956223,0 -66.28854993473171,-55.791450675808,0 -66.2888886796688,-55.7933330000179,0 -66.29180738080591,-55.79819139851419,0 -66.2922297438076,-55.7988945235634,0 -66.2948945393514,-55.8033329998181,0 -66.29589856766469,-55.8041020433745,0 -66.2966669996823,-55.80484667213619,0 -66.3012415847313,-55.8087578048288,0 -66.3056855549444,-55.8133329996182,0 -66.3061909253709,-55.813809074629,0 -66.30666700038169,-55.8142558515263,0 -66.3109296951493,-55.8175956952851,0 -66.3117658766938,-55.8182329027263,0 -66.31666700018189,-55.8228691327043,0 -66.31695081362911,-55.8230497966108,0 -66.31721753725949,-55.8233330003177,0 -66.3225776441429,-55.8274223552575,0 -66.326666999982,-55.8312895425783,0 -66.3279310384866,-55.8320683518729,0 -66.3289039385659,-55.8333330001178,0 -66.3303632891344,-55.8370292892702,0 -66.33087720491901,-55.83912401536101,0 -66.3336323319665,-55.84333299991791,0 -66.3350782547576,-55.8449223555822,0 -66.3366669997822,-55.84666796125741,0 -66.3398762287049,-55.8501249920747,0 -66.34309461272611,-55.8533329997181,0 -66.34484815222039,-55.8551518479794,0 -66.3466669995823,-55.85703661294931,0 -66.3496980062579,-55.8603032150213,0 -66.352737556493,-55.86333300041759,0 -66.35475904089699,-55.8652397385231,0 -66.3566670002818,-55.8670414960682,0 -66.35977368940419,-55.8702275314753,0 -66.36275342573001,-55.8733330002178,0 -66.3646095050246,-55.87539110591481,0 -66.366667000082,-55.87777880055111,0 -66.36916700025679,-55.88083299984299,0 -66.37101453419341,-55.88333300001789,0 -66.3734962232721,-55.88650438636831,0 -66.3766669998821,-55.890554679255,0 -66.3779169999696,-55.8920829997306,0 -66.378840461618,-55.893332999818,0 -66.382240730825,-55.8977592695746,0 -66.38604016861881,-55.90270555881439,0 -66.38652173668871,-55.90333299961821,0 -66.386580330218,-55.9034208903618,0 -66.38666699968221,-55.9035307542409,0 -66.39083326014681,-55.9091655194731,0 -66.3939130937143,-55.9133330003177,0 -66.3950214919482,-55.9149785078518,0 -66.3966670003817,-55.9170585857851,0 -66.39986646266711,-55.9201323165531,0 -66.4031971513274,-55.92333300011779,0 -66.4049409259829,-55.9250590743168,0 -66.4066670001819,-55.926316398483,0 -66.411186653741,-55.9288139569985,0 -66.4131586988149,-55.9298246996501,0 -66.416666999982,-55.9316655192483,0 -66.4177778398754,-55.9322221600247,0 -66.419999519662,-55.933332999918,0 -66.42303052543841,-55.9369706955411,0 -66.4266669997822,-55.9413334884497,0 -66.4275440752988,-55.9424565348411,0 -66.4283906332211,-55.94333299971809,0 -66.4322218098886,-55.9477788009509,0 -66.4366669995823,-55.95293505041221,0 -66.43684827412849,-55.9531523356118,0 -66.4370362630131,-55.9533330004176,0 -66.4416541827943,-55.9583207933699,0 -66.44166638929239,-55.958332999868,0 -66.44629590583131,-55.9633330002177,0 -66.4465424882452,-55.963457511355,0 -66.44666700028181,-55.96352098820299,0 -66.44704297625231,-55.96370897618829,0 -66.4531953202078,-55.9668046800919,0 -66.45666700008189,-55.9685502848677,0 -66.45934034008459,-55.97065966001529,0 -66.461634041178,-55.9733330000179,0 -66.46373975428619,-55.97626024651311,0 -66.46666699988209,-55.9817216719176,0 -66.4673609698328,-55.982639640507,0 -66.4678858717356,-55.9833329998181,0 -66.4716670002318,-55.9883330001678,0 -66.4754469074488,-55.9933329996182,0 -66.47614575981891,-55.9938530191015,0 -66.47666699968229,-55.9942412033688,0 -66.48023999807739,-55.9969072183933,0 -66.4818751301331,-55.9981254805065,0 -66.4866670003817,-56.0016972576223,0 -66.4876038898076,-56.0023955002521,0 -66.48886121397381,-56.0033330003177,0 -66.49385938240449,-56.0061406171957,0 -66.4966670001819,-56.01077684807299,0 -66.4977314530441,-56.0122685472556,0 -66.498412605857,-56.0133330001178,0 -66.5017609940746,-56.0182377847459,0 -66.502165657519,-56.0188310468153,0 -66.5058180012997,-56.02418260924,0 -66.506666999982,-56.025427726908,0 -66.51057508127499,-56.0294243086848,0 -66.51439405054499,-56.0333329997181,0 -66.5161115802852,-56.0338896404945,0 -66.5166669997821,-56.0340678636409,0 -66.5178767165372,-56.0345439377525,0 -66.5235029373107,-56.0364970628891,0 -66.5266669995823,-56.0379350509618,0 -66.5301948322257,-56.0398051677742,0 -66.5337293783081,-56.04333300041759,0 -66.53511426591059,-56.04488573478881,0 -66.5366670002818,-56.0466264571452,0 -66.54049512465021,-56.04950487495,0 -66.5444440999153,-56.0533330002177,0 -66.5456373365938,-56.0543632734463,0 -66.5466670000819,-56.0552495040614,0 -66.5512800374437,-56.0587187422761,0 -66.556038337799,-56.06333300001789,0 -66.5564289628263,-56.0635698166936,0 -66.5566669998821,-56.0637163009665,0 -66.5574830402101,-56.06414842970619,0 -66.5630946119268,-56.0669047771337,0 -66.5666669996822,-56.0691533124754,0 -66.5702753980911,-56.0697246014092,0 -66.5736231765683,-56.0702885662643,0 -66.5766670003817,-56.07077928943261,0 -66.57884839683599,-56.0711528246431,0 -66.5856422200124,-56.0723076090089,0 -66.5866670001819,-56.072483390496,0 -66.58732129654059,-56.07267870345941,0 -66.58864881189309,-56.073332999818,0 -66.5940089187765,-56.0759916916632,0 -66.59666699998201,-56.0790068280027,0 -66.59886914829249,-56.0811308513077,0 -66.6011506428878,-56.08333299961821,0 -66.6039582597658,-56.0860405192545,0 -66.60666699978221,-56.08865526572791,0 -66.60947339628019,-56.09052538254031,0 -66.6136836012172,-56.0933330003177,0 -66.61306714653151,-56.0997319257877,0 -66.6127198562363,-56.1033330001178,0 -66.6080781331992,-56.1047441326356,0 -66.60666699978221,-56.1051738206153,0 -66.6033808671333,-56.1066191327667,0 -66.59666699998201,-56.1095732348169,0 -66.5944709553702,-56.11113573402681,0 -66.59138623848411,-56.113332999918,0 -66.58855909012991,-56.115225089866,0 -66.5866670001819,-56.11631151586369,0 -66.58166699983209,-56.1183330002677,0 -66.5766670003817,-56.1199809494612,0 -66.5739570390861,-56.1206230393217,0 -66.5679548414427,-56.122046379237,0 -66.5666669996822,-56.1223515542808,0 -66.5658210523996,-56.1224882737148,0 -66.5605958330312,-56.12333299971809,0 -66.55721448556,-56.1238798747564,0 -66.5566669998821,-56.12396776549989,0 -66.5559083327033,-56.1240922775365,0 -66.5486073071814,-56.1252739183566,0 -66.5466670000819,-56.1255864183785,0 -66.54405530590761,-56.1259453045321,0 -66.5397700273649,-56.1264360277005,0 -66.5366670002818,-56.1268828045977,0 -66.5328083574197,-56.12719286296019,0 -66.53076123784081,-56.1274272379766,0 -66.5266669995823,-56.12773241391971,0 -66.52226026130199,-56.1277397379985,0 -66.5211036459165,-56.12776903521271,0 -66.5166669997821,-56.1277763592915,0 -66.5123158036314,-56.1276835861286,0 -66.5109895095582,-56.1276542889142,0 -66.506666999982,-56.1275615157513,0 -66.50255567190671,-56.1274443277935,0 -66.5007258375273,-56.1273930583429,0 -66.4966670001819,-56.1272758712844,0 -66.49288709296491,-56.1271122971947,0 -66.49033765435919,-56.1270024333156,0 -66.4866670003817,-56.1268461833047,0 -66.48329907978869,-56.1266996990319,0 -66.47988782536279,-56.126553214759,0 -66.47666699968229,-56.12641649622431,0 -66.47339978786989,-56.1265996017901,0 -66.47036450941449,-56.1270292888705,0 -66.46666699988209,-56.1272050703577,0 -66.46303723897729,-56.1297026288732,0 -66.46117810828299,-56.1333330004176,0 -66.4646272052813,-56.1353740153984,0 -66.46666699988209,-56.13658007011409,0 -66.4698530352893,-56.1365190349255,0 -66.47355176520171,-56.1364482339987,0 -66.47666699968229,-56.1363896404695,0 -66.47966626748421,-56.1363334885996,0 -66.4837452469455,-56.1362553635941,0 -66.4866670003817,-56.1361992108249,0 -66.4897932209803,-56.1364579997369,0 -66.4936219559884,-56.1363774339713,0 -66.4966670001819,-56.13669725807191,0 -66.5006696856574,-56.1373344646138,0 -66.5027039871992,-56.1372954025608,0 -66.506666999982,-56.13827196467939,0 -66.5114082105205,-56.13859178878,0 -66.5120301591645,-56.1386967693404,0 -66.5166669997821,-56.13907274621021,0 -66.52102307925171,-56.1389775313879,0 -66.5222828450772,-56.1389482341736,0 -66.5266669995823,-56.138850577692,0 -66.5309882887785,-56.1390117110216,0 -66.53239820091621,-56.1390629804721,0 -66.5366670002818,-56.1392216721424,0 -66.5402247389805,-56.1397758712594,0 -66.54364087672499,-56.1403080972408,0 -66.5466670000819,-56.1407768472736,0 -66.54887830349089,-56.1411210861692,0 -66.555482918302,-56.14214891773829,0 -66.5566669998821,-56.1423320233042,0 -66.557404304565,-56.1425956955349,0 -66.55846631666709,-56.1433330002178,0 -66.562724739655,-56.1472758708847,0 -66.5666669996822,-56.150925773006,0 -66.5680720294006,-56.1519267499195,0 -66.5700428540944,-56.1533330000179,0 -66.57391004231449,-56.15608934744541,0 -66.5766670003817,-56.1580546799794,0 -66.5772570140999,-56.1584755339187,0 
				</coordinates>
			</LineString>
		</MultiGeometry>
		<atom:link rel="app" href="https://www.google.com/earth/about/versions/#earth-pro" title="Google Earth Pro 7.3.6.10201"></atom:link>
	</Placemark>
</Document>
</kml>
